"Factor","Chisq","Df","Pr(>Chisq)"
"temp",287.088757379472,27,2.67866850288859e-45
"symbiosis",173.768232441458,27,2.17189213447528e-23
"day_cat",1801.7732570867,52,0
"temp:symbiosis",38.1268751429615,13,0.000275260676795491
"temp:day_cat",236.543973002248,26,7.5056076723385e-36
"symbiosis:day_cat",170.146028816432,26,3.94015751945023e-23
"temp:symbiosis:day_cat",33.3650912961116,14,0.00255135684159326
