"Factor","Sum Sq","Df","F value","Pr(>F)"
"treatment",4676.27240794358,1,99.1438732757943,1.68307932691578e-20
"day",1150.88726510906,7,3.48578682251489,0.00129101603998049
"treatment:day",2566.50122908965,7,7.77337314917741,1.09754232957262e-08
"Residuals",14951.7898014182,317,NA,NA
