"Factor","Sum Sq","Df","F value","Pr(>F)"
"treatment",26471.1235044351,1,319.486943581037,2.90946412252586e-47
"day",2329.96037881487,7,4.01727198517045,0.000338324715182399
"treatment:day",1009.34669592759,7,1.74029577573192,0.0998962135405113
"Residuals",21708.0368932286,262,NA,NA
