ID,plate,treatment,line,symbiosis,well,temp,lacerate,day,tent_count,day_cat
Plate 1_A1_Sym_25C,Plate 1,H2-Sym-25C,H2,Sym,A1,25C (ambient),1,0,0,day_0
Plate 1_A1_Sym_25C,Plate 1,H2-Sym-25C,H2,Sym,A1,25C (ambient),1,3,0,day_3
Plate 1_A1_Sym_25C,Plate 1,H2-Sym-25C,H2,Sym,A1,25C (ambient),1,4,na,day_4
Plate 1_A1_Sym_25C,Plate 1,H2-Sym-25C,H2,Sym,A1,25C (ambient),1,5,na,day_5
Plate 1_A1_Sym_25C,Plate 1,H2-Sym-25C,H2,Sym,A1,25C (ambient),1,6,na,day_6
Plate 1_A1_Sym_25C,Plate 1,H2-Sym-25C,H2,Sym,A1,25C (ambient),1,7,na,day_7
Plate 1_A1_Sym_25C,Plate 1,H2-Sym-25C,H2,Sym,A1,25C (ambient),1,8,na,day_8
Plate 1_A1_Sym_25C,Plate 1,H2-Sym-25C,H2,Sym,A1,25C (ambient),1,9,na,day_9
Plate 1_A1_Sym_25C,Plate 1,H2-Sym-25C,H2,Sym,A1,25C (ambient),1,10,na,day_10
Plate 1_A1_Sym_25C,Plate 1,H2-Sym-25C,H2,Sym,A1,25C (ambient),1,11,na,day_11
Plate 1_A1_Sym_25C,Plate 1,H2-Sym-25C,H2,Sym,A1,25C (ambient),1,13,na,day_13
Plate 1_A1_Sym_25C,Plate 1,H2-Sym-25C,H2,Sym,A1,25C (ambient),1,14,na,day_14
Plate 1_A1_Sym_25C,Plate 1,H2-Sym-25C,H2,Sym,A1,25C (ambient),1,21,na,day_21
Plate 1_A1_Sym_25C,Plate 1,H2-Sym-25C,H2,Sym,A1,25C (ambient),2,0,0,day_0
Plate 1_A1_Sym_25C,Plate 1,H2-Sym-25C,H2,Sym,A1,25C (ambient),2,3,0,day_3
Plate 1_A1_Sym_25C,Plate 1,H2-Sym-25C,H2,Sym,A1,25C (ambient),2,4,na,day_4
Plate 1_A1_Sym_25C,Plate 1,H2-Sym-25C,H2,Sym,A1,25C (ambient),2,5,na,day_5
Plate 1_A1_Sym_25C,Plate 1,H2-Sym-25C,H2,Sym,A1,25C (ambient),2,6,na,day_6
Plate 1_A1_Sym_25C,Plate 1,H2-Sym-25C,H2,Sym,A1,25C (ambient),2,7,na,day_7
Plate 1_A1_Sym_25C,Plate 1,H2-Sym-25C,H2,Sym,A1,25C (ambient),2,8,na,day_8
Plate 1_A1_Sym_25C,Plate 1,H2-Sym-25C,H2,Sym,A1,25C (ambient),2,9,na,day_9
Plate 1_A1_Sym_25C,Plate 1,H2-Sym-25C,H2,Sym,A1,25C (ambient),2,10,na,day_10
Plate 1_A1_Sym_25C,Plate 1,H2-Sym-25C,H2,Sym,A1,25C (ambient),2,11,na,day_11
Plate 1_A1_Sym_25C,Plate 1,H2-Sym-25C,H2,Sym,A1,25C (ambient),2,13,na,day_13
Plate 1_A1_Sym_25C,Plate 1,H2-Sym-25C,H2,Sym,A1,25C (ambient),2,14,na,day_14
Plate 1_A1_Sym_25C,Plate 1,H2-Sym-25C,H2,Sym,A1,25C (ambient),2,21,na,day_21
Plate 1_A2_Sym_25C,Plate 1,H2-Sym-25C,H2,Sym,A2,25C (ambient),1,0,0,day_0
Plate 1_A2_Sym_25C,Plate 1,H2-Sym-25C,H2,Sym,A2,25C (ambient),1,3,0,day_3
Plate 1_A2_Sym_25C,Plate 1,H2-Sym-25C,H2,Sym,A2,25C (ambient),1,4,na,day_4
Plate 1_A2_Sym_25C,Plate 1,H2-Sym-25C,H2,Sym,A2,25C (ambient),1,5,na,day_5
Plate 1_A2_Sym_25C,Plate 1,H2-Sym-25C,H2,Sym,A2,25C (ambient),1,6,na,day_6
Plate 1_A2_Sym_25C,Plate 1,H2-Sym-25C,H2,Sym,A2,25C (ambient),1,7,na,day_7
Plate 1_A2_Sym_25C,Plate 1,H2-Sym-25C,H2,Sym,A2,25C (ambient),1,8,na,day_8
Plate 1_A2_Sym_25C,Plate 1,H2-Sym-25C,H2,Sym,A2,25C (ambient),1,9,na,day_9
Plate 1_A2_Sym_25C,Plate 1,H2-Sym-25C,H2,Sym,A2,25C (ambient),1,10,na,day_10
Plate 1_A2_Sym_25C,Plate 1,H2-Sym-25C,H2,Sym,A2,25C (ambient),1,11,na,day_11
Plate 1_A2_Sym_25C,Plate 1,H2-Sym-25C,H2,Sym,A2,25C (ambient),1,13,na,day_13
Plate 1_A2_Sym_25C,Plate 1,H2-Sym-25C,H2,Sym,A2,25C (ambient),1,14,na,day_14
Plate 1_A2_Sym_25C,Plate 1,H2-Sym-25C,H2,Sym,A2,25C (ambient),1,21,na,day_21
Plate 1_A3_Sym_25C,Plate 1,H2-Sym-25C,H2,Sym,A3,25C (ambient),1,0,0,day_0
Plate 1_A3_Sym_25C,Plate 1,H2-Sym-25C,H2,Sym,A3,25C (ambient),1,3,0,day_3
Plate 1_A3_Sym_25C,Plate 1,H2-Sym-25C,H2,Sym,A3,25C (ambient),1,4,0,day_4
Plate 1_A3_Sym_25C,Plate 1,H2-Sym-25C,H2,Sym,A3,25C (ambient),1,5,0,day_5
Plate 1_A3_Sym_25C,Plate 1,H2-Sym-25C,H2,Sym,A3,25C (ambient),1,6,0,day_6
Plate 1_A3_Sym_25C,Plate 1,H2-Sym-25C,H2,Sym,A3,25C (ambient),1,7,0,day_7
Plate 1_A3_Sym_25C,Plate 1,H2-Sym-25C,H2,Sym,A3,25C (ambient),1,8,0,day_8
Plate 1_A3_Sym_25C,Plate 1,H2-Sym-25C,H2,Sym,A3,25C (ambient),1,9,na,day_9
Plate 1_A3_Sym_25C,Plate 1,H2-Sym-25C,H2,Sym,A3,25C (ambient),1,10,na,day_10
Plate 1_A3_Sym_25C,Plate 1,H2-Sym-25C,H2,Sym,A3,25C (ambient),1,11,na,day_11
Plate 1_A3_Sym_25C,Plate 1,H2-Sym-25C,H2,Sym,A3,25C (ambient),1,13,na,day_13
Plate 1_A3_Sym_25C,Plate 1,H2-Sym-25C,H2,Sym,A3,25C (ambient),1,14,na,day_14
Plate 1_A3_Sym_25C,Plate 1,H2-Sym-25C,H2,Sym,A3,25C (ambient),1,21,na,day_21
Plate 1_A3_Sym_25C,Plate 1,H2-Sym-25C,H2,Sym,A3,25C (ambient),2,0,0,day_0
Plate 1_A3_Sym_25C,Plate 1,H2-Sym-25C,H2,Sym,A3,25C (ambient),2,3,0,day_3
Plate 1_A3_Sym_25C,Plate 1,H2-Sym-25C,H2,Sym,A3,25C (ambient),2,4,na,day_4
Plate 1_A3_Sym_25C,Plate 1,H2-Sym-25C,H2,Sym,A3,25C (ambient),2,5,na,day_5
Plate 1_A3_Sym_25C,Plate 1,H2-Sym-25C,H2,Sym,A3,25C (ambient),2,6,na,day_6
Plate 1_A3_Sym_25C,Plate 1,H2-Sym-25C,H2,Sym,A3,25C (ambient),2,7,na,day_7
Plate 1_A3_Sym_25C,Plate 1,H2-Sym-25C,H2,Sym,A3,25C (ambient),2,8,na,day_8
Plate 1_A3_Sym_25C,Plate 1,H2-Sym-25C,H2,Sym,A3,25C (ambient),2,9,na,day_9
Plate 1_A3_Sym_25C,Plate 1,H2-Sym-25C,H2,Sym,A3,25C (ambient),2,10,na,day_10
Plate 1_A3_Sym_25C,Plate 1,H2-Sym-25C,H2,Sym,A3,25C (ambient),2,11,na,day_11
Plate 1_A3_Sym_25C,Plate 1,H2-Sym-25C,H2,Sym,A3,25C (ambient),2,13,na,day_13
Plate 1_A3_Sym_25C,Plate 1,H2-Sym-25C,H2,Sym,A3,25C (ambient),2,14,na,day_14
Plate 1_A3_Sym_25C,Plate 1,H2-Sym-25C,H2,Sym,A3,25C (ambient),2,21,na,day_21
Plate 1_A4_Sym_25C,Plate 1,H2-Sym-25C,H2,Sym,A4,25C (ambient),1,0,0,day_0
Plate 1_A4_Sym_25C,Plate 1,H2-Sym-25C,H2,Sym,A4,25C (ambient),1,3,0,day_3
Plate 1_A4_Sym_25C,Plate 1,H2-Sym-25C,H2,Sym,A4,25C (ambient),1,4,0,day_4
Plate 1_A4_Sym_25C,Plate 1,H2-Sym-25C,H2,Sym,A4,25C (ambient),1,5,0,day_5
Plate 1_A4_Sym_25C,Plate 1,H2-Sym-25C,H2,Sym,A4,25C (ambient),1,6,0,day_6
Plate 1_A4_Sym_25C,Plate 1,H2-Sym-25C,H2,Sym,A4,25C (ambient),1,7,0,day_7
Plate 1_A4_Sym_25C,Plate 1,H2-Sym-25C,H2,Sym,A4,25C (ambient),1,8,0,day_8
Plate 1_A4_Sym_25C,Plate 1,H2-Sym-25C,H2,Sym,A4,25C (ambient),1,9,0,day_9
Plate 1_A4_Sym_25C,Plate 1,H2-Sym-25C,H2,Sym,A4,25C (ambient),1,10,0,day_10
Plate 1_A4_Sym_25C,Plate 1,H2-Sym-25C,H2,Sym,A4,25C (ambient),1,11,0,day_11
Plate 1_A4_Sym_25C,Plate 1,H2-Sym-25C,H2,Sym,A4,25C (ambient),1,13,0,day_13
Plate 1_A4_Sym_25C,Plate 1,H2-Sym-25C,H2,Sym,A4,25C (ambient),1,14,0,day_14
Plate 1_A4_Sym_25C,Plate 1,H2-Sym-25C,H2,Sym,A4,25C (ambient),1,21,0,day_21
Plate 1_A5_Sym_25C,Plate 1,H2-Sym-25C,H2,Sym,A5,25C (ambient),1,0,0,day_0
Plate 1_A5_Sym_25C,Plate 1,H2-Sym-25C,H2,Sym,A5,25C (ambient),1,3,0,day_3
Plate 1_A5_Sym_25C,Plate 1,H2-Sym-25C,H2,Sym,A5,25C (ambient),1,4,na,day_4
Plate 1_A5_Sym_25C,Plate 1,H2-Sym-25C,H2,Sym,A5,25C (ambient),1,5,na,day_5
Plate 1_A5_Sym_25C,Plate 1,H2-Sym-25C,H2,Sym,A5,25C (ambient),1,6,na,day_6
Plate 1_A5_Sym_25C,Plate 1,H2-Sym-25C,H2,Sym,A5,25C (ambient),1,7,na,day_7
Plate 1_A5_Sym_25C,Plate 1,H2-Sym-25C,H2,Sym,A5,25C (ambient),1,8,na,day_8
Plate 1_A5_Sym_25C,Plate 1,H2-Sym-25C,H2,Sym,A5,25C (ambient),1,9,na,day_9
Plate 1_A5_Sym_25C,Plate 1,H2-Sym-25C,H2,Sym,A5,25C (ambient),1,10,na,day_10
Plate 1_A5_Sym_25C,Plate 1,H2-Sym-25C,H2,Sym,A5,25C (ambient),1,11,na,day_11
Plate 1_A5_Sym_25C,Plate 1,H2-Sym-25C,H2,Sym,A5,25C (ambient),1,13,na,day_13
Plate 1_A5_Sym_25C,Plate 1,H2-Sym-25C,H2,Sym,A5,25C (ambient),1,14,na,day_14
Plate 1_A5_Sym_25C,Plate 1,H2-Sym-25C,H2,Sym,A5,25C (ambient),1,21,na,day_21
Plate 1_A6_Sym_25C,Plate 1,H2-Sym-25C,H2,Sym,A6,25C (ambient),1,0,0,day_0
Plate 1_A6_Sym_25C,Plate 1,H2-Sym-25C,H2,Sym,A6,25C (ambient),1,3,na,day_3
Plate 1_A6_Sym_25C,Plate 1,H2-Sym-25C,H2,Sym,A6,25C (ambient),1,4,na,day_4
Plate 1_A6_Sym_25C,Plate 1,H2-Sym-25C,H2,Sym,A6,25C (ambient),1,5,na,day_5
Plate 1_A6_Sym_25C,Plate 1,H2-Sym-25C,H2,Sym,A6,25C (ambient),1,6,na,day_6
Plate 1_A6_Sym_25C,Plate 1,H2-Sym-25C,H2,Sym,A6,25C (ambient),1,7,na,day_7
Plate 1_A6_Sym_25C,Plate 1,H2-Sym-25C,H2,Sym,A6,25C (ambient),1,8,na,day_8
Plate 1_A6_Sym_25C,Plate 1,H2-Sym-25C,H2,Sym,A6,25C (ambient),1,9,na,day_9
Plate 1_A6_Sym_25C,Plate 1,H2-Sym-25C,H2,Sym,A6,25C (ambient),1,10,na,day_10
Plate 1_A6_Sym_25C,Plate 1,H2-Sym-25C,H2,Sym,A6,25C (ambient),1,11,na,day_11
Plate 1_A6_Sym_25C,Plate 1,H2-Sym-25C,H2,Sym,A6,25C (ambient),1,13,na,day_13
Plate 1_A6_Sym_25C,Plate 1,H2-Sym-25C,H2,Sym,A6,25C (ambient),1,14,na,day_14
Plate 1_A6_Sym_25C,Plate 1,H2-Sym-25C,H2,Sym,A6,25C (ambient),1,21,na,day_21
Plate 1_A6_Sym_25C,Plate 1,H2-Sym-25C,H2,Sym,A6,25C (ambient),2,0,0,day_0
Plate 1_A6_Sym_25C,Plate 1,H2-Sym-25C,H2,Sym,A6,25C (ambient),2,3,na,day_3
Plate 1_A6_Sym_25C,Plate 1,H2-Sym-25C,H2,Sym,A6,25C (ambient),2,4,na,day_4
Plate 1_A6_Sym_25C,Plate 1,H2-Sym-25C,H2,Sym,A6,25C (ambient),2,5,na,day_5
Plate 1_A6_Sym_25C,Plate 1,H2-Sym-25C,H2,Sym,A6,25C (ambient),2,6,na,day_6
Plate 1_A6_Sym_25C,Plate 1,H2-Sym-25C,H2,Sym,A6,25C (ambient),2,7,na,day_7
Plate 1_A6_Sym_25C,Plate 1,H2-Sym-25C,H2,Sym,A6,25C (ambient),2,8,na,day_8
Plate 1_A6_Sym_25C,Plate 1,H2-Sym-25C,H2,Sym,A6,25C (ambient),2,9,na,day_9
Plate 1_A6_Sym_25C,Plate 1,H2-Sym-25C,H2,Sym,A6,25C (ambient),2,10,na,day_10
Plate 1_A6_Sym_25C,Plate 1,H2-Sym-25C,H2,Sym,A6,25C (ambient),2,11,na,day_11
Plate 1_A6_Sym_25C,Plate 1,H2-Sym-25C,H2,Sym,A6,25C (ambient),2,13,na,day_13
Plate 1_A6_Sym_25C,Plate 1,H2-Sym-25C,H2,Sym,A6,25C (ambient),2,14,na,day_14
Plate 1_A6_Sym_25C,Plate 1,H2-Sym-25C,H2,Sym,A6,25C (ambient),2,21,na,day_21
Plate 1_B1_Sym_25C,Plate 1,H2-Sym-25C,H2,Sym,B1,25C (ambient),1,0,0,day_0
Plate 1_B1_Sym_25C,Plate 1,H2-Sym-25C,H2,Sym,B1,25C (ambient),1,3,0,day_3
Plate 1_B1_Sym_25C,Plate 1,H2-Sym-25C,H2,Sym,B1,25C (ambient),1,4,na,day_4
Plate 1_B1_Sym_25C,Plate 1,H2-Sym-25C,H2,Sym,B1,25C (ambient),1,5,na,day_5
Plate 1_B1_Sym_25C,Plate 1,H2-Sym-25C,H2,Sym,B1,25C (ambient),1,6,na,day_6
Plate 1_B1_Sym_25C,Plate 1,H2-Sym-25C,H2,Sym,B1,25C (ambient),1,7,na,day_7
Plate 1_B1_Sym_25C,Plate 1,H2-Sym-25C,H2,Sym,B1,25C (ambient),1,8,na,day_8
Plate 1_B1_Sym_25C,Plate 1,H2-Sym-25C,H2,Sym,B1,25C (ambient),1,9,na,day_9
Plate 1_B1_Sym_25C,Plate 1,H2-Sym-25C,H2,Sym,B1,25C (ambient),1,10,na,day_10
Plate 1_B1_Sym_25C,Plate 1,H2-Sym-25C,H2,Sym,B1,25C (ambient),1,11,na,day_11
Plate 1_B1_Sym_25C,Plate 1,H2-Sym-25C,H2,Sym,B1,25C (ambient),1,13,na,day_13
Plate 1_B1_Sym_25C,Plate 1,H2-Sym-25C,H2,Sym,B1,25C (ambient),1,14,na,day_14
Plate 1_B1_Sym_25C,Plate 1,H2-Sym-25C,H2,Sym,B1,25C (ambient),1,21,na,day_21
Plate 1_B2_Sym_25C,Plate 1,H2-Sym-25C,H2,Sym,B2,25C (ambient),1,0,0,day_0
Plate 1_B2_Sym_25C,Plate 1,H2-Sym-25C,H2,Sym,B2,25C (ambient),1,3,0,day_3
Plate 1_B2_Sym_25C,Plate 1,H2-Sym-25C,H2,Sym,B2,25C (ambient),1,4,na,day_4
Plate 1_B2_Sym_25C,Plate 1,H2-Sym-25C,H2,Sym,B2,25C (ambient),1,5,na,day_5
Plate 1_B2_Sym_25C,Plate 1,H2-Sym-25C,H2,Sym,B2,25C (ambient),1,6,na,day_6
Plate 1_B2_Sym_25C,Plate 1,H2-Sym-25C,H2,Sym,B2,25C (ambient),1,7,na,day_7
Plate 1_B2_Sym_25C,Plate 1,H2-Sym-25C,H2,Sym,B2,25C (ambient),1,8,na,day_8
Plate 1_B2_Sym_25C,Plate 1,H2-Sym-25C,H2,Sym,B2,25C (ambient),1,9,na,day_9
Plate 1_B2_Sym_25C,Plate 1,H2-Sym-25C,H2,Sym,B2,25C (ambient),1,10,na,day_10
Plate 1_B2_Sym_25C,Plate 1,H2-Sym-25C,H2,Sym,B2,25C (ambient),1,11,na,day_11
Plate 1_B2_Sym_25C,Plate 1,H2-Sym-25C,H2,Sym,B2,25C (ambient),1,13,na,day_13
Plate 1_B2_Sym_25C,Plate 1,H2-Sym-25C,H2,Sym,B2,25C (ambient),1,14,na,day_14
Plate 1_B2_Sym_25C,Plate 1,H2-Sym-25C,H2,Sym,B2,25C (ambient),1,21,na,day_21
Plate 1_B3_Sym_25C,Plate 1,H2-Sym-25C,H2,Sym,B3,25C (ambient),1,0,0,day_0
Plate 1_B3_Sym_25C,Plate 1,H2-Sym-25C,H2,Sym,B3,25C (ambient),1,3,0,day_3
Plate 1_B3_Sym_25C,Plate 1,H2-Sym-25C,H2,Sym,B3,25C (ambient),1,4,na,day_4
Plate 1_B3_Sym_25C,Plate 1,H2-Sym-25C,H2,Sym,B3,25C (ambient),1,5,na,day_5
Plate 1_B3_Sym_25C,Plate 1,H2-Sym-25C,H2,Sym,B3,25C (ambient),1,6,na,day_6
Plate 1_B3_Sym_25C,Plate 1,H2-Sym-25C,H2,Sym,B3,25C (ambient),1,7,na,day_7
Plate 1_B3_Sym_25C,Plate 1,H2-Sym-25C,H2,Sym,B3,25C (ambient),1,8,na,day_8
Plate 1_B3_Sym_25C,Plate 1,H2-Sym-25C,H2,Sym,B3,25C (ambient),1,9,na,day_9
Plate 1_B3_Sym_25C,Plate 1,H2-Sym-25C,H2,Sym,B3,25C (ambient),1,10,na,day_10
Plate 1_B3_Sym_25C,Plate 1,H2-Sym-25C,H2,Sym,B3,25C (ambient),1,11,na,day_11
Plate 1_B3_Sym_25C,Plate 1,H2-Sym-25C,H2,Sym,B3,25C (ambient),1,13,na,day_13
Plate 1_B3_Sym_25C,Plate 1,H2-Sym-25C,H2,Sym,B3,25C (ambient),1,14,na,day_14
Plate 1_B3_Sym_25C,Plate 1,H2-Sym-25C,H2,Sym,B3,25C (ambient),1,21,na,day_21
Plate 1_B3_Sym_25C,Plate 1,H2-Sym-25C,H2,Sym,B3,25C (ambient),2,0,0,day_0
Plate 1_B3_Sym_25C,Plate 1,H2-Sym-25C,H2,Sym,B3,25C (ambient),2,3,na,day_3
Plate 1_B3_Sym_25C,Plate 1,H2-Sym-25C,H2,Sym,B3,25C (ambient),2,4,na,day_4
Plate 1_B3_Sym_25C,Plate 1,H2-Sym-25C,H2,Sym,B3,25C (ambient),2,5,na,day_5
Plate 1_B3_Sym_25C,Plate 1,H2-Sym-25C,H2,Sym,B3,25C (ambient),2,6,na,day_6
Plate 1_B3_Sym_25C,Plate 1,H2-Sym-25C,H2,Sym,B3,25C (ambient),2,7,na,day_7
Plate 1_B3_Sym_25C,Plate 1,H2-Sym-25C,H2,Sym,B3,25C (ambient),2,8,na,day_8
Plate 1_B3_Sym_25C,Plate 1,H2-Sym-25C,H2,Sym,B3,25C (ambient),2,9,na,day_9
Plate 1_B3_Sym_25C,Plate 1,H2-Sym-25C,H2,Sym,B3,25C (ambient),2,10,na,day_10
Plate 1_B3_Sym_25C,Plate 1,H2-Sym-25C,H2,Sym,B3,25C (ambient),2,11,na,day_11
Plate 1_B3_Sym_25C,Plate 1,H2-Sym-25C,H2,Sym,B3,25C (ambient),2,13,na,day_13
Plate 1_B3_Sym_25C,Plate 1,H2-Sym-25C,H2,Sym,B3,25C (ambient),2,14,na,day_14
Plate 1_B3_Sym_25C,Plate 1,H2-Sym-25C,H2,Sym,B3,25C (ambient),2,21,na,day_21
Plate 1_B4_Sym_25C,Plate 1,H2-Sym-25C,H2,Sym,B4,25C (ambient),1,0,0,day_0
Plate 1_B4_Sym_25C,Plate 1,H2-Sym-25C,H2,Sym,B4,25C (ambient),1,3,na,day_3
Plate 1_B4_Sym_25C,Plate 1,H2-Sym-25C,H2,Sym,B4,25C (ambient),1,4,na,day_4
Plate 1_B4_Sym_25C,Plate 1,H2-Sym-25C,H2,Sym,B4,25C (ambient),1,5,na,day_5
Plate 1_B4_Sym_25C,Plate 1,H2-Sym-25C,H2,Sym,B4,25C (ambient),1,6,na,day_6
Plate 1_B4_Sym_25C,Plate 1,H2-Sym-25C,H2,Sym,B4,25C (ambient),1,7,na,day_7
Plate 1_B4_Sym_25C,Plate 1,H2-Sym-25C,H2,Sym,B4,25C (ambient),1,8,na,day_8
Plate 1_B4_Sym_25C,Plate 1,H2-Sym-25C,H2,Sym,B4,25C (ambient),1,9,na,day_9
Plate 1_B4_Sym_25C,Plate 1,H2-Sym-25C,H2,Sym,B4,25C (ambient),1,10,na,day_10
Plate 1_B4_Sym_25C,Plate 1,H2-Sym-25C,H2,Sym,B4,25C (ambient),1,11,na,day_11
Plate 1_B4_Sym_25C,Plate 1,H2-Sym-25C,H2,Sym,B4,25C (ambient),1,13,na,day_13
Plate 1_B4_Sym_25C,Plate 1,H2-Sym-25C,H2,Sym,B4,25C (ambient),1,14,na,day_14
Plate 1_B4_Sym_25C,Plate 1,H2-Sym-25C,H2,Sym,B4,25C (ambient),1,21,na,day_21
Plate 1_B5_Sym_25C,Plate 1,H2-Sym-25C,H2,Sym,B5,25C (ambient),1,0,0,day_0
Plate 1_B5_Sym_25C,Plate 1,H2-Sym-25C,H2,Sym,B5,25C (ambient),1,3,na,day_3
Plate 1_B5_Sym_25C,Plate 1,H2-Sym-25C,H2,Sym,B5,25C (ambient),1,4,na,day_4
Plate 1_B5_Sym_25C,Plate 1,H2-Sym-25C,H2,Sym,B5,25C (ambient),1,5,na,day_5
Plate 1_B5_Sym_25C,Plate 1,H2-Sym-25C,H2,Sym,B5,25C (ambient),1,6,na,day_6
Plate 1_B5_Sym_25C,Plate 1,H2-Sym-25C,H2,Sym,B5,25C (ambient),1,7,na,day_7
Plate 1_B5_Sym_25C,Plate 1,H2-Sym-25C,H2,Sym,B5,25C (ambient),1,8,na,day_8
Plate 1_B5_Sym_25C,Plate 1,H2-Sym-25C,H2,Sym,B5,25C (ambient),1,9,na,day_9
Plate 1_B5_Sym_25C,Plate 1,H2-Sym-25C,H2,Sym,B5,25C (ambient),1,10,na,day_10
Plate 1_B5_Sym_25C,Plate 1,H2-Sym-25C,H2,Sym,B5,25C (ambient),1,11,na,day_11
Plate 1_B5_Sym_25C,Plate 1,H2-Sym-25C,H2,Sym,B5,25C (ambient),1,13,na,day_13
Plate 1_B5_Sym_25C,Plate 1,H2-Sym-25C,H2,Sym,B5,25C (ambient),1,14,na,day_14
Plate 1_B5_Sym_25C,Plate 1,H2-Sym-25C,H2,Sym,B5,25C (ambient),1,21,na,day_21
Plate 1_B5_Sym_25C,Plate 1,H2-Sym-25C,H2,Sym,B5,25C (ambient),2,0,0,day_0
Plate 1_B5_Sym_25C,Plate 1,H2-Sym-25C,H2,Sym,B5,25C (ambient),2,3,na,day_3
Plate 1_B5_Sym_25C,Plate 1,H2-Sym-25C,H2,Sym,B5,25C (ambient),2,4,na,day_4
Plate 1_B5_Sym_25C,Plate 1,H2-Sym-25C,H2,Sym,B5,25C (ambient),2,5,na,day_5
Plate 1_B5_Sym_25C,Plate 1,H2-Sym-25C,H2,Sym,B5,25C (ambient),2,6,na,day_6
Plate 1_B5_Sym_25C,Plate 1,H2-Sym-25C,H2,Sym,B5,25C (ambient),2,7,na,day_7
Plate 1_B5_Sym_25C,Plate 1,H2-Sym-25C,H2,Sym,B5,25C (ambient),2,8,na,day_8
Plate 1_B5_Sym_25C,Plate 1,H2-Sym-25C,H2,Sym,B5,25C (ambient),2,9,na,day_9
Plate 1_B5_Sym_25C,Plate 1,H2-Sym-25C,H2,Sym,B5,25C (ambient),2,10,na,day_10
Plate 1_B5_Sym_25C,Plate 1,H2-Sym-25C,H2,Sym,B5,25C (ambient),2,11,na,day_11
Plate 1_B5_Sym_25C,Plate 1,H2-Sym-25C,H2,Sym,B5,25C (ambient),2,13,na,day_13
Plate 1_B5_Sym_25C,Plate 1,H2-Sym-25C,H2,Sym,B5,25C (ambient),2,14,na,day_14
Plate 1_B5_Sym_25C,Plate 1,H2-Sym-25C,H2,Sym,B5,25C (ambient),2,21,na,day_21
Plate 1_B6_Sym_25C,Plate 1,H2-Sym-25C,H2,Sym,B6,25C (ambient),1,0,0,day_0
Plate 1_B6_Sym_25C,Plate 1,H2-Sym-25C,H2,Sym,B6,25C (ambient),1,3,0,day_3
Plate 1_B6_Sym_25C,Plate 1,H2-Sym-25C,H2,Sym,B6,25C (ambient),1,4,0,day_4
Plate 1_B6_Sym_25C,Plate 1,H2-Sym-25C,H2,Sym,B6,25C (ambient),1,5,0,day_5
Plate 1_B6_Sym_25C,Plate 1,H2-Sym-25C,H2,Sym,B6,25C (ambient),1,6,0,day_6
Plate 1_B6_Sym_25C,Plate 1,H2-Sym-25C,H2,Sym,B6,25C (ambient),1,7,na,day_7
Plate 1_B6_Sym_25C,Plate 1,H2-Sym-25C,H2,Sym,B6,25C (ambient),1,8,na,day_8
Plate 1_B6_Sym_25C,Plate 1,H2-Sym-25C,H2,Sym,B6,25C (ambient),1,9,na,day_9
Plate 1_B6_Sym_25C,Plate 1,H2-Sym-25C,H2,Sym,B6,25C (ambient),1,10,na,day_10
Plate 1_B6_Sym_25C,Plate 1,H2-Sym-25C,H2,Sym,B6,25C (ambient),1,11,na,day_11
Plate 1_B6_Sym_25C,Plate 1,H2-Sym-25C,H2,Sym,B6,25C (ambient),1,13,na,day_13
Plate 1_B6_Sym_25C,Plate 1,H2-Sym-25C,H2,Sym,B6,25C (ambient),1,14,na,day_14
Plate 1_B6_Sym_25C,Plate 1,H2-Sym-25C,H2,Sym,B6,25C (ambient),1,21,na,day_21
Plate 1_C1_Sym_25C,Plate 1,H2-Sym-25C,H2,Sym,C1,25C (ambient),1,0,0,day_0
Plate 1_C1_Sym_25C,Plate 1,H2-Sym-25C,H2,Sym,C1,25C (ambient),1,3,0,day_3
Plate 1_C1_Sym_25C,Plate 1,H2-Sym-25C,H2,Sym,C1,25C (ambient),1,4,0,day_4
Plate 1_C1_Sym_25C,Plate 1,H2-Sym-25C,H2,Sym,C1,25C (ambient),1,5,0,day_5
Plate 1_C1_Sym_25C,Plate 1,H2-Sym-25C,H2,Sym,C1,25C (ambient),1,6,0,day_6
Plate 1_C1_Sym_25C,Plate 1,H2-Sym-25C,H2,Sym,C1,25C (ambient),1,7,0,day_7
Plate 1_C1_Sym_25C,Plate 1,H2-Sym-25C,H2,Sym,C1,25C (ambient),1,8,0,day_8
Plate 1_C1_Sym_25C,Plate 1,H2-Sym-25C,H2,Sym,C1,25C (ambient),1,9,0,day_9
Plate 1_C1_Sym_25C,Plate 1,H2-Sym-25C,H2,Sym,C1,25C (ambient),1,10,0,day_10
Plate 1_C1_Sym_25C,Plate 1,H2-Sym-25C,H2,Sym,C1,25C (ambient),1,11,na,day_11
Plate 1_C1_Sym_25C,Plate 1,H2-Sym-25C,H2,Sym,C1,25C (ambient),1,13,na,day_13
Plate 1_C1_Sym_25C,Plate 1,H2-Sym-25C,H2,Sym,C1,25C (ambient),1,14,na,day_14
Plate 1_C1_Sym_25C,Plate 1,H2-Sym-25C,H2,Sym,C1,25C (ambient),1,21,na,day_21
Plate 1_C2_Sym_25C,Plate 1,H2-Sym-25C,H2,Sym,C2,25C (ambient),1,0,0,day_0
Plate 1_C2_Sym_25C,Plate 1,H2-Sym-25C,H2,Sym,C2,25C (ambient),1,3,0,day_3
Plate 1_C2_Sym_25C,Plate 1,H2-Sym-25C,H2,Sym,C2,25C (ambient),1,4,0,day_4
Plate 1_C2_Sym_25C,Plate 1,H2-Sym-25C,H2,Sym,C2,25C (ambient),1,5,0,day_5
Plate 1_C2_Sym_25C,Plate 1,H2-Sym-25C,H2,Sym,C2,25C (ambient),1,6,0,day_6
Plate 1_C2_Sym_25C,Plate 1,H2-Sym-25C,H2,Sym,C2,25C (ambient),1,7,0,day_7
Plate 1_C2_Sym_25C,Plate 1,H2-Sym-25C,H2,Sym,C2,25C (ambient),1,8,na,day_8
Plate 1_C2_Sym_25C,Plate 1,H2-Sym-25C,H2,Sym,C2,25C (ambient),1,9,na,day_9
Plate 1_C2_Sym_25C,Plate 1,H2-Sym-25C,H2,Sym,C2,25C (ambient),1,10,na,day_10
Plate 1_C2_Sym_25C,Plate 1,H2-Sym-25C,H2,Sym,C2,25C (ambient),1,11,na,day_11
Plate 1_C2_Sym_25C,Plate 1,H2-Sym-25C,H2,Sym,C2,25C (ambient),1,13,na,day_13
Plate 1_C2_Sym_25C,Plate 1,H2-Sym-25C,H2,Sym,C2,25C (ambient),1,14,na,day_14
Plate 1_C2_Sym_25C,Plate 1,H2-Sym-25C,H2,Sym,C2,25C (ambient),1,21,na,day_21
Plate 1_C2_Sym_25C,Plate 1,H2-Sym-25C,H2,Sym,C2,25C (ambient),2,0,0,day_0
Plate 1_C2_Sym_25C,Plate 1,H2-Sym-25C,H2,Sym,C2,25C (ambient),2,3,0,day_3
Plate 1_C2_Sym_25C,Plate 1,H2-Sym-25C,H2,Sym,C2,25C (ambient),2,4,0,day_4
Plate 1_C2_Sym_25C,Plate 1,H2-Sym-25C,H2,Sym,C2,25C (ambient),2,5,0,day_5
Plate 1_C2_Sym_25C,Plate 1,H2-Sym-25C,H2,Sym,C2,25C (ambient),2,6,0,day_6
Plate 1_C2_Sym_25C,Plate 1,H2-Sym-25C,H2,Sym,C2,25C (ambient),2,7,0,day_7
Plate 1_C2_Sym_25C,Plate 1,H2-Sym-25C,H2,Sym,C2,25C (ambient),2,8,0,day_8
Plate 1_C2_Sym_25C,Plate 1,H2-Sym-25C,H2,Sym,C2,25C (ambient),2,9,0,day_9
Plate 1_C2_Sym_25C,Plate 1,H2-Sym-25C,H2,Sym,C2,25C (ambient),2,10,0,day_10
Plate 1_C2_Sym_25C,Plate 1,H2-Sym-25C,H2,Sym,C2,25C (ambient),2,11,na,day_11
Plate 1_C2_Sym_25C,Plate 1,H2-Sym-25C,H2,Sym,C2,25C (ambient),2,13,na,day_13
Plate 1_C2_Sym_25C,Plate 1,H2-Sym-25C,H2,Sym,C2,25C (ambient),2,14,na,day_14
Plate 1_C2_Sym_25C,Plate 1,H2-Sym-25C,H2,Sym,C2,25C (ambient),2,21,na,day_21
Plate 1_C3_Sym_25C,Plate 1,H2-Sym-25C,H2,Sym,C3,25C (ambient),1,0,0,day_0
Plate 1_C3_Sym_25C,Plate 1,H2-Sym-25C,H2,Sym,C3,25C (ambient),1,3,0,day_3
Plate 1_C3_Sym_25C,Plate 1,H2-Sym-25C,H2,Sym,C3,25C (ambient),1,4,0,day_4
Plate 1_C3_Sym_25C,Plate 1,H2-Sym-25C,H2,Sym,C3,25C (ambient),1,5,0,day_5
Plate 1_C3_Sym_25C,Plate 1,H2-Sym-25C,H2,Sym,C3,25C (ambient),1,6,0,day_6
Plate 1_C3_Sym_25C,Plate 1,H2-Sym-25C,H2,Sym,C3,25C (ambient),1,7,0,day_7
Plate 1_C3_Sym_25C,Plate 1,H2-Sym-25C,H2,Sym,C3,25C (ambient),1,8,0,day_8
Plate 1_C3_Sym_25C,Plate 1,H2-Sym-25C,H2,Sym,C3,25C (ambient),1,9,0,day_9
Plate 1_C3_Sym_25C,Plate 1,H2-Sym-25C,H2,Sym,C3,25C (ambient),1,10,0,day_10
Plate 1_C3_Sym_25C,Plate 1,H2-Sym-25C,H2,Sym,C3,25C (ambient),1,11,0,day_11
Plate 1_C3_Sym_25C,Plate 1,H2-Sym-25C,H2,Sym,C3,25C (ambient),1,13,0,day_13
Plate 1_C3_Sym_25C,Plate 1,H2-Sym-25C,H2,Sym,C3,25C (ambient),1,14,0,day_14
Plate 1_C3_Sym_25C,Plate 1,H2-Sym-25C,H2,Sym,C3,25C (ambient),1,21,0,day_21
Plate 1_C4_Sym_25C,Plate 1,H2-Sym-25C,H2,Sym,C4,25C (ambient),1,0,0,day_0
Plate 1_C4_Sym_25C,Plate 1,H2-Sym-25C,H2,Sym,C4,25C (ambient),1,3,0,day_3
Plate 1_C4_Sym_25C,Plate 1,H2-Sym-25C,H2,Sym,C4,25C (ambient),1,4,0,day_4
Plate 1_C4_Sym_25C,Plate 1,H2-Sym-25C,H2,Sym,C4,25C (ambient),1,5,0,day_5
Plate 1_C4_Sym_25C,Plate 1,H2-Sym-25C,H2,Sym,C4,25C (ambient),1,6,0,day_6
Plate 1_C4_Sym_25C,Plate 1,H2-Sym-25C,H2,Sym,C4,25C (ambient),1,7,0,day_7
Plate 1_C4_Sym_25C,Plate 1,H2-Sym-25C,H2,Sym,C4,25C (ambient),1,8,0,day_8
Plate 1_C4_Sym_25C,Plate 1,H2-Sym-25C,H2,Sym,C4,25C (ambient),1,9,0,day_9
Plate 1_C4_Sym_25C,Plate 1,H2-Sym-25C,H2,Sym,C4,25C (ambient),1,10,0,day_10
Plate 1_C4_Sym_25C,Plate 1,H2-Sym-25C,H2,Sym,C4,25C (ambient),1,11,0,day_11
Plate 1_C4_Sym_25C,Plate 1,H2-Sym-25C,H2,Sym,C4,25C (ambient),1,13,0,day_13
Plate 1_C4_Sym_25C,Plate 1,H2-Sym-25C,H2,Sym,C4,25C (ambient),1,14,0,day_14
Plate 1_C4_Sym_25C,Plate 1,H2-Sym-25C,H2,Sym,C4,25C (ambient),1,21,0,day_21
Plate 1_C5_Sym_25C,Plate 1,H2-Sym-25C,H2,Sym,C5,25C (ambient),1,0,0,day_0
Plate 1_C5_Sym_25C,Plate 1,H2-Sym-25C,H2,Sym,C5,25C (ambient),1,3,0,day_3
Plate 1_C5_Sym_25C,Plate 1,H2-Sym-25C,H2,Sym,C5,25C (ambient),1,4,na,day_4
Plate 1_C5_Sym_25C,Plate 1,H2-Sym-25C,H2,Sym,C5,25C (ambient),1,5,na,day_5
Plate 1_C5_Sym_25C,Plate 1,H2-Sym-25C,H2,Sym,C5,25C (ambient),1,6,na,day_6
Plate 1_C5_Sym_25C,Plate 1,H2-Sym-25C,H2,Sym,C5,25C (ambient),1,7,na,day_7
Plate 1_C5_Sym_25C,Plate 1,H2-Sym-25C,H2,Sym,C5,25C (ambient),1,8,na,day_8
Plate 1_C5_Sym_25C,Plate 1,H2-Sym-25C,H2,Sym,C5,25C (ambient),1,9,na,day_9
Plate 1_C5_Sym_25C,Plate 1,H2-Sym-25C,H2,Sym,C5,25C (ambient),1,10,na,day_10
Plate 1_C5_Sym_25C,Plate 1,H2-Sym-25C,H2,Sym,C5,25C (ambient),1,11,na,day_11
Plate 1_C5_Sym_25C,Plate 1,H2-Sym-25C,H2,Sym,C5,25C (ambient),1,13,na,day_13
Plate 1_C5_Sym_25C,Plate 1,H2-Sym-25C,H2,Sym,C5,25C (ambient),1,14,na,day_14
Plate 1_C5_Sym_25C,Plate 1,H2-Sym-25C,H2,Sym,C5,25C (ambient),1,21,na,day_21
Plate 1_C5_Sym_25C,Plate 1,H2-Sym-25C,H2,Sym,C5,25C (ambient),2,0,na,day_0
Plate 1_C5_Sym_25C,Plate 1,H2-Sym-25C,H2,Sym,C5,25C (ambient),2,3,0,day_3
Plate 1_C5_Sym_25C,Plate 1,H2-Sym-25C,H2,Sym,C5,25C (ambient),2,4,na,day_4
Plate 1_C5_Sym_25C,Plate 1,H2-Sym-25C,H2,Sym,C5,25C (ambient),2,5,na,day_5
Plate 1_C5_Sym_25C,Plate 1,H2-Sym-25C,H2,Sym,C5,25C (ambient),2,6,na,day_6
Plate 1_C5_Sym_25C,Plate 1,H2-Sym-25C,H2,Sym,C5,25C (ambient),2,7,na,day_7
Plate 1_C5_Sym_25C,Plate 1,H2-Sym-25C,H2,Sym,C5,25C (ambient),2,8,na,day_8
Plate 1_C5_Sym_25C,Plate 1,H2-Sym-25C,H2,Sym,C5,25C (ambient),2,9,na,day_9
Plate 1_C5_Sym_25C,Plate 1,H2-Sym-25C,H2,Sym,C5,25C (ambient),2,10,na,day_10
Plate 1_C5_Sym_25C,Plate 1,H2-Sym-25C,H2,Sym,C5,25C (ambient),2,11,na,day_11
Plate 1_C5_Sym_25C,Plate 1,H2-Sym-25C,H2,Sym,C5,25C (ambient),2,13,na,day_13
Plate 1_C5_Sym_25C,Plate 1,H2-Sym-25C,H2,Sym,C5,25C (ambient),2,14,na,day_14
Plate 1_C5_Sym_25C,Plate 1,H2-Sym-25C,H2,Sym,C5,25C (ambient),2,21,na,day_21
Plate 1_C6_Sym_25C,Plate 1,H2-Sym-25C,H2,Sym,C6,25C (ambient),1,0,0,day_0
Plate 1_C6_Sym_25C,Plate 1,H2-Sym-25C,H2,Sym,C6,25C (ambient),1,3,0,day_3
Plate 1_C6_Sym_25C,Plate 1,H2-Sym-25C,H2,Sym,C6,25C (ambient),1,4,0,day_4
Plate 1_C6_Sym_25C,Plate 1,H2-Sym-25C,H2,Sym,C6,25C (ambient),1,5,0,day_5
Plate 1_C6_Sym_25C,Plate 1,H2-Sym-25C,H2,Sym,C6,25C (ambient),1,6,0,day_6
Plate 1_C6_Sym_25C,Plate 1,H2-Sym-25C,H2,Sym,C6,25C (ambient),1,7,0,day_7
Plate 1_C6_Sym_25C,Plate 1,H2-Sym-25C,H2,Sym,C6,25C (ambient),1,8,0,day_8
Plate 1_C6_Sym_25C,Plate 1,H2-Sym-25C,H2,Sym,C6,25C (ambient),1,9,0,day_9
Plate 1_C6_Sym_25C,Plate 1,H2-Sym-25C,H2,Sym,C6,25C (ambient),1,10,0,day_10
Plate 1_C6_Sym_25C,Plate 1,H2-Sym-25C,H2,Sym,C6,25C (ambient),1,11,0,day_11
Plate 1_C6_Sym_25C,Plate 1,H2-Sym-25C,H2,Sym,C6,25C (ambient),1,13,0,day_13
Plate 1_C6_Sym_25C,Plate 1,H2-Sym-25C,H2,Sym,C6,25C (ambient),1,14,0,day_14
Plate 1_C6_Sym_25C,Plate 1,H2-Sym-25C,H2,Sym,C6,25C (ambient),1,21,0,day_21
Plate 1_C6_Sym_25C,Plate 1,H2-Sym-25C,H2,Sym,C6,25C (ambient),2,0,0,day_0
Plate 1_C6_Sym_25C,Plate 1,H2-Sym-25C,H2,Sym,C6,25C (ambient),2,3,na,day_3
Plate 1_C6_Sym_25C,Plate 1,H2-Sym-25C,H2,Sym,C6,25C (ambient),2,4,na,day_4
Plate 1_C6_Sym_25C,Plate 1,H2-Sym-25C,H2,Sym,C6,25C (ambient),2,5,na,day_5
Plate 1_C6_Sym_25C,Plate 1,H2-Sym-25C,H2,Sym,C6,25C (ambient),2,6,na,day_6
Plate 1_C6_Sym_25C,Plate 1,H2-Sym-25C,H2,Sym,C6,25C (ambient),2,7,na,day_7
Plate 1_C6_Sym_25C,Plate 1,H2-Sym-25C,H2,Sym,C6,25C (ambient),2,8,na,day_8
Plate 1_C6_Sym_25C,Plate 1,H2-Sym-25C,H2,Sym,C6,25C (ambient),2,9,na,day_9
Plate 1_C6_Sym_25C,Plate 1,H2-Sym-25C,H2,Sym,C6,25C (ambient),2,10,na,day_10
Plate 1_C6_Sym_25C,Plate 1,H2-Sym-25C,H2,Sym,C6,25C (ambient),2,11,na,day_11
Plate 1_C6_Sym_25C,Plate 1,H2-Sym-25C,H2,Sym,C6,25C (ambient),2,13,na,day_13
Plate 1_C6_Sym_25C,Plate 1,H2-Sym-25C,H2,Sym,C6,25C (ambient),2,14,na,day_14
Plate 1_C6_Sym_25C,Plate 1,H2-Sym-25C,H2,Sym,C6,25C (ambient),2,21,na,day_21
Plate 1_D1_Sym_25C,Plate 1,H2-Sym-25C,H2,Sym,D1,25C (ambient),1,0,0,day_0
Plate 1_D1_Sym_25C,Plate 1,H2-Sym-25C,H2,Sym,D1,25C (ambient),1,3,0,day_3
Plate 1_D1_Sym_25C,Plate 1,H2-Sym-25C,H2,Sym,D1,25C (ambient),1,4,0,day_4
Plate 1_D1_Sym_25C,Plate 1,H2-Sym-25C,H2,Sym,D1,25C (ambient),1,5,0,day_5
Plate 1_D1_Sym_25C,Plate 1,H2-Sym-25C,H2,Sym,D1,25C (ambient),1,6,0,day_6
Plate 1_D1_Sym_25C,Plate 1,H2-Sym-25C,H2,Sym,D1,25C (ambient),1,7,na,day_7
Plate 1_D1_Sym_25C,Plate 1,H2-Sym-25C,H2,Sym,D1,25C (ambient),1,8,na,day_8
Plate 1_D1_Sym_25C,Plate 1,H2-Sym-25C,H2,Sym,D1,25C (ambient),1,9,na,day_9
Plate 1_D1_Sym_25C,Plate 1,H2-Sym-25C,H2,Sym,D1,25C (ambient),1,10,na,day_10
Plate 1_D1_Sym_25C,Plate 1,H2-Sym-25C,H2,Sym,D1,25C (ambient),1,11,na,day_11
Plate 1_D1_Sym_25C,Plate 1,H2-Sym-25C,H2,Sym,D1,25C (ambient),1,13,na,day_13
Plate 1_D1_Sym_25C,Plate 1,H2-Sym-25C,H2,Sym,D1,25C (ambient),1,14,na,day_14
Plate 1_D1_Sym_25C,Plate 1,H2-Sym-25C,H2,Sym,D1,25C (ambient),1,21,na,day_21
Plate 1_D1_Sym_25C,Plate 1,H2-Sym-25C,H2,Sym,D1,25C (ambient),2,0,0,day_0
Plate 1_D1_Sym_25C,Plate 1,H2-Sym-25C,H2,Sym,D1,25C (ambient),2,3,na,day_3
Plate 1_D1_Sym_25C,Plate 1,H2-Sym-25C,H2,Sym,D1,25C (ambient),2,4,na,day_4
Plate 1_D1_Sym_25C,Plate 1,H2-Sym-25C,H2,Sym,D1,25C (ambient),2,5,na,day_5
Plate 1_D1_Sym_25C,Plate 1,H2-Sym-25C,H2,Sym,D1,25C (ambient),2,6,na,day_6
Plate 1_D1_Sym_25C,Plate 1,H2-Sym-25C,H2,Sym,D1,25C (ambient),2,7,na,day_7
Plate 1_D1_Sym_25C,Plate 1,H2-Sym-25C,H2,Sym,D1,25C (ambient),2,8,na,day_8
Plate 1_D1_Sym_25C,Plate 1,H2-Sym-25C,H2,Sym,D1,25C (ambient),2,9,na,day_9
Plate 1_D1_Sym_25C,Plate 1,H2-Sym-25C,H2,Sym,D1,25C (ambient),2,10,na,day_10
Plate 1_D1_Sym_25C,Plate 1,H2-Sym-25C,H2,Sym,D1,25C (ambient),2,11,na,day_11
Plate 1_D1_Sym_25C,Plate 1,H2-Sym-25C,H2,Sym,D1,25C (ambient),2,13,na,day_13
Plate 1_D1_Sym_25C,Plate 1,H2-Sym-25C,H2,Sym,D1,25C (ambient),2,14,na,day_14
Plate 1_D1_Sym_25C,Plate 1,H2-Sym-25C,H2,Sym,D1,25C (ambient),2,21,na,day_21
Plate 1_D2_Sym_25C,Plate 1,H2-Sym-25C,H2,Sym,D2,25C (ambient),1,0,0,day_0
Plate 1_D2_Sym_25C,Plate 1,H2-Sym-25C,H2,Sym,D2,25C (ambient),1,3,0,day_3
Plate 1_D2_Sym_25C,Plate 1,H2-Sym-25C,H2,Sym,D2,25C (ambient),1,4,0,day_4
Plate 1_D2_Sym_25C,Plate 1,H2-Sym-25C,H2,Sym,D2,25C (ambient),1,5,0,day_5
Plate 1_D2_Sym_25C,Plate 1,H2-Sym-25C,H2,Sym,D2,25C (ambient),1,6,0,day_6
Plate 1_D2_Sym_25C,Plate 1,H2-Sym-25C,H2,Sym,D2,25C (ambient),1,7,0,day_7
Plate 1_D2_Sym_25C,Plate 1,H2-Sym-25C,H2,Sym,D2,25C (ambient),1,8,0,day_8
Plate 1_D2_Sym_25C,Plate 1,H2-Sym-25C,H2,Sym,D2,25C (ambient),1,9,0,day_9
Plate 1_D2_Sym_25C,Plate 1,H2-Sym-25C,H2,Sym,D2,25C (ambient),1,10,0,day_10
Plate 1_D2_Sym_25C,Plate 1,H2-Sym-25C,H2,Sym,D2,25C (ambient),1,11,0,day_11
Plate 1_D2_Sym_25C,Plate 1,H2-Sym-25C,H2,Sym,D2,25C (ambient),1,13,na,day_13
Plate 1_D2_Sym_25C,Plate 1,H2-Sym-25C,H2,Sym,D2,25C (ambient),1,14,na,day_14
Plate 1_D2_Sym_25C,Plate 1,H2-Sym-25C,H2,Sym,D2,25C (ambient),1,21,na,day_21
Plate 1_D3_Sym_25C,Plate 1,H2-Sym-25C,H2,Sym,D3,25C (ambient),1,0,0,day_0
Plate 1_D3_Sym_25C,Plate 1,H2-Sym-25C,H2,Sym,D3,25C (ambient),1,3,0,day_3
Plate 1_D3_Sym_25C,Plate 1,H2-Sym-25C,H2,Sym,D3,25C (ambient),1,4,0,day_4
Plate 1_D3_Sym_25C,Plate 1,H2-Sym-25C,H2,Sym,D3,25C (ambient),1,5,0,day_5
Plate 1_D3_Sym_25C,Plate 1,H2-Sym-25C,H2,Sym,D3,25C (ambient),1,6,0,day_6
Plate 1_D3_Sym_25C,Plate 1,H2-Sym-25C,H2,Sym,D3,25C (ambient),1,7,0,day_7
Plate 1_D3_Sym_25C,Plate 1,H2-Sym-25C,H2,Sym,D3,25C (ambient),1,8,0,day_8
Plate 1_D3_Sym_25C,Plate 1,H2-Sym-25C,H2,Sym,D3,25C (ambient),1,9,0,day_9
Plate 1_D3_Sym_25C,Plate 1,H2-Sym-25C,H2,Sym,D3,25C (ambient),1,10,0,day_10
Plate 1_D3_Sym_25C,Plate 1,H2-Sym-25C,H2,Sym,D3,25C (ambient),1,11,na,day_11
Plate 1_D3_Sym_25C,Plate 1,H2-Sym-25C,H2,Sym,D3,25C (ambient),1,13,na,day_13
Plate 1_D3_Sym_25C,Plate 1,H2-Sym-25C,H2,Sym,D3,25C (ambient),1,14,na,day_14
Plate 1_D3_Sym_25C,Plate 1,H2-Sym-25C,H2,Sym,D3,25C (ambient),1,21,na,day_21
Plate 1_D3_Sym_25C,Plate 1,H2-Sym-25C,H2,Sym,D3,25C (ambient),2,0,0,day_0
Plate 1_D3_Sym_25C,Plate 1,H2-Sym-25C,H2,Sym,D3,25C (ambient),2,3,0,day_3
Plate 1_D3_Sym_25C,Plate 1,H2-Sym-25C,H2,Sym,D3,25C (ambient),2,4,0,day_4
Plate 1_D3_Sym_25C,Plate 1,H2-Sym-25C,H2,Sym,D3,25C (ambient),2,5,0,day_5
Plate 1_D3_Sym_25C,Plate 1,H2-Sym-25C,H2,Sym,D3,25C (ambient),2,6,0,day_6
Plate 1_D3_Sym_25C,Plate 1,H2-Sym-25C,H2,Sym,D3,25C (ambient),2,7,0,day_7
Plate 1_D3_Sym_25C,Plate 1,H2-Sym-25C,H2,Sym,D3,25C (ambient),2,8,0,day_8
Plate 1_D3_Sym_25C,Plate 1,H2-Sym-25C,H2,Sym,D3,25C (ambient),2,9,0,day_9
Plate 1_D3_Sym_25C,Plate 1,H2-Sym-25C,H2,Sym,D3,25C (ambient),2,10,0,day_10
Plate 1_D3_Sym_25C,Plate 1,H2-Sym-25C,H2,Sym,D3,25C (ambient),2,11,na,day_11
Plate 1_D3_Sym_25C,Plate 1,H2-Sym-25C,H2,Sym,D3,25C (ambient),2,13,na,day_13
Plate 1_D3_Sym_25C,Plate 1,H2-Sym-25C,H2,Sym,D3,25C (ambient),2,14,na,day_14
Plate 1_D3_Sym_25C,Plate 1,H2-Sym-25C,H2,Sym,D3,25C (ambient),2,21,na,day_21
Plate 1_D4_Sym_25C,Plate 1,H2-Sym-25C,H2,Sym,D4,25C (ambient),1,0,0,day_0
Plate 1_D4_Sym_25C,Plate 1,H2-Sym-25C,H2,Sym,D4,25C (ambient),1,3,0,day_3
Plate 1_D4_Sym_25C,Plate 1,H2-Sym-25C,H2,Sym,D4,25C (ambient),1,4,0,day_4
Plate 1_D4_Sym_25C,Plate 1,H2-Sym-25C,H2,Sym,D4,25C (ambient),1,5,0,day_5
Plate 1_D4_Sym_25C,Plate 1,H2-Sym-25C,H2,Sym,D4,25C (ambient),1,6,0,day_6
Plate 1_D4_Sym_25C,Plate 1,H2-Sym-25C,H2,Sym,D4,25C (ambient),1,7,0,day_7
Plate 1_D4_Sym_25C,Plate 1,H2-Sym-25C,H2,Sym,D4,25C (ambient),1,8,0,day_8
Plate 1_D4_Sym_25C,Plate 1,H2-Sym-25C,H2,Sym,D4,25C (ambient),1,9,0,day_9
Plate 1_D4_Sym_25C,Plate 1,H2-Sym-25C,H2,Sym,D4,25C (ambient),1,10,0,day_10
Plate 1_D4_Sym_25C,Plate 1,H2-Sym-25C,H2,Sym,D4,25C (ambient),1,11,0,day_11
Plate 1_D4_Sym_25C,Plate 1,H2-Sym-25C,H2,Sym,D4,25C (ambient),1,13,0,day_13
Plate 1_D4_Sym_25C,Plate 1,H2-Sym-25C,H2,Sym,D4,25C (ambient),1,14,0,day_14
Plate 1_D4_Sym_25C,Plate 1,H2-Sym-25C,H2,Sym,D4,25C (ambient),1,21,0,day_21
Plate 1_D5_Sym_25C,Plate 1,H2-Sym-25C,H2,Sym,D5,25C (ambient),1,0,0,day_0
Plate 1_D5_Sym_25C,Plate 1,H2-Sym-25C,H2,Sym,D5,25C (ambient),1,3,0,day_3
Plate 1_D5_Sym_25C,Plate 1,H2-Sym-25C,H2,Sym,D5,25C (ambient),1,4,0,day_4
Plate 1_D5_Sym_25C,Plate 1,H2-Sym-25C,H2,Sym,D5,25C (ambient),1,5,0,day_5
Plate 1_D5_Sym_25C,Plate 1,H2-Sym-25C,H2,Sym,D5,25C (ambient),1,6,0,day_6
Plate 1_D5_Sym_25C,Plate 1,H2-Sym-25C,H2,Sym,D5,25C (ambient),1,7,0,day_7
Plate 1_D5_Sym_25C,Plate 1,H2-Sym-25C,H2,Sym,D5,25C (ambient),1,8,0,day_8
Plate 1_D5_Sym_25C,Plate 1,H2-Sym-25C,H2,Sym,D5,25C (ambient),1,9,0,day_9
Plate 1_D5_Sym_25C,Plate 1,H2-Sym-25C,H2,Sym,D5,25C (ambient),1,10,0,day_10
Plate 1_D5_Sym_25C,Plate 1,H2-Sym-25C,H2,Sym,D5,25C (ambient),1,11,0,day_11
Plate 1_D5_Sym_25C,Plate 1,H2-Sym-25C,H2,Sym,D5,25C (ambient),1,13,0,day_13
Plate 1_D5_Sym_25C,Plate 1,H2-Sym-25C,H2,Sym,D5,25C (ambient),1,14,0,day_14
Plate 1_D5_Sym_25C,Plate 1,H2-Sym-25C,H2,Sym,D5,25C (ambient),1,21,0,day_21
Plate 1_D6_Sym_25C,Plate 1,H2-Sym-25C,H2,Sym,D6,25C (ambient),1,0,0,day_0
Plate 1_D6_Sym_25C,Plate 1,H2-Sym-25C,H2,Sym,D6,25C (ambient),1,3,0,day_3
Plate 1_D6_Sym_25C,Plate 1,H2-Sym-25C,H2,Sym,D6,25C (ambient),1,4,0,day_4
Plate 1_D6_Sym_25C,Plate 1,H2-Sym-25C,H2,Sym,D6,25C (ambient),1,5,0,day_5
Plate 1_D6_Sym_25C,Plate 1,H2-Sym-25C,H2,Sym,D6,25C (ambient),1,6,0,day_6
Plate 1_D6_Sym_25C,Plate 1,H2-Sym-25C,H2,Sym,D6,25C (ambient),1,7,0,day_7
Plate 1_D6_Sym_25C,Plate 1,H2-Sym-25C,H2,Sym,D6,25C (ambient),1,8,0,day_8
Plate 1_D6_Sym_25C,Plate 1,H2-Sym-25C,H2,Sym,D6,25C (ambient),1,9,0,day_9
Plate 1_D6_Sym_25C,Plate 1,H2-Sym-25C,H2,Sym,D6,25C (ambient),1,10,0,day_10
Plate 1_D6_Sym_25C,Plate 1,H2-Sym-25C,H2,Sym,D6,25C (ambient),1,11,0,day_11
Plate 1_D6_Sym_25C,Plate 1,H2-Sym-25C,H2,Sym,D6,25C (ambient),1,13,0,day_13
Plate 1_D6_Sym_25C,Plate 1,H2-Sym-25C,H2,Sym,D6,25C (ambient),1,14,0,day_14
Plate 1_D6_Sym_25C,Plate 1,H2-Sym-25C,H2,Sym,D6,25C (ambient),1,21,0,day_21
Plate 1_D6_Sym_25C,Plate 1,H2-Sym-25C,H2,Sym,D6,25C (ambient),2,0,0,day_0
Plate 1_D6_Sym_25C,Plate 1,H2-Sym-25C,H2,Sym,D6,25C (ambient),2,3,na,day_3
Plate 1_D6_Sym_25C,Plate 1,H2-Sym-25C,H2,Sym,D6,25C (ambient),2,4,na,day_4
Plate 1_D6_Sym_25C,Plate 1,H2-Sym-25C,H2,Sym,D6,25C (ambient),2,5,na,day_5
Plate 1_D6_Sym_25C,Plate 1,H2-Sym-25C,H2,Sym,D6,25C (ambient),2,6,na,day_6
Plate 1_D6_Sym_25C,Plate 1,H2-Sym-25C,H2,Sym,D6,25C (ambient),2,7,na,day_7
Plate 1_D6_Sym_25C,Plate 1,H2-Sym-25C,H2,Sym,D6,25C (ambient),2,8,na,day_8
Plate 1_D6_Sym_25C,Plate 1,H2-Sym-25C,H2,Sym,D6,25C (ambient),2,9,na,day_9
Plate 1_D6_Sym_25C,Plate 1,H2-Sym-25C,H2,Sym,D6,25C (ambient),2,10,na,day_10
Plate 1_D6_Sym_25C,Plate 1,H2-Sym-25C,H2,Sym,D6,25C (ambient),2,11,na,day_11
Plate 1_D6_Sym_25C,Plate 1,H2-Sym-25C,H2,Sym,D6,25C (ambient),2,13,na,day_13
Plate 1_D6_Sym_25C,Plate 1,H2-Sym-25C,H2,Sym,D6,25C (ambient),2,14,na,day_14
Plate 1_D6_Sym_25C,Plate 1,H2-Sym-25C,H2,Sym,D6,25C (ambient),2,21,na,day_21
Plate 2_A1_Sym_25C,Plate 2,H2-Sym-25C,H2,Sym,A1,25C (ambient),1,0,0,day_0
Plate 2_A1_Sym_25C,Plate 2,H2-Sym-25C,H2,Sym,A1,25C (ambient),1,3,0,day_3
Plate 2_A1_Sym_25C,Plate 2,H2-Sym-25C,H2,Sym,A1,25C (ambient),1,4,0,day_4
Plate 2_A1_Sym_25C,Plate 2,H2-Sym-25C,H2,Sym,A1,25C (ambient),1,5,0,day_5
Plate 2_A1_Sym_25C,Plate 2,H2-Sym-25C,H2,Sym,A1,25C (ambient),1,6,0,day_6
Plate 2_A1_Sym_25C,Plate 2,H2-Sym-25C,H2,Sym,A1,25C (ambient),1,7,0,day_7
Plate 2_A1_Sym_25C,Plate 2,H2-Sym-25C,H2,Sym,A1,25C (ambient),1,8,0,day_8
Plate 2_A1_Sym_25C,Plate 2,H2-Sym-25C,H2,Sym,A1,25C (ambient),1,9,0,day_9
Plate 2_A1_Sym_25C,Plate 2,H2-Sym-25C,H2,Sym,A1,25C (ambient),1,10,0,day_10
Plate 2_A1_Sym_25C,Plate 2,H2-Sym-25C,H2,Sym,A1,25C (ambient),1,11,0,day_11
Plate 2_A1_Sym_25C,Plate 2,H2-Sym-25C,H2,Sym,A1,25C (ambient),1,13,0,day_13
Plate 2_A1_Sym_25C,Plate 2,H2-Sym-25C,H2,Sym,A1,25C (ambient),1,14,0,day_14
Plate 2_A1_Sym_25C,Plate 2,H2-Sym-25C,H2,Sym,A1,25C (ambient),1,21,0,day_21
Plate 2_A1_Sym_25C,Plate 2,H2-Sym-25C,H2,Sym,A1,25C (ambient),2,0,0,day_0
Plate 2_A1_Sym_25C,Plate 2,H2-Sym-25C,H2,Sym,A1,25C (ambient),2,3,na,day_3
Plate 2_A1_Sym_25C,Plate 2,H2-Sym-25C,H2,Sym,A1,25C (ambient),2,4,na,day_4
Plate 2_A1_Sym_25C,Plate 2,H2-Sym-25C,H2,Sym,A1,25C (ambient),2,5,na,day_5
Plate 2_A1_Sym_25C,Plate 2,H2-Sym-25C,H2,Sym,A1,25C (ambient),2,6,na,day_6
Plate 2_A1_Sym_25C,Plate 2,H2-Sym-25C,H2,Sym,A1,25C (ambient),2,7,na,day_7
Plate 2_A1_Sym_25C,Plate 2,H2-Sym-25C,H2,Sym,A1,25C (ambient),2,8,na,day_8
Plate 2_A1_Sym_25C,Plate 2,H2-Sym-25C,H2,Sym,A1,25C (ambient),2,9,na,day_9
Plate 2_A1_Sym_25C,Plate 2,H2-Sym-25C,H2,Sym,A1,25C (ambient),2,10,na,day_10
Plate 2_A1_Sym_25C,Plate 2,H2-Sym-25C,H2,Sym,A1,25C (ambient),2,11,na,day_11
Plate 2_A1_Sym_25C,Plate 2,H2-Sym-25C,H2,Sym,A1,25C (ambient),2,13,na,day_13
Plate 2_A1_Sym_25C,Plate 2,H2-Sym-25C,H2,Sym,A1,25C (ambient),2,14,na,day_14
Plate 2_A1_Sym_25C,Plate 2,H2-Sym-25C,H2,Sym,A1,25C (ambient),2,21,na,day_21
Plate 2_A2_Sym_25C,Plate 2,H2-Sym-25C,H2,Sym,A2,25C (ambient),1,0,0,day_0
Plate 2_A2_Sym_25C,Plate 2,H2-Sym-25C,H2,Sym,A2,25C (ambient),1,3,0,day_3
Plate 2_A2_Sym_25C,Plate 2,H2-Sym-25C,H2,Sym,A2,25C (ambient),1,4,na,day_4
Plate 2_A2_Sym_25C,Plate 2,H2-Sym-25C,H2,Sym,A2,25C (ambient),1,5,na,day_5
Plate 2_A2_Sym_25C,Plate 2,H2-Sym-25C,H2,Sym,A2,25C (ambient),1,6,na,day_6
Plate 2_A2_Sym_25C,Plate 2,H2-Sym-25C,H2,Sym,A2,25C (ambient),1,7,na,day_7
Plate 2_A2_Sym_25C,Plate 2,H2-Sym-25C,H2,Sym,A2,25C (ambient),1,8,na,day_8
Plate 2_A2_Sym_25C,Plate 2,H2-Sym-25C,H2,Sym,A2,25C (ambient),1,9,na,day_9
Plate 2_A2_Sym_25C,Plate 2,H2-Sym-25C,H2,Sym,A2,25C (ambient),1,10,na,day_10
Plate 2_A2_Sym_25C,Plate 2,H2-Sym-25C,H2,Sym,A2,25C (ambient),1,11,na,day_11
Plate 2_A2_Sym_25C,Plate 2,H2-Sym-25C,H2,Sym,A2,25C (ambient),1,13,na,day_13
Plate 2_A2_Sym_25C,Plate 2,H2-Sym-25C,H2,Sym,A2,25C (ambient),1,14,na,day_14
Plate 2_A2_Sym_25C,Plate 2,H2-Sym-25C,H2,Sym,A2,25C (ambient),1,21,na,day_21
Plate 2_A3_Sym_25C,Plate 2,H2-Sym-25C,H2,Sym,A3,25C (ambient),1,0,0,day_0
Plate 2_A3_Sym_25C,Plate 2,H2-Sym-25C,H2,Sym,A3,25C (ambient),1,3,0,day_3
Plate 2_A3_Sym_25C,Plate 2,H2-Sym-25C,H2,Sym,A3,25C (ambient),1,4,0,day_4
Plate 2_A3_Sym_25C,Plate 2,H2-Sym-25C,H2,Sym,A3,25C (ambient),1,5,na,day_5
Plate 2_A3_Sym_25C,Plate 2,H2-Sym-25C,H2,Sym,A3,25C (ambient),1,6,na,day_6
Plate 2_A3_Sym_25C,Plate 2,H2-Sym-25C,H2,Sym,A3,25C (ambient),1,7,na,day_7
Plate 2_A3_Sym_25C,Plate 2,H2-Sym-25C,H2,Sym,A3,25C (ambient),1,8,na,day_8
Plate 2_A3_Sym_25C,Plate 2,H2-Sym-25C,H2,Sym,A3,25C (ambient),1,9,na,day_9
Plate 2_A3_Sym_25C,Plate 2,H2-Sym-25C,H2,Sym,A3,25C (ambient),1,10,na,day_10
Plate 2_A3_Sym_25C,Plate 2,H2-Sym-25C,H2,Sym,A3,25C (ambient),1,11,na,day_11
Plate 2_A3_Sym_25C,Plate 2,H2-Sym-25C,H2,Sym,A3,25C (ambient),1,13,na,day_13
Plate 2_A3_Sym_25C,Plate 2,H2-Sym-25C,H2,Sym,A3,25C (ambient),1,14,na,day_14
Plate 2_A3_Sym_25C,Plate 2,H2-Sym-25C,H2,Sym,A3,25C (ambient),1,21,na,day_21
Plate 2_A4_Sym_25C,Plate 2,H2-Sym-25C,H2,Sym,A4,25C (ambient),1,0,0,day_0
Plate 2_A4_Sym_25C,Plate 2,H2-Sym-25C,H2,Sym,A4,25C (ambient),1,3,0,day_3
Plate 2_A4_Sym_25C,Plate 2,H2-Sym-25C,H2,Sym,A4,25C (ambient),1,4,na,day_4
Plate 2_A4_Sym_25C,Plate 2,H2-Sym-25C,H2,Sym,A4,25C (ambient),1,5,na,day_5
Plate 2_A4_Sym_25C,Plate 2,H2-Sym-25C,H2,Sym,A4,25C (ambient),1,6,na,day_6
Plate 2_A4_Sym_25C,Plate 2,H2-Sym-25C,H2,Sym,A4,25C (ambient),1,7,na,day_7
Plate 2_A4_Sym_25C,Plate 2,H2-Sym-25C,H2,Sym,A4,25C (ambient),1,8,na,day_8
Plate 2_A4_Sym_25C,Plate 2,H2-Sym-25C,H2,Sym,A4,25C (ambient),1,9,na,day_9
Plate 2_A4_Sym_25C,Plate 2,H2-Sym-25C,H2,Sym,A4,25C (ambient),1,10,na,day_10
Plate 2_A4_Sym_25C,Plate 2,H2-Sym-25C,H2,Sym,A4,25C (ambient),1,11,na,day_11
Plate 2_A4_Sym_25C,Plate 2,H2-Sym-25C,H2,Sym,A4,25C (ambient),1,13,na,day_13
Plate 2_A4_Sym_25C,Plate 2,H2-Sym-25C,H2,Sym,A4,25C (ambient),1,14,na,day_14
Plate 2_A4_Sym_25C,Plate 2,H2-Sym-25C,H2,Sym,A4,25C (ambient),1,21,na,day_21
Plate 2_A5_Sym_25C,Plate 2,H2-Sym-25C,H2,Sym,A5,25C (ambient),1,0,0,day_0
Plate 2_A5_Sym_25C,Plate 2,H2-Sym-25C,H2,Sym,A5,25C (ambient),1,3,0,day_3
Plate 2_A5_Sym_25C,Plate 2,H2-Sym-25C,H2,Sym,A5,25C (ambient),1,4,0,day_4
Plate 2_A5_Sym_25C,Plate 2,H2-Sym-25C,H2,Sym,A5,25C (ambient),1,5,0,day_5
Plate 2_A5_Sym_25C,Plate 2,H2-Sym-25C,H2,Sym,A5,25C (ambient),1,6,0,day_6
Plate 2_A5_Sym_25C,Plate 2,H2-Sym-25C,H2,Sym,A5,25C (ambient),1,7,0,day_7
Plate 2_A5_Sym_25C,Plate 2,H2-Sym-25C,H2,Sym,A5,25C (ambient),1,8,0,day_8
Plate 2_A5_Sym_25C,Plate 2,H2-Sym-25C,H2,Sym,A5,25C (ambient),1,9,0,day_9
Plate 2_A5_Sym_25C,Plate 2,H2-Sym-25C,H2,Sym,A5,25C (ambient),1,10,0,day_10
Plate 2_A5_Sym_25C,Plate 2,H2-Sym-25C,H2,Sym,A5,25C (ambient),1,11,0,day_11
Plate 2_A5_Sym_25C,Plate 2,H2-Sym-25C,H2,Sym,A5,25C (ambient),1,13,0,day_13
Plate 2_A5_Sym_25C,Plate 2,H2-Sym-25C,H2,Sym,A5,25C (ambient),1,14,0,day_14
Plate 2_A5_Sym_25C,Plate 2,H2-Sym-25C,H2,Sym,A5,25C (ambient),1,21,0,day_21
Plate 2_A6_Sym_25C,Plate 2,H2-Sym-25C,H2,Sym,A6,25C (ambient),1,0,0,day_0
Plate 2_A6_Sym_25C,Plate 2,H2-Sym-25C,H2,Sym,A6,25C (ambient),1,3,0,day_3
Plate 2_A6_Sym_25C,Plate 2,H2-Sym-25C,H2,Sym,A6,25C (ambient),1,4,0,day_4
Plate 2_A6_Sym_25C,Plate 2,H2-Sym-25C,H2,Sym,A6,25C (ambient),1,5,0,day_5
Plate 2_A6_Sym_25C,Plate 2,H2-Sym-25C,H2,Sym,A6,25C (ambient),1,6,0,day_6
Plate 2_A6_Sym_25C,Plate 2,H2-Sym-25C,H2,Sym,A6,25C (ambient),1,7,0,day_7
Plate 2_A6_Sym_25C,Plate 2,H2-Sym-25C,H2,Sym,A6,25C (ambient),1,8,0,day_8
Plate 2_A6_Sym_25C,Plate 2,H2-Sym-25C,H2,Sym,A6,25C (ambient),1,9,0,day_9
Plate 2_A6_Sym_25C,Plate 2,H2-Sym-25C,H2,Sym,A6,25C (ambient),1,10,0,day_10
Plate 2_A6_Sym_25C,Plate 2,H2-Sym-25C,H2,Sym,A6,25C (ambient),1,11,0,day_11
Plate 2_A6_Sym_25C,Plate 2,H2-Sym-25C,H2,Sym,A6,25C (ambient),1,13,0,day_13
Plate 2_A6_Sym_25C,Plate 2,H2-Sym-25C,H2,Sym,A6,25C (ambient),1,14,0,day_14
Plate 2_A6_Sym_25C,Plate 2,H2-Sym-25C,H2,Sym,A6,25C (ambient),1,21,0,day_21
Plate 2_B1_Sym_25C,Plate 2,H2-Sym-25C,H2,Sym,B1,25C (ambient),1,0,0,day_0
Plate 2_B1_Sym_25C,Plate 2,H2-Sym-25C,H2,Sym,B1,25C (ambient),1,3,0,day_3
Plate 2_B1_Sym_25C,Plate 2,H2-Sym-25C,H2,Sym,B1,25C (ambient),1,4,0,day_4
Plate 2_B1_Sym_25C,Plate 2,H2-Sym-25C,H2,Sym,B1,25C (ambient),1,5,0,day_5
Plate 2_B1_Sym_25C,Plate 2,H2-Sym-25C,H2,Sym,B1,25C (ambient),1,6,0,day_6
Plate 2_B1_Sym_25C,Plate 2,H2-Sym-25C,H2,Sym,B1,25C (ambient),1,7,0,day_7
Plate 2_B1_Sym_25C,Plate 2,H2-Sym-25C,H2,Sym,B1,25C (ambient),1,8,0,day_8
Plate 2_B1_Sym_25C,Plate 2,H2-Sym-25C,H2,Sym,B1,25C (ambient),1,9,0,day_9
Plate 2_B1_Sym_25C,Plate 2,H2-Sym-25C,H2,Sym,B1,25C (ambient),1,10,0,day_10
Plate 2_B1_Sym_25C,Plate 2,H2-Sym-25C,H2,Sym,B1,25C (ambient),1,11,0,day_11
Plate 2_B1_Sym_25C,Plate 2,H2-Sym-25C,H2,Sym,B1,25C (ambient),1,13,0,day_13
Plate 2_B1_Sym_25C,Plate 2,H2-Sym-25C,H2,Sym,B1,25C (ambient),1,14,0,day_14
Plate 2_B1_Sym_25C,Plate 2,H2-Sym-25C,H2,Sym,B1,25C (ambient),1,21,0,day_21
Plate 2_B2_Sym_25C,Plate 2,H2-Sym-25C,H2,Sym,B2,25C (ambient),1,0,0,day_0
Plate 2_B2_Sym_25C,Plate 2,H2-Sym-25C,H2,Sym,B2,25C (ambient),1,3,na,day_3
Plate 2_B2_Sym_25C,Plate 2,H2-Sym-25C,H2,Sym,B2,25C (ambient),1,4,na,day_4
Plate 2_B2_Sym_25C,Plate 2,H2-Sym-25C,H2,Sym,B2,25C (ambient),1,5,na,day_5
Plate 2_B2_Sym_25C,Plate 2,H2-Sym-25C,H2,Sym,B2,25C (ambient),1,6,na,day_6
Plate 2_B2_Sym_25C,Plate 2,H2-Sym-25C,H2,Sym,B2,25C (ambient),1,7,na,day_7
Plate 2_B2_Sym_25C,Plate 2,H2-Sym-25C,H2,Sym,B2,25C (ambient),1,8,na,day_8
Plate 2_B2_Sym_25C,Plate 2,H2-Sym-25C,H2,Sym,B2,25C (ambient),1,9,na,day_9
Plate 2_B2_Sym_25C,Plate 2,H2-Sym-25C,H2,Sym,B2,25C (ambient),1,10,na,day_10
Plate 2_B2_Sym_25C,Plate 2,H2-Sym-25C,H2,Sym,B2,25C (ambient),1,11,na,day_11
Plate 2_B2_Sym_25C,Plate 2,H2-Sym-25C,H2,Sym,B2,25C (ambient),1,13,na,day_13
Plate 2_B2_Sym_25C,Plate 2,H2-Sym-25C,H2,Sym,B2,25C (ambient),1,14,na,day_14
Plate 2_B2_Sym_25C,Plate 2,H2-Sym-25C,H2,Sym,B2,25C (ambient),1,21,na,day_21
Plate 2_B3_Sym_25C,Plate 2,H2-Sym-25C,H2,Sym,B3,25C (ambient),1,0,0,day_0
Plate 2_B3_Sym_25C,Plate 2,H2-Sym-25C,H2,Sym,B3,25C (ambient),1,3,0,day_3
Plate 2_B3_Sym_25C,Plate 2,H2-Sym-25C,H2,Sym,B3,25C (ambient),1,4,0,day_4
Plate 2_B3_Sym_25C,Plate 2,H2-Sym-25C,H2,Sym,B3,25C (ambient),1,5,0,day_5
Plate 2_B3_Sym_25C,Plate 2,H2-Sym-25C,H2,Sym,B3,25C (ambient),1,6,0,day_6
Plate 2_B3_Sym_25C,Plate 2,H2-Sym-25C,H2,Sym,B3,25C (ambient),1,7,na,day_7
Plate 2_B3_Sym_25C,Plate 2,H2-Sym-25C,H2,Sym,B3,25C (ambient),1,8,na,day_8
Plate 2_B3_Sym_25C,Plate 2,H2-Sym-25C,H2,Sym,B3,25C (ambient),1,9,na,day_9
Plate 2_B3_Sym_25C,Plate 2,H2-Sym-25C,H2,Sym,B3,25C (ambient),1,10,na,day_10
Plate 2_B3_Sym_25C,Plate 2,H2-Sym-25C,H2,Sym,B3,25C (ambient),1,11,na,day_11
Plate 2_B3_Sym_25C,Plate 2,H2-Sym-25C,H2,Sym,B3,25C (ambient),1,13,na,day_13
Plate 2_B3_Sym_25C,Plate 2,H2-Sym-25C,H2,Sym,B3,25C (ambient),1,14,na,day_14
Plate 2_B3_Sym_25C,Plate 2,H2-Sym-25C,H2,Sym,B3,25C (ambient),1,21,na,day_21
Plate 2_B4_Sym_25C,Plate 2,H2-Sym-25C,H2,Sym,B4,25C (ambient),1,0,0,day_0
Plate 2_B4_Sym_25C,Plate 2,H2-Sym-25C,H2,Sym,B4,25C (ambient),1,3,0,day_3
Plate 2_B4_Sym_25C,Plate 2,H2-Sym-25C,H2,Sym,B4,25C (ambient),1,4,0,day_4
Plate 2_B4_Sym_25C,Plate 2,H2-Sym-25C,H2,Sym,B4,25C (ambient),1,5,0,day_5
Plate 2_B4_Sym_25C,Plate 2,H2-Sym-25C,H2,Sym,B4,25C (ambient),1,6,0,day_6
Plate 2_B4_Sym_25C,Plate 2,H2-Sym-25C,H2,Sym,B4,25C (ambient),1,7,na,day_7
Plate 2_B4_Sym_25C,Plate 2,H2-Sym-25C,H2,Sym,B4,25C (ambient),1,8,na,day_8
Plate 2_B4_Sym_25C,Plate 2,H2-Sym-25C,H2,Sym,B4,25C (ambient),1,9,na,day_9
Plate 2_B4_Sym_25C,Plate 2,H2-Sym-25C,H2,Sym,B4,25C (ambient),1,10,na,day_10
Plate 2_B4_Sym_25C,Plate 2,H2-Sym-25C,H2,Sym,B4,25C (ambient),1,11,na,day_11
Plate 2_B4_Sym_25C,Plate 2,H2-Sym-25C,H2,Sym,B4,25C (ambient),1,13,na,day_13
Plate 2_B4_Sym_25C,Plate 2,H2-Sym-25C,H2,Sym,B4,25C (ambient),1,14,na,day_14
Plate 2_B4_Sym_25C,Plate 2,H2-Sym-25C,H2,Sym,B4,25C (ambient),1,21,na,day_21
Plate 2_B4_Sym_25C,Plate 2,H2-Sym-25C,H2,Sym,B4,25C (ambient),2,0,na,day_0
Plate 2_B4_Sym_25C,Plate 2,H2-Sym-25C,H2,Sym,B4,25C (ambient),2,3,na,day_3
Plate 2_B4_Sym_25C,Plate 2,H2-Sym-25C,H2,Sym,B4,25C (ambient),2,4,na,day_4
Plate 2_B4_Sym_25C,Plate 2,H2-Sym-25C,H2,Sym,B4,25C (ambient),2,5,na,day_5
Plate 2_B4_Sym_25C,Plate 2,H2-Sym-25C,H2,Sym,B4,25C (ambient),2,6,na,day_6
Plate 2_B4_Sym_25C,Plate 2,H2-Sym-25C,H2,Sym,B4,25C (ambient),2,7,na,day_7
Plate 2_B4_Sym_25C,Plate 2,H2-Sym-25C,H2,Sym,B4,25C (ambient),2,8,na,day_8
Plate 2_B4_Sym_25C,Plate 2,H2-Sym-25C,H2,Sym,B4,25C (ambient),2,9,na,day_9
Plate 2_B4_Sym_25C,Plate 2,H2-Sym-25C,H2,Sym,B4,25C (ambient),2,10,na,day_10
Plate 2_B4_Sym_25C,Plate 2,H2-Sym-25C,H2,Sym,B4,25C (ambient),2,11,na,day_11
Plate 2_B4_Sym_25C,Plate 2,H2-Sym-25C,H2,Sym,B4,25C (ambient),2,13,na,day_13
Plate 2_B4_Sym_25C,Plate 2,H2-Sym-25C,H2,Sym,B4,25C (ambient),2,14,na,day_14
Plate 2_B4_Sym_25C,Plate 2,H2-Sym-25C,H2,Sym,B4,25C (ambient),2,21,na,day_21
Plate 2_B5_Sym_25C,Plate 2,H2-Sym-25C,H2,Sym,B5,25C (ambient),1,0,0,day_0
Plate 2_B5_Sym_25C,Plate 2,H2-Sym-25C,H2,Sym,B5,25C (ambient),1,3,0,day_3
Plate 2_B5_Sym_25C,Plate 2,H2-Sym-25C,H2,Sym,B5,25C (ambient),1,4,0,day_4
Plate 2_B5_Sym_25C,Plate 2,H2-Sym-25C,H2,Sym,B5,25C (ambient),1,5,0,day_5
Plate 2_B5_Sym_25C,Plate 2,H2-Sym-25C,H2,Sym,B5,25C (ambient),1,6,0,day_6
Plate 2_B5_Sym_25C,Plate 2,H2-Sym-25C,H2,Sym,B5,25C (ambient),1,7,0,day_7
Plate 2_B5_Sym_25C,Plate 2,H2-Sym-25C,H2,Sym,B5,25C (ambient),1,8,0,day_8
Plate 2_B5_Sym_25C,Plate 2,H2-Sym-25C,H2,Sym,B5,25C (ambient),1,9,0,day_9
Plate 2_B5_Sym_25C,Plate 2,H2-Sym-25C,H2,Sym,B5,25C (ambient),1,10,0,day_10
Plate 2_B5_Sym_25C,Plate 2,H2-Sym-25C,H2,Sym,B5,25C (ambient),1,11,0,day_11
Plate 2_B5_Sym_25C,Plate 2,H2-Sym-25C,H2,Sym,B5,25C (ambient),1,13,0,day_13
Plate 2_B5_Sym_25C,Plate 2,H2-Sym-25C,H2,Sym,B5,25C (ambient),1,14,0,day_14
Plate 2_B5_Sym_25C,Plate 2,H2-Sym-25C,H2,Sym,B5,25C (ambient),1,21,0,day_21
Plate 2_B5_Sym_25C,Plate 2,H2-Sym-25C,H2,Sym,B5,25C (ambient),2,0,0,day_0
Plate 2_B5_Sym_25C,Plate 2,H2-Sym-25C,H2,Sym,B5,25C (ambient),2,3,0,day_3
Plate 2_B5_Sym_25C,Plate 2,H2-Sym-25C,H2,Sym,B5,25C (ambient),2,4,0,day_4
Plate 2_B5_Sym_25C,Plate 2,H2-Sym-25C,H2,Sym,B5,25C (ambient),2,5,0,day_5
Plate 2_B5_Sym_25C,Plate 2,H2-Sym-25C,H2,Sym,B5,25C (ambient),2,6,0,day_6
Plate 2_B5_Sym_25C,Plate 2,H2-Sym-25C,H2,Sym,B5,25C (ambient),2,7,0,day_7
Plate 2_B5_Sym_25C,Plate 2,H2-Sym-25C,H2,Sym,B5,25C (ambient),2,8,0,day_8
Plate 2_B5_Sym_25C,Plate 2,H2-Sym-25C,H2,Sym,B5,25C (ambient),2,9,0,day_9
Plate 2_B5_Sym_25C,Plate 2,H2-Sym-25C,H2,Sym,B5,25C (ambient),2,10,0,day_10
Plate 2_B5_Sym_25C,Plate 2,H2-Sym-25C,H2,Sym,B5,25C (ambient),2,11,0,day_11
Plate 2_B5_Sym_25C,Plate 2,H2-Sym-25C,H2,Sym,B5,25C (ambient),2,13,0,day_13
Plate 2_B5_Sym_25C,Plate 2,H2-Sym-25C,H2,Sym,B5,25C (ambient),2,14,0,day_14
Plate 2_B5_Sym_25C,Plate 2,H2-Sym-25C,H2,Sym,B5,25C (ambient),2,21,0,day_21
Plate 2_B6_Sym_25C,Plate 2,H2-Sym-25C,H2,Sym,B6,25C (ambient),1,0,0,day_0
Plate 2_B6_Sym_25C,Plate 2,H2-Sym-25C,H2,Sym,B6,25C (ambient),1,3,0,day_3
Plate 2_B6_Sym_25C,Plate 2,H2-Sym-25C,H2,Sym,B6,25C (ambient),1,4,0,day_4
Plate 2_B6_Sym_25C,Plate 2,H2-Sym-25C,H2,Sym,B6,25C (ambient),1,5,0,day_5
Plate 2_B6_Sym_25C,Plate 2,H2-Sym-25C,H2,Sym,B6,25C (ambient),1,6,0,day_6
Plate 2_B6_Sym_25C,Plate 2,H2-Sym-25C,H2,Sym,B6,25C (ambient),1,7,0,day_7
Plate 2_B6_Sym_25C,Plate 2,H2-Sym-25C,H2,Sym,B6,25C (ambient),1,8,0,day_8
Plate 2_B6_Sym_25C,Plate 2,H2-Sym-25C,H2,Sym,B6,25C (ambient),1,9,0,day_9
Plate 2_B6_Sym_25C,Plate 2,H2-Sym-25C,H2,Sym,B6,25C (ambient),1,10,0,day_10
Plate 2_B6_Sym_25C,Plate 2,H2-Sym-25C,H2,Sym,B6,25C (ambient),1,11,0,day_11
Plate 2_B6_Sym_25C,Plate 2,H2-Sym-25C,H2,Sym,B6,25C (ambient),1,13,0,day_13
Plate 2_B6_Sym_25C,Plate 2,H2-Sym-25C,H2,Sym,B6,25C (ambient),1,14,0,day_14
Plate 2_B6_Sym_25C,Plate 2,H2-Sym-25C,H2,Sym,B6,25C (ambient),1,21,0,day_21
Plate 2_C1_Sym_25C,Plate 2,H2-Sym-25C,H2,Sym,C1,25C (ambient),1,0,0,day_0
Plate 2_C1_Sym_25C,Plate 2,H2-Sym-25C,H2,Sym,C1,25C (ambient),1,3,0,day_3
Plate 2_C1_Sym_25C,Plate 2,H2-Sym-25C,H2,Sym,C1,25C (ambient),1,4,0,day_4
Plate 2_C1_Sym_25C,Plate 2,H2-Sym-25C,H2,Sym,C1,25C (ambient),1,5,0,day_5
Plate 2_C1_Sym_25C,Plate 2,H2-Sym-25C,H2,Sym,C1,25C (ambient),1,6,0,day_6
Plate 2_C1_Sym_25C,Plate 2,H2-Sym-25C,H2,Sym,C1,25C (ambient),1,7,0,day_7
Plate 2_C1_Sym_25C,Plate 2,H2-Sym-25C,H2,Sym,C1,25C (ambient),1,8,0,day_8
Plate 2_C1_Sym_25C,Plate 2,H2-Sym-25C,H2,Sym,C1,25C (ambient),1,9,0,day_9
Plate 2_C1_Sym_25C,Plate 2,H2-Sym-25C,H2,Sym,C1,25C (ambient),1,10,0,day_10
Plate 2_C1_Sym_25C,Plate 2,H2-Sym-25C,H2,Sym,C1,25C (ambient),1,11,0,day_11
Plate 2_C1_Sym_25C,Plate 2,H2-Sym-25C,H2,Sym,C1,25C (ambient),1,13,0,day_13
Plate 2_C1_Sym_25C,Plate 2,H2-Sym-25C,H2,Sym,C1,25C (ambient),1,14,0,day_14
Plate 2_C1_Sym_25C,Plate 2,H2-Sym-25C,H2,Sym,C1,25C (ambient),1,21,0,day_21
Plate 2_C2_Sym_25C,Plate 2,H2-Sym-25C,H2,Sym,C2,25C (ambient),1,0,0,day_0
Plate 2_C2_Sym_25C,Plate 2,H2-Sym-25C,H2,Sym,C2,25C (ambient),1,3,0,day_3
Plate 2_C2_Sym_25C,Plate 2,H2-Sym-25C,H2,Sym,C2,25C (ambient),1,4,na,day_4
Plate 2_C2_Sym_25C,Plate 2,H2-Sym-25C,H2,Sym,C2,25C (ambient),1,5,na,day_5
Plate 2_C2_Sym_25C,Plate 2,H2-Sym-25C,H2,Sym,C2,25C (ambient),1,6,na,day_6
Plate 2_C2_Sym_25C,Plate 2,H2-Sym-25C,H2,Sym,C2,25C (ambient),1,7,na,day_7
Plate 2_C2_Sym_25C,Plate 2,H2-Sym-25C,H2,Sym,C2,25C (ambient),1,8,na,day_8
Plate 2_C2_Sym_25C,Plate 2,H2-Sym-25C,H2,Sym,C2,25C (ambient),1,9,na,day_9
Plate 2_C2_Sym_25C,Plate 2,H2-Sym-25C,H2,Sym,C2,25C (ambient),1,10,na,day_10
Plate 2_C2_Sym_25C,Plate 2,H2-Sym-25C,H2,Sym,C2,25C (ambient),1,11,na,day_11
Plate 2_C2_Sym_25C,Plate 2,H2-Sym-25C,H2,Sym,C2,25C (ambient),1,13,na,day_13
Plate 2_C2_Sym_25C,Plate 2,H2-Sym-25C,H2,Sym,C2,25C (ambient),1,14,na,day_14
Plate 2_C2_Sym_25C,Plate 2,H2-Sym-25C,H2,Sym,C2,25C (ambient),1,21,na,day_21
Plate 2_C3_Sym_25C,Plate 2,H2-Sym-25C,H2,Sym,C3,25C (ambient),1,0,0,day_0
Plate 2_C3_Sym_25C,Plate 2,H2-Sym-25C,H2,Sym,C3,25C (ambient),1,3,0,day_3
Plate 2_C3_Sym_25C,Plate 2,H2-Sym-25C,H2,Sym,C3,25C (ambient),1,4,0,day_4
Plate 2_C3_Sym_25C,Plate 2,H2-Sym-25C,H2,Sym,C3,25C (ambient),1,5,0,day_5
Plate 2_C3_Sym_25C,Plate 2,H2-Sym-25C,H2,Sym,C3,25C (ambient),1,6,0,day_6
Plate 2_C3_Sym_25C,Plate 2,H2-Sym-25C,H2,Sym,C3,25C (ambient),1,7,0,day_7
Plate 2_C3_Sym_25C,Plate 2,H2-Sym-25C,H2,Sym,C3,25C (ambient),1,8,na,day_8
Plate 2_C3_Sym_25C,Plate 2,H2-Sym-25C,H2,Sym,C3,25C (ambient),1,9,na,day_9
Plate 2_C3_Sym_25C,Plate 2,H2-Sym-25C,H2,Sym,C3,25C (ambient),1,10,na,day_10
Plate 2_C3_Sym_25C,Plate 2,H2-Sym-25C,H2,Sym,C3,25C (ambient),1,11,na,day_11
Plate 2_C3_Sym_25C,Plate 2,H2-Sym-25C,H2,Sym,C3,25C (ambient),1,13,na,day_13
Plate 2_C3_Sym_25C,Plate 2,H2-Sym-25C,H2,Sym,C3,25C (ambient),1,14,na,day_14
Plate 2_C3_Sym_25C,Plate 2,H2-Sym-25C,H2,Sym,C3,25C (ambient),1,21,na,day_21
Plate 2_C4_Sym_25C,Plate 2,H2-Sym-25C,H2,Sym,C4,25C (ambient),1,0,0,day_0
Plate 2_C4_Sym_25C,Plate 2,H2-Sym-25C,H2,Sym,C4,25C (ambient),1,3,0,day_3
Plate 2_C4_Sym_25C,Plate 2,H2-Sym-25C,H2,Sym,C4,25C (ambient),1,4,0,day_4
Plate 2_C4_Sym_25C,Plate 2,H2-Sym-25C,H2,Sym,C4,25C (ambient),1,5,0,day_5
Plate 2_C4_Sym_25C,Plate 2,H2-Sym-25C,H2,Sym,C4,25C (ambient),1,6,0,day_6
Plate 2_C4_Sym_25C,Plate 2,H2-Sym-25C,H2,Sym,C4,25C (ambient),1,7,0,day_7
Plate 2_C4_Sym_25C,Plate 2,H2-Sym-25C,H2,Sym,C4,25C (ambient),1,8,0,day_8
Plate 2_C4_Sym_25C,Plate 2,H2-Sym-25C,H2,Sym,C4,25C (ambient),1,9,0,day_9
Plate 2_C4_Sym_25C,Plate 2,H2-Sym-25C,H2,Sym,C4,25C (ambient),1,10,0,day_10
Plate 2_C4_Sym_25C,Plate 2,H2-Sym-25C,H2,Sym,C4,25C (ambient),1,11,0,day_11
Plate 2_C4_Sym_25C,Plate 2,H2-Sym-25C,H2,Sym,C4,25C (ambient),1,13,0,day_13
Plate 2_C4_Sym_25C,Plate 2,H2-Sym-25C,H2,Sym,C4,25C (ambient),1,14,0,day_14
Plate 2_C4_Sym_25C,Plate 2,H2-Sym-25C,H2,Sym,C4,25C (ambient),1,21,0,day_21
Plate 2_C5_Sym_25C,Plate 2,H2-Sym-25C,H2,Sym,C5,25C (ambient),1,0,0,day_0
Plate 2_C5_Sym_25C,Plate 2,H2-Sym-25C,H2,Sym,C5,25C (ambient),1,3,0,day_3
Plate 2_C5_Sym_25C,Plate 2,H2-Sym-25C,H2,Sym,C5,25C (ambient),1,4,0,day_4
Plate 2_C5_Sym_25C,Plate 2,H2-Sym-25C,H2,Sym,C5,25C (ambient),1,5,0,day_5
Plate 2_C5_Sym_25C,Plate 2,H2-Sym-25C,H2,Sym,C5,25C (ambient),1,6,0,day_6
Plate 2_C5_Sym_25C,Plate 2,H2-Sym-25C,H2,Sym,C5,25C (ambient),1,7,0,day_7
Plate 2_C5_Sym_25C,Plate 2,H2-Sym-25C,H2,Sym,C5,25C (ambient),1,8,0,day_8
Plate 2_C5_Sym_25C,Plate 2,H2-Sym-25C,H2,Sym,C5,25C (ambient),1,9,4,day_9
Plate 2_C5_Sym_25C,Plate 2,H2-Sym-25C,H2,Sym,C5,25C (ambient),1,10,na,day_10
Plate 2_C5_Sym_25C,Plate 2,H2-Sym-25C,H2,Sym,C5,25C (ambient),1,11,na,day_11
Plate 2_C5_Sym_25C,Plate 2,H2-Sym-25C,H2,Sym,C5,25C (ambient),1,13,na,day_13
Plate 2_C5_Sym_25C,Plate 2,H2-Sym-25C,H2,Sym,C5,25C (ambient),1,14,na,day_14
Plate 2_C5_Sym_25C,Plate 2,H2-Sym-25C,H2,Sym,C5,25C (ambient),1,21,na,day_21
Plate 2_C6_Sym_25C,Plate 2,H2-Sym-25C,H2,Sym,C6,25C (ambient),1,0,0,day_0
Plate 2_C6_Sym_25C,Plate 2,H2-Sym-25C,H2,Sym,C6,25C (ambient),1,3,0,day_3
Plate 2_C6_Sym_25C,Plate 2,H2-Sym-25C,H2,Sym,C6,25C (ambient),1,4,0,day_4
Plate 2_C6_Sym_25C,Plate 2,H2-Sym-25C,H2,Sym,C6,25C (ambient),1,5,0,day_5
Plate 2_C6_Sym_25C,Plate 2,H2-Sym-25C,H2,Sym,C6,25C (ambient),1,6,0,day_6
Plate 2_C6_Sym_25C,Plate 2,H2-Sym-25C,H2,Sym,C6,25C (ambient),1,7,0,day_7
Plate 2_C6_Sym_25C,Plate 2,H2-Sym-25C,H2,Sym,C6,25C (ambient),1,8,0,day_8
Plate 2_C6_Sym_25C,Plate 2,H2-Sym-25C,H2,Sym,C6,25C (ambient),1,9,0,day_9
Plate 2_C6_Sym_25C,Plate 2,H2-Sym-25C,H2,Sym,C6,25C (ambient),1,10,0,day_10
Plate 2_C6_Sym_25C,Plate 2,H2-Sym-25C,H2,Sym,C6,25C (ambient),1,11,0,day_11
Plate 2_C6_Sym_25C,Plate 2,H2-Sym-25C,H2,Sym,C6,25C (ambient),1,13,0,day_13
Plate 2_C6_Sym_25C,Plate 2,H2-Sym-25C,H2,Sym,C6,25C (ambient),1,14,0,day_14
Plate 2_C6_Sym_25C,Plate 2,H2-Sym-25C,H2,Sym,C6,25C (ambient),1,21,0,day_21
Plate 2_C6_Sym_25C,Plate 2,H2-Sym-25C,H2,Sym,C6,25C (ambient),2,0,0,day_0
Plate 2_C6_Sym_25C,Plate 2,H2-Sym-25C,H2,Sym,C6,25C (ambient),2,3,na,day_3
Plate 2_C6_Sym_25C,Plate 2,H2-Sym-25C,H2,Sym,C6,25C (ambient),2,4,na,day_4
Plate 2_C6_Sym_25C,Plate 2,H2-Sym-25C,H2,Sym,C6,25C (ambient),2,5,na,day_5
Plate 2_C6_Sym_25C,Plate 2,H2-Sym-25C,H2,Sym,C6,25C (ambient),2,6,na,day_6
Plate 2_C6_Sym_25C,Plate 2,H2-Sym-25C,H2,Sym,C6,25C (ambient),2,7,na,day_7
Plate 2_C6_Sym_25C,Plate 2,H2-Sym-25C,H2,Sym,C6,25C (ambient),2,8,na,day_8
Plate 2_C6_Sym_25C,Plate 2,H2-Sym-25C,H2,Sym,C6,25C (ambient),2,9,na,day_9
Plate 2_C6_Sym_25C,Plate 2,H2-Sym-25C,H2,Sym,C6,25C (ambient),2,10,na,day_10
Plate 2_C6_Sym_25C,Plate 2,H2-Sym-25C,H2,Sym,C6,25C (ambient),2,11,na,day_11
Plate 2_C6_Sym_25C,Plate 2,H2-Sym-25C,H2,Sym,C6,25C (ambient),2,13,na,day_13
Plate 2_C6_Sym_25C,Plate 2,H2-Sym-25C,H2,Sym,C6,25C (ambient),2,14,na,day_14
Plate 2_C6_Sym_25C,Plate 2,H2-Sym-25C,H2,Sym,C6,25C (ambient),2,21,na,day_21
Plate 2_D1_Sym_25C,Plate 2,H2-Sym-25C,H2,Sym,D1,25C (ambient),1,0,0,day_0
Plate 2_D1_Sym_25C,Plate 2,H2-Sym-25C,H2,Sym,D1,25C (ambient),1,3,0,day_3
Plate 2_D1_Sym_25C,Plate 2,H2-Sym-25C,H2,Sym,D1,25C (ambient),1,4,0,day_4
Plate 2_D1_Sym_25C,Plate 2,H2-Sym-25C,H2,Sym,D1,25C (ambient),1,5,0,day_5
Plate 2_D1_Sym_25C,Plate 2,H2-Sym-25C,H2,Sym,D1,25C (ambient),1,6,0,day_6
Plate 2_D1_Sym_25C,Plate 2,H2-Sym-25C,H2,Sym,D1,25C (ambient),1,7,0,day_7
Plate 2_D1_Sym_25C,Plate 2,H2-Sym-25C,H2,Sym,D1,25C (ambient),1,8,na,day_8
Plate 2_D1_Sym_25C,Plate 2,H2-Sym-25C,H2,Sym,D1,25C (ambient),1,9,na,day_9
Plate 2_D1_Sym_25C,Plate 2,H2-Sym-25C,H2,Sym,D1,25C (ambient),1,10,na,day_10
Plate 2_D1_Sym_25C,Plate 2,H2-Sym-25C,H2,Sym,D1,25C (ambient),1,11,na,day_11
Plate 2_D1_Sym_25C,Plate 2,H2-Sym-25C,H2,Sym,D1,25C (ambient),1,13,na,day_13
Plate 2_D1_Sym_25C,Plate 2,H2-Sym-25C,H2,Sym,D1,25C (ambient),1,14,na,day_14
Plate 2_D1_Sym_25C,Plate 2,H2-Sym-25C,H2,Sym,D1,25C (ambient),1,21,na,day_21
Plate 2_D2_Sym_25C,Plate 2,H2-Sym-25C,H2,Sym,D2,25C (ambient),1,0,0,day_0
Plate 2_D2_Sym_25C,Plate 2,H2-Sym-25C,H2,Sym,D2,25C (ambient),1,3,na,day_3
Plate 2_D2_Sym_25C,Plate 2,H2-Sym-25C,H2,Sym,D2,25C (ambient),1,4,na,day_4
Plate 2_D2_Sym_25C,Plate 2,H2-Sym-25C,H2,Sym,D2,25C (ambient),1,5,na,day_5
Plate 2_D2_Sym_25C,Plate 2,H2-Sym-25C,H2,Sym,D2,25C (ambient),1,6,na,day_6
Plate 2_D2_Sym_25C,Plate 2,H2-Sym-25C,H2,Sym,D2,25C (ambient),1,7,na,day_7
Plate 2_D2_Sym_25C,Plate 2,H2-Sym-25C,H2,Sym,D2,25C (ambient),1,8,na,day_8
Plate 2_D2_Sym_25C,Plate 2,H2-Sym-25C,H2,Sym,D2,25C (ambient),1,9,na,day_9
Plate 2_D2_Sym_25C,Plate 2,H2-Sym-25C,H2,Sym,D2,25C (ambient),1,10,na,day_10
Plate 2_D2_Sym_25C,Plate 2,H2-Sym-25C,H2,Sym,D2,25C (ambient),1,11,na,day_11
Plate 2_D2_Sym_25C,Plate 2,H2-Sym-25C,H2,Sym,D2,25C (ambient),1,13,na,day_13
Plate 2_D2_Sym_25C,Plate 2,H2-Sym-25C,H2,Sym,D2,25C (ambient),1,14,na,day_14
Plate 2_D2_Sym_25C,Plate 2,H2-Sym-25C,H2,Sym,D2,25C (ambient),1,21,na,day_21
Plate 2_D3_Sym_25C,Plate 2,H2-Sym-25C,H2,Sym,D3,25C (ambient),1,0,0,day_0
Plate 2_D3_Sym_25C,Plate 2,H2-Sym-25C,H2,Sym,D3,25C (ambient),1,3,0,day_3
Plate 2_D3_Sym_25C,Plate 2,H2-Sym-25C,H2,Sym,D3,25C (ambient),1,4,0,day_4
Plate 2_D3_Sym_25C,Plate 2,H2-Sym-25C,H2,Sym,D3,25C (ambient),1,5,0,day_5
Plate 2_D3_Sym_25C,Plate 2,H2-Sym-25C,H2,Sym,D3,25C (ambient),1,6,0,day_6
Plate 2_D3_Sym_25C,Plate 2,H2-Sym-25C,H2,Sym,D3,25C (ambient),1,7,0,day_7
Plate 2_D3_Sym_25C,Plate 2,H2-Sym-25C,H2,Sym,D3,25C (ambient),1,8,0,day_8
Plate 2_D3_Sym_25C,Plate 2,H2-Sym-25C,H2,Sym,D3,25C (ambient),1,9,0,day_9
Plate 2_D3_Sym_25C,Plate 2,H2-Sym-25C,H2,Sym,D3,25C (ambient),1,10,0,day_10
Plate 2_D3_Sym_25C,Plate 2,H2-Sym-25C,H2,Sym,D3,25C (ambient),1,11,0,day_11
Plate 2_D3_Sym_25C,Plate 2,H2-Sym-25C,H2,Sym,D3,25C (ambient),1,13,0,day_13
Plate 2_D3_Sym_25C,Plate 2,H2-Sym-25C,H2,Sym,D3,25C (ambient),1,14,0,day_14
Plate 2_D3_Sym_25C,Plate 2,H2-Sym-25C,H2,Sym,D3,25C (ambient),1,21,0,day_21
Plate 2_D4_Sym_25C,Plate 2,H2-Sym-25C,H2,Sym,D4,25C (ambient),1,0,0,day_0
Plate 2_D4_Sym_25C,Plate 2,H2-Sym-25C,H2,Sym,D4,25C (ambient),1,3,0,day_3
Plate 2_D4_Sym_25C,Plate 2,H2-Sym-25C,H2,Sym,D4,25C (ambient),1,4,0,day_4
Plate 2_D4_Sym_25C,Plate 2,H2-Sym-25C,H2,Sym,D4,25C (ambient),1,5,0,day_5
Plate 2_D4_Sym_25C,Plate 2,H2-Sym-25C,H2,Sym,D4,25C (ambient),1,6,0,day_6
Plate 2_D4_Sym_25C,Plate 2,H2-Sym-25C,H2,Sym,D4,25C (ambient),1,7,0,day_7
Plate 2_D4_Sym_25C,Plate 2,H2-Sym-25C,H2,Sym,D4,25C (ambient),1,8,0,day_8
Plate 2_D4_Sym_25C,Plate 2,H2-Sym-25C,H2,Sym,D4,25C (ambient),1,9,0,day_9
Plate 2_D4_Sym_25C,Plate 2,H2-Sym-25C,H2,Sym,D4,25C (ambient),1,10,0,day_10
Plate 2_D4_Sym_25C,Plate 2,H2-Sym-25C,H2,Sym,D4,25C (ambient),1,11,0,day_11
Plate 2_D4_Sym_25C,Plate 2,H2-Sym-25C,H2,Sym,D4,25C (ambient),1,13,0,day_13
Plate 2_D4_Sym_25C,Plate 2,H2-Sym-25C,H2,Sym,D4,25C (ambient),1,14,0,day_14
Plate 2_D4_Sym_25C,Plate 2,H2-Sym-25C,H2,Sym,D4,25C (ambient),1,21,0,day_21
Plate 2_D4_Sym_25C,Plate 2,H2-Sym-25C,H2,Sym,D4,25C (ambient),2,0,0,day_0
Plate 2_D4_Sym_25C,Plate 2,H2-Sym-25C,H2,Sym,D4,25C (ambient),2,3,0,day_3
Plate 2_D4_Sym_25C,Plate 2,H2-Sym-25C,H2,Sym,D4,25C (ambient),2,4,na,day_4
Plate 2_D4_Sym_25C,Plate 2,H2-Sym-25C,H2,Sym,D4,25C (ambient),2,5,na,day_5
Plate 2_D4_Sym_25C,Plate 2,H2-Sym-25C,H2,Sym,D4,25C (ambient),2,6,na,day_6
Plate 2_D4_Sym_25C,Plate 2,H2-Sym-25C,H2,Sym,D4,25C (ambient),2,7,na,day_7
Plate 2_D4_Sym_25C,Plate 2,H2-Sym-25C,H2,Sym,D4,25C (ambient),2,8,na,day_8
Plate 2_D4_Sym_25C,Plate 2,H2-Sym-25C,H2,Sym,D4,25C (ambient),2,9,na,day_9
Plate 2_D4_Sym_25C,Plate 2,H2-Sym-25C,H2,Sym,D4,25C (ambient),2,10,na,day_10
Plate 2_D4_Sym_25C,Plate 2,H2-Sym-25C,H2,Sym,D4,25C (ambient),2,11,na,day_11
Plate 2_D4_Sym_25C,Plate 2,H2-Sym-25C,H2,Sym,D4,25C (ambient),2,13,na,day_13
Plate 2_D4_Sym_25C,Plate 2,H2-Sym-25C,H2,Sym,D4,25C (ambient),2,14,na,day_14
Plate 2_D4_Sym_25C,Plate 2,H2-Sym-25C,H2,Sym,D4,25C (ambient),2,21,na,day_21
Plate 2_D5_Sym_25C,Plate 2,H2-Sym-25C,H2,Sym,D5,25C (ambient),1,0,0,day_0
Plate 2_D5_Sym_25C,Plate 2,H2-Sym-25C,H2,Sym,D5,25C (ambient),1,3,0,day_3
Plate 2_D5_Sym_25C,Plate 2,H2-Sym-25C,H2,Sym,D5,25C (ambient),1,4,na,day_4
Plate 2_D5_Sym_25C,Plate 2,H2-Sym-25C,H2,Sym,D5,25C (ambient),1,5,na,day_5
Plate 2_D5_Sym_25C,Plate 2,H2-Sym-25C,H2,Sym,D5,25C (ambient),1,6,na,day_6
Plate 2_D5_Sym_25C,Plate 2,H2-Sym-25C,H2,Sym,D5,25C (ambient),1,7,na,day_7
Plate 2_D5_Sym_25C,Plate 2,H2-Sym-25C,H2,Sym,D5,25C (ambient),1,8,na,day_8
Plate 2_D5_Sym_25C,Plate 2,H2-Sym-25C,H2,Sym,D5,25C (ambient),1,9,na,day_9
Plate 2_D5_Sym_25C,Plate 2,H2-Sym-25C,H2,Sym,D5,25C (ambient),1,10,na,day_10
Plate 2_D5_Sym_25C,Plate 2,H2-Sym-25C,H2,Sym,D5,25C (ambient),1,11,na,day_11
Plate 2_D5_Sym_25C,Plate 2,H2-Sym-25C,H2,Sym,D5,25C (ambient),1,13,na,day_13
Plate 2_D5_Sym_25C,Plate 2,H2-Sym-25C,H2,Sym,D5,25C (ambient),1,14,na,day_14
Plate 2_D5_Sym_25C,Plate 2,H2-Sym-25C,H2,Sym,D5,25C (ambient),1,21,na,day_21
Plate 2_D6_Sym_25C,Plate 2,H2-Sym-25C,H2,Sym,D6,25C (ambient),1,0,0,day_0
Plate 2_D6_Sym_25C,Plate 2,H2-Sym-25C,H2,Sym,D6,25C (ambient),1,3,na,day_3
Plate 2_D6_Sym_25C,Plate 2,H2-Sym-25C,H2,Sym,D6,25C (ambient),1,4,na,day_4
Plate 2_D6_Sym_25C,Plate 2,H2-Sym-25C,H2,Sym,D6,25C (ambient),1,5,na,day_5
Plate 2_D6_Sym_25C,Plate 2,H2-Sym-25C,H2,Sym,D6,25C (ambient),1,6,na,day_6
Plate 2_D6_Sym_25C,Plate 2,H2-Sym-25C,H2,Sym,D6,25C (ambient),1,7,na,day_7
Plate 2_D6_Sym_25C,Plate 2,H2-Sym-25C,H2,Sym,D6,25C (ambient),1,8,na,day_8
Plate 2_D6_Sym_25C,Plate 2,H2-Sym-25C,H2,Sym,D6,25C (ambient),1,9,na,day_9
Plate 2_D6_Sym_25C,Plate 2,H2-Sym-25C,H2,Sym,D6,25C (ambient),1,10,na,day_10
Plate 2_D6_Sym_25C,Plate 2,H2-Sym-25C,H2,Sym,D6,25C (ambient),1,11,na,day_11
Plate 2_D6_Sym_25C,Plate 2,H2-Sym-25C,H2,Sym,D6,25C (ambient),1,13,na,day_13
Plate 2_D6_Sym_25C,Plate 2,H2-Sym-25C,H2,Sym,D6,25C (ambient),1,14,na,day_14
Plate 2_D6_Sym_25C,Plate 2,H2-Sym-25C,H2,Sym,D6,25C (ambient),1,21,na,day_21
Plate 3_A1_Sym_25C,Plate 3,H2-Sym-25C,H2,Sym,A1,25C (ambient),1,0,0,day_0
Plate 3_A1_Sym_25C,Plate 3,H2-Sym-25C,H2,Sym,A1,25C (ambient),1,3,edu,day_3
Plate 3_A1_Sym_25C,Plate 3,H2-Sym-25C,H2,Sym,A1,25C (ambient),1,4,edu,day_4
Plate 3_A1_Sym_25C,Plate 3,H2-Sym-25C,H2,Sym,A1,25C (ambient),1,5,edu,day_5
Plate 3_A1_Sym_25C,Plate 3,H2-Sym-25C,H2,Sym,A1,25C (ambient),1,6,edu,day_6
Plate 3_A1_Sym_25C,Plate 3,H2-Sym-25C,H2,Sym,A1,25C (ambient),1,7,edu,day_7
Plate 3_A1_Sym_25C,Plate 3,H2-Sym-25C,H2,Sym,A1,25C (ambient),1,8,edu,day_8
Plate 3_A1_Sym_25C,Plate 3,H2-Sym-25C,H2,Sym,A1,25C (ambient),1,9,edu,day_9
Plate 3_A1_Sym_25C,Plate 3,H2-Sym-25C,H2,Sym,A1,25C (ambient),1,10,edu,day_10
Plate 3_A1_Sym_25C,Plate 3,H2-Sym-25C,H2,Sym,A1,25C (ambient),1,11,edu,day_11
Plate 3_A1_Sym_25C,Plate 3,H2-Sym-25C,H2,Sym,A1,25C (ambient),1,13,edu,day_13
Plate 3_A1_Sym_25C,Plate 3,H2-Sym-25C,H2,Sym,A1,25C (ambient),1,14,edu,day_14
Plate 3_A1_Sym_25C,Plate 3,H2-Sym-25C,H2,Sym,A1,25C (ambient),1,21,edu,day_21
Plate 3_A1_Sym_25C,Plate 3,H2-Sym-25C,H2,Sym,A1,25C (ambient),2,0,0,day_0
Plate 3_A1_Sym_25C,Plate 3,H2-Sym-25C,H2,Sym,A1,25C (ambient),2,3,edu,day_3
Plate 3_A1_Sym_25C,Plate 3,H2-Sym-25C,H2,Sym,A1,25C (ambient),2,4,edu,day_4
Plate 3_A1_Sym_25C,Plate 3,H2-Sym-25C,H2,Sym,A1,25C (ambient),2,5,edu,day_5
Plate 3_A1_Sym_25C,Plate 3,H2-Sym-25C,H2,Sym,A1,25C (ambient),2,6,edu,day_6
Plate 3_A1_Sym_25C,Plate 3,H2-Sym-25C,H2,Sym,A1,25C (ambient),2,7,edu,day_7
Plate 3_A1_Sym_25C,Plate 3,H2-Sym-25C,H2,Sym,A1,25C (ambient),2,8,edu,day_8
Plate 3_A1_Sym_25C,Plate 3,H2-Sym-25C,H2,Sym,A1,25C (ambient),2,9,edu,day_9
Plate 3_A1_Sym_25C,Plate 3,H2-Sym-25C,H2,Sym,A1,25C (ambient),2,10,edu,day_10
Plate 3_A1_Sym_25C,Plate 3,H2-Sym-25C,H2,Sym,A1,25C (ambient),2,11,edu,day_11
Plate 3_A1_Sym_25C,Plate 3,H2-Sym-25C,H2,Sym,A1,25C (ambient),2,13,edu,day_13
Plate 3_A1_Sym_25C,Plate 3,H2-Sym-25C,H2,Sym,A1,25C (ambient),2,14,edu,day_14
Plate 3_A1_Sym_25C,Plate 3,H2-Sym-25C,H2,Sym,A1,25C (ambient),2,21,edu,day_21
Plate 3_A2_Sym_25C,Plate 3,H2-Sym-25C,H2,Sym,A2,25C (ambient),1,0,0,day_0
Plate 3_A2_Sym_25C,Plate 3,H2-Sym-25C,H2,Sym,A2,25C (ambient),1,3,edu,day_3
Plate 3_A2_Sym_25C,Plate 3,H2-Sym-25C,H2,Sym,A2,25C (ambient),1,4,edu,day_4
Plate 3_A2_Sym_25C,Plate 3,H2-Sym-25C,H2,Sym,A2,25C (ambient),1,5,edu,day_5
Plate 3_A2_Sym_25C,Plate 3,H2-Sym-25C,H2,Sym,A2,25C (ambient),1,6,edu,day_6
Plate 3_A2_Sym_25C,Plate 3,H2-Sym-25C,H2,Sym,A2,25C (ambient),1,7,edu,day_7
Plate 3_A2_Sym_25C,Plate 3,H2-Sym-25C,H2,Sym,A2,25C (ambient),1,8,edu,day_8
Plate 3_A2_Sym_25C,Plate 3,H2-Sym-25C,H2,Sym,A2,25C (ambient),1,9,edu,day_9
Plate 3_A2_Sym_25C,Plate 3,H2-Sym-25C,H2,Sym,A2,25C (ambient),1,10,edu,day_10
Plate 3_A2_Sym_25C,Plate 3,H2-Sym-25C,H2,Sym,A2,25C (ambient),1,11,edu,day_11
Plate 3_A2_Sym_25C,Plate 3,H2-Sym-25C,H2,Sym,A2,25C (ambient),1,13,edu,day_13
Plate 3_A2_Sym_25C,Plate 3,H2-Sym-25C,H2,Sym,A2,25C (ambient),1,14,edu,day_14
Plate 3_A2_Sym_25C,Plate 3,H2-Sym-25C,H2,Sym,A2,25C (ambient),1,21,edu,day_21
Plate 3_A3_Sym_25C,Plate 3,H2-Sym-25C,H2,Sym,A3,25C (ambient),1,0,0,day_0
Plate 3_A3_Sym_25C,Plate 3,H2-Sym-25C,H2,Sym,A3,25C (ambient),1,3,edu,day_3
Plate 3_A3_Sym_25C,Plate 3,H2-Sym-25C,H2,Sym,A3,25C (ambient),1,4,edu,day_4
Plate 3_A3_Sym_25C,Plate 3,H2-Sym-25C,H2,Sym,A3,25C (ambient),1,5,edu,day_5
Plate 3_A3_Sym_25C,Plate 3,H2-Sym-25C,H2,Sym,A3,25C (ambient),1,6,edu,day_6
Plate 3_A3_Sym_25C,Plate 3,H2-Sym-25C,H2,Sym,A3,25C (ambient),1,7,edu,day_7
Plate 3_A3_Sym_25C,Plate 3,H2-Sym-25C,H2,Sym,A3,25C (ambient),1,8,edu,day_8
Plate 3_A3_Sym_25C,Plate 3,H2-Sym-25C,H2,Sym,A3,25C (ambient),1,9,edu,day_9
Plate 3_A3_Sym_25C,Plate 3,H2-Sym-25C,H2,Sym,A3,25C (ambient),1,10,edu,day_10
Plate 3_A3_Sym_25C,Plate 3,H2-Sym-25C,H2,Sym,A3,25C (ambient),1,11,edu,day_11
Plate 3_A3_Sym_25C,Plate 3,H2-Sym-25C,H2,Sym,A3,25C (ambient),1,13,edu,day_13
Plate 3_A3_Sym_25C,Plate 3,H2-Sym-25C,H2,Sym,A3,25C (ambient),1,14,edu,day_14
Plate 3_A3_Sym_25C,Plate 3,H2-Sym-25C,H2,Sym,A3,25C (ambient),1,21,edu,day_21
Plate 3_A4_Sym_25C,Plate 3,H2-Sym-25C,H2,Sym,A4,25C (ambient),1,0,0,day_0
Plate 3_A4_Sym_25C,Plate 3,H2-Sym-25C,H2,Sym,A4,25C (ambient),1,3,edu,day_3
Plate 3_A4_Sym_25C,Plate 3,H2-Sym-25C,H2,Sym,A4,25C (ambient),1,4,edu,day_4
Plate 3_A4_Sym_25C,Plate 3,H2-Sym-25C,H2,Sym,A4,25C (ambient),1,5,edu,day_5
Plate 3_A4_Sym_25C,Plate 3,H2-Sym-25C,H2,Sym,A4,25C (ambient),1,6,edu,day_6
Plate 3_A4_Sym_25C,Plate 3,H2-Sym-25C,H2,Sym,A4,25C (ambient),1,7,edu,day_7
Plate 3_A4_Sym_25C,Plate 3,H2-Sym-25C,H2,Sym,A4,25C (ambient),1,8,edu,day_8
Plate 3_A4_Sym_25C,Plate 3,H2-Sym-25C,H2,Sym,A4,25C (ambient),1,9,edu,day_9
Plate 3_A4_Sym_25C,Plate 3,H2-Sym-25C,H2,Sym,A4,25C (ambient),1,10,edu,day_10
Plate 3_A4_Sym_25C,Plate 3,H2-Sym-25C,H2,Sym,A4,25C (ambient),1,11,edu,day_11
Plate 3_A4_Sym_25C,Plate 3,H2-Sym-25C,H2,Sym,A4,25C (ambient),1,13,edu,day_13
Plate 3_A4_Sym_25C,Plate 3,H2-Sym-25C,H2,Sym,A4,25C (ambient),1,14,edu,day_14
Plate 3_A4_Sym_25C,Plate 3,H2-Sym-25C,H2,Sym,A4,25C (ambient),1,21,edu,day_21
Plate 3_A5_Sym_25C,Plate 3,H2-Sym-25C,H2,Sym,A5,25C (ambient),1,0,0,day_0
Plate 3_A5_Sym_25C,Plate 3,H2-Sym-25C,H2,Sym,A5,25C (ambient),1,3,edu,day_3
Plate 3_A5_Sym_25C,Plate 3,H2-Sym-25C,H2,Sym,A5,25C (ambient),1,4,edu,day_4
Plate 3_A5_Sym_25C,Plate 3,H2-Sym-25C,H2,Sym,A5,25C (ambient),1,5,edu,day_5
Plate 3_A5_Sym_25C,Plate 3,H2-Sym-25C,H2,Sym,A5,25C (ambient),1,6,edu,day_6
Plate 3_A5_Sym_25C,Plate 3,H2-Sym-25C,H2,Sym,A5,25C (ambient),1,7,edu,day_7
Plate 3_A5_Sym_25C,Plate 3,H2-Sym-25C,H2,Sym,A5,25C (ambient),1,8,edu,day_8
Plate 3_A5_Sym_25C,Plate 3,H2-Sym-25C,H2,Sym,A5,25C (ambient),1,9,edu,day_9
Plate 3_A5_Sym_25C,Plate 3,H2-Sym-25C,H2,Sym,A5,25C (ambient),1,10,edu,day_10
Plate 3_A5_Sym_25C,Plate 3,H2-Sym-25C,H2,Sym,A5,25C (ambient),1,11,edu,day_11
Plate 3_A5_Sym_25C,Plate 3,H2-Sym-25C,H2,Sym,A5,25C (ambient),1,13,edu,day_13
Plate 3_A5_Sym_25C,Plate 3,H2-Sym-25C,H2,Sym,A5,25C (ambient),1,14,edu,day_14
Plate 3_A5_Sym_25C,Plate 3,H2-Sym-25C,H2,Sym,A5,25C (ambient),1,21,edu,day_21
Plate 3_A6_Sym_25C,Plate 3,H2-Sym-25C,H2,Sym,A6,25C (ambient),1,0,0,day_0
Plate 3_A6_Sym_25C,Plate 3,H2-Sym-25C,H2,Sym,A6,25C (ambient),1,3,edu,day_3
Plate 3_A6_Sym_25C,Plate 3,H2-Sym-25C,H2,Sym,A6,25C (ambient),1,4,edu,day_4
Plate 3_A6_Sym_25C,Plate 3,H2-Sym-25C,H2,Sym,A6,25C (ambient),1,5,edu,day_5
Plate 3_A6_Sym_25C,Plate 3,H2-Sym-25C,H2,Sym,A6,25C (ambient),1,6,edu,day_6
Plate 3_A6_Sym_25C,Plate 3,H2-Sym-25C,H2,Sym,A6,25C (ambient),1,7,edu,day_7
Plate 3_A6_Sym_25C,Plate 3,H2-Sym-25C,H2,Sym,A6,25C (ambient),1,8,edu,day_8
Plate 3_A6_Sym_25C,Plate 3,H2-Sym-25C,H2,Sym,A6,25C (ambient),1,9,edu,day_9
Plate 3_A6_Sym_25C,Plate 3,H2-Sym-25C,H2,Sym,A6,25C (ambient),1,10,edu,day_10
Plate 3_A6_Sym_25C,Plate 3,H2-Sym-25C,H2,Sym,A6,25C (ambient),1,11,edu,day_11
Plate 3_A6_Sym_25C,Plate 3,H2-Sym-25C,H2,Sym,A6,25C (ambient),1,13,edu,day_13
Plate 3_A6_Sym_25C,Plate 3,H2-Sym-25C,H2,Sym,A6,25C (ambient),1,14,edu,day_14
Plate 3_A6_Sym_25C,Plate 3,H2-Sym-25C,H2,Sym,A6,25C (ambient),1,21,edu,day_21
Plate 3_B1_Sym_25C,Plate 3,H2-Sym-25C,H2,Sym,B1,25C (ambient),1,0,0,day_0
Plate 3_B1_Sym_25C,Plate 3,H2-Sym-25C,H2,Sym,B1,25C (ambient),1,3,0,day_3
Plate 3_B1_Sym_25C,Plate 3,H2-Sym-25C,H2,Sym,B1,25C (ambient),1,4,0,day_4
Plate 3_B1_Sym_25C,Plate 3,H2-Sym-25C,H2,Sym,B1,25C (ambient),1,5,0,day_5
Plate 3_B1_Sym_25C,Plate 3,H2-Sym-25C,H2,Sym,B1,25C (ambient),1,6,edu,day_6
Plate 3_B1_Sym_25C,Plate 3,H2-Sym-25C,H2,Sym,B1,25C (ambient),1,7,edu,day_7
Plate 3_B1_Sym_25C,Plate 3,H2-Sym-25C,H2,Sym,B1,25C (ambient),1,8,edu,day_8
Plate 3_B1_Sym_25C,Plate 3,H2-Sym-25C,H2,Sym,B1,25C (ambient),1,9,edu,day_9
Plate 3_B1_Sym_25C,Plate 3,H2-Sym-25C,H2,Sym,B1,25C (ambient),1,10,edu,day_10
Plate 3_B1_Sym_25C,Plate 3,H2-Sym-25C,H2,Sym,B1,25C (ambient),1,11,edu,day_11
Plate 3_B1_Sym_25C,Plate 3,H2-Sym-25C,H2,Sym,B1,25C (ambient),1,13,edu,day_13
Plate 3_B1_Sym_25C,Plate 3,H2-Sym-25C,H2,Sym,B1,25C (ambient),1,14,edu,day_14
Plate 3_B1_Sym_25C,Plate 3,H2-Sym-25C,H2,Sym,B1,25C (ambient),1,21,edu,day_21
Plate 3_B1_Sym_25C,Plate 3,H2-Sym-25C,H2,Sym,B1,25C (ambient),2,0,0,day_0
Plate 3_B1_Sym_25C,Plate 3,H2-Sym-25C,H2,Sym,B1,25C (ambient),2,3,na,day_3
Plate 3_B1_Sym_25C,Plate 3,H2-Sym-25C,H2,Sym,B1,25C (ambient),2,4,na,day_4
Plate 3_B1_Sym_25C,Plate 3,H2-Sym-25C,H2,Sym,B1,25C (ambient),2,5,na,day_5
Plate 3_B1_Sym_25C,Plate 3,H2-Sym-25C,H2,Sym,B1,25C (ambient),2,6,edu,day_6
Plate 3_B1_Sym_25C,Plate 3,H2-Sym-25C,H2,Sym,B1,25C (ambient),2,7,edu,day_7
Plate 3_B1_Sym_25C,Plate 3,H2-Sym-25C,H2,Sym,B1,25C (ambient),2,8,edu,day_8
Plate 3_B1_Sym_25C,Plate 3,H2-Sym-25C,H2,Sym,B1,25C (ambient),2,9,edu,day_9
Plate 3_B1_Sym_25C,Plate 3,H2-Sym-25C,H2,Sym,B1,25C (ambient),2,10,edu,day_10
Plate 3_B1_Sym_25C,Plate 3,H2-Sym-25C,H2,Sym,B1,25C (ambient),2,11,edu,day_11
Plate 3_B1_Sym_25C,Plate 3,H2-Sym-25C,H2,Sym,B1,25C (ambient),2,13,edu,day_13
Plate 3_B1_Sym_25C,Plate 3,H2-Sym-25C,H2,Sym,B1,25C (ambient),2,14,edu,day_14
Plate 3_B1_Sym_25C,Plate 3,H2-Sym-25C,H2,Sym,B1,25C (ambient),2,21,edu,day_21
Plate 3_B2_Sym_25C,Plate 3,H2-Sym-25C,H2,Sym,B2,25C (ambient),1,0,0,day_0
Plate 3_B2_Sym_25C,Plate 3,H2-Sym-25C,H2,Sym,B2,25C (ambient),1,3,0,day_3
Plate 3_B2_Sym_25C,Plate 3,H2-Sym-25C,H2,Sym,B2,25C (ambient),1,4,0,day_4
Plate 3_B2_Sym_25C,Plate 3,H2-Sym-25C,H2,Sym,B2,25C (ambient),1,5,0,day_5
Plate 3_B2_Sym_25C,Plate 3,H2-Sym-25C,H2,Sym,B2,25C (ambient),1,6,edu,day_6
Plate 3_B2_Sym_25C,Plate 3,H2-Sym-25C,H2,Sym,B2,25C (ambient),1,7,edu,day_7
Plate 3_B2_Sym_25C,Plate 3,H2-Sym-25C,H2,Sym,B2,25C (ambient),1,8,edu,day_8
Plate 3_B2_Sym_25C,Plate 3,H2-Sym-25C,H2,Sym,B2,25C (ambient),1,9,edu,day_9
Plate 3_B2_Sym_25C,Plate 3,H2-Sym-25C,H2,Sym,B2,25C (ambient),1,10,edu,day_10
Plate 3_B2_Sym_25C,Plate 3,H2-Sym-25C,H2,Sym,B2,25C (ambient),1,11,edu,day_11
Plate 3_B2_Sym_25C,Plate 3,H2-Sym-25C,H2,Sym,B2,25C (ambient),1,13,edu,day_13
Plate 3_B2_Sym_25C,Plate 3,H2-Sym-25C,H2,Sym,B2,25C (ambient),1,14,edu,day_14
Plate 3_B2_Sym_25C,Plate 3,H2-Sym-25C,H2,Sym,B2,25C (ambient),1,21,edu,day_21
Plate 3_B3_Sym_25C,Plate 3,H2-Sym-25C,H2,Sym,B3,25C (ambient),1,0,0,day_0
Plate 3_B3_Sym_25C,Plate 3,H2-Sym-25C,H2,Sym,B3,25C (ambient),1,3,0,day_3
Plate 3_B3_Sym_25C,Plate 3,H2-Sym-25C,H2,Sym,B3,25C (ambient),1,4,na,day_4
Plate 3_B3_Sym_25C,Plate 3,H2-Sym-25C,H2,Sym,B3,25C (ambient),1,5,na,day_5
Plate 3_B3_Sym_25C,Plate 3,H2-Sym-25C,H2,Sym,B3,25C (ambient),1,6,na,day_6
Plate 3_B3_Sym_25C,Plate 3,H2-Sym-25C,H2,Sym,B3,25C (ambient),1,7,na,day_7
Plate 3_B3_Sym_25C,Plate 3,H2-Sym-25C,H2,Sym,B3,25C (ambient),1,8,na,day_8
Plate 3_B3_Sym_25C,Plate 3,H2-Sym-25C,H2,Sym,B3,25C (ambient),1,9,na,day_9
Plate 3_B3_Sym_25C,Plate 3,H2-Sym-25C,H2,Sym,B3,25C (ambient),1,10,na,day_10
Plate 3_B3_Sym_25C,Plate 3,H2-Sym-25C,H2,Sym,B3,25C (ambient),1,11,na,day_11
Plate 3_B3_Sym_25C,Plate 3,H2-Sym-25C,H2,Sym,B3,25C (ambient),1,13,na,day_13
Plate 3_B3_Sym_25C,Plate 3,H2-Sym-25C,H2,Sym,B3,25C (ambient),1,14,na,day_14
Plate 3_B3_Sym_25C,Plate 3,H2-Sym-25C,H2,Sym,B3,25C (ambient),1,21,na,day_21
Plate 3_B3_Sym_25C,Plate 3,H2-Sym-25C,H2,Sym,B3,25C (ambient),2,0,0,day_0
Plate 3_B3_Sym_25C,Plate 3,H2-Sym-25C,H2,Sym,B3,25C (ambient),2,3,na,day_3
Plate 3_B3_Sym_25C,Plate 3,H2-Sym-25C,H2,Sym,B3,25C (ambient),2,4,na,day_4
Plate 3_B3_Sym_25C,Plate 3,H2-Sym-25C,H2,Sym,B3,25C (ambient),2,5,na,day_5
Plate 3_B3_Sym_25C,Plate 3,H2-Sym-25C,H2,Sym,B3,25C (ambient),2,6,na,day_6
Plate 3_B3_Sym_25C,Plate 3,H2-Sym-25C,H2,Sym,B3,25C (ambient),2,7,na,day_7
Plate 3_B3_Sym_25C,Plate 3,H2-Sym-25C,H2,Sym,B3,25C (ambient),2,8,na,day_8
Plate 3_B3_Sym_25C,Plate 3,H2-Sym-25C,H2,Sym,B3,25C (ambient),2,9,na,day_9
Plate 3_B3_Sym_25C,Plate 3,H2-Sym-25C,H2,Sym,B3,25C (ambient),2,10,na,day_10
Plate 3_B3_Sym_25C,Plate 3,H2-Sym-25C,H2,Sym,B3,25C (ambient),2,11,na,day_11
Plate 3_B3_Sym_25C,Plate 3,H2-Sym-25C,H2,Sym,B3,25C (ambient),2,13,na,day_13
Plate 3_B3_Sym_25C,Plate 3,H2-Sym-25C,H2,Sym,B3,25C (ambient),2,14,na,day_14
Plate 3_B3_Sym_25C,Plate 3,H2-Sym-25C,H2,Sym,B3,25C (ambient),2,21,na,day_21
Plate 3_B4_Sym_25C,Plate 3,H2-Sym-25C,H2,Sym,B4,25C (ambient),1,0,0,day_0
Plate 3_B4_Sym_25C,Plate 3,H2-Sym-25C,H2,Sym,B4,25C (ambient),1,3,na,day_3
Plate 3_B4_Sym_25C,Plate 3,H2-Sym-25C,H2,Sym,B4,25C (ambient),1,4,na,day_4
Plate 3_B4_Sym_25C,Plate 3,H2-Sym-25C,H2,Sym,B4,25C (ambient),1,5,na,day_5
Plate 3_B4_Sym_25C,Plate 3,H2-Sym-25C,H2,Sym,B4,25C (ambient),1,6,na,day_6
Plate 3_B4_Sym_25C,Plate 3,H2-Sym-25C,H2,Sym,B4,25C (ambient),1,7,na,day_7
Plate 3_B4_Sym_25C,Plate 3,H2-Sym-25C,H2,Sym,B4,25C (ambient),1,8,na,day_8
Plate 3_B4_Sym_25C,Plate 3,H2-Sym-25C,H2,Sym,B4,25C (ambient),1,9,na,day_9
Plate 3_B4_Sym_25C,Plate 3,H2-Sym-25C,H2,Sym,B4,25C (ambient),1,10,na,day_10
Plate 3_B4_Sym_25C,Plate 3,H2-Sym-25C,H2,Sym,B4,25C (ambient),1,11,na,day_11
Plate 3_B4_Sym_25C,Plate 3,H2-Sym-25C,H2,Sym,B4,25C (ambient),1,13,na,day_13
Plate 3_B4_Sym_25C,Plate 3,H2-Sym-25C,H2,Sym,B4,25C (ambient),1,14,na,day_14
Plate 3_B4_Sym_25C,Plate 3,H2-Sym-25C,H2,Sym,B4,25C (ambient),1,21,na,day_21
Plate 3_B5_Sym_25C,Plate 3,H2-Sym-25C,H2,Sym,B5,25C (ambient),1,0,0,day_0
Plate 3_B5_Sym_25C,Plate 3,H2-Sym-25C,H2,Sym,B5,25C (ambient),1,3,0,day_3
Plate 3_B5_Sym_25C,Plate 3,H2-Sym-25C,H2,Sym,B5,25C (ambient),1,4,na,day_4
Plate 3_B5_Sym_25C,Plate 3,H2-Sym-25C,H2,Sym,B5,25C (ambient),1,5,na,day_5
Plate 3_B5_Sym_25C,Plate 3,H2-Sym-25C,H2,Sym,B5,25C (ambient),1,6,na,day_6
Plate 3_B5_Sym_25C,Plate 3,H2-Sym-25C,H2,Sym,B5,25C (ambient),1,7,na,day_7
Plate 3_B5_Sym_25C,Plate 3,H2-Sym-25C,H2,Sym,B5,25C (ambient),1,8,na,day_8
Plate 3_B5_Sym_25C,Plate 3,H2-Sym-25C,H2,Sym,B5,25C (ambient),1,9,na,day_9
Plate 3_B5_Sym_25C,Plate 3,H2-Sym-25C,H2,Sym,B5,25C (ambient),1,10,na,day_10
Plate 3_B5_Sym_25C,Plate 3,H2-Sym-25C,H2,Sym,B5,25C (ambient),1,11,na,day_11
Plate 3_B5_Sym_25C,Plate 3,H2-Sym-25C,H2,Sym,B5,25C (ambient),1,13,na,day_13
Plate 3_B5_Sym_25C,Plate 3,H2-Sym-25C,H2,Sym,B5,25C (ambient),1,14,na,day_14
Plate 3_B5_Sym_25C,Plate 3,H2-Sym-25C,H2,Sym,B5,25C (ambient),1,21,na,day_21
Plate 3_B6_Sym_25C,Plate 3,H2-Sym-25C,H2,Sym,B6,25C (ambient),1,0,0,day_0
Plate 3_B6_Sym_25C,Plate 3,H2-Sym-25C,H2,Sym,B6,25C (ambient),1,3,0,day_3
Plate 3_B6_Sym_25C,Plate 3,H2-Sym-25C,H2,Sym,B6,25C (ambient),1,4,0,day_4
Plate 3_B6_Sym_25C,Plate 3,H2-Sym-25C,H2,Sym,B6,25C (ambient),1,5,edu,day_5
Plate 3_B6_Sym_25C,Plate 3,H2-Sym-25C,H2,Sym,B6,25C (ambient),1,6,edu,day_6
Plate 3_B6_Sym_25C,Plate 3,H2-Sym-25C,H2,Sym,B6,25C (ambient),1,7,edu,day_7
Plate 3_B6_Sym_25C,Plate 3,H2-Sym-25C,H2,Sym,B6,25C (ambient),1,8,edu,day_8
Plate 3_B6_Sym_25C,Plate 3,H2-Sym-25C,H2,Sym,B6,25C (ambient),1,9,edu,day_9
Plate 3_B6_Sym_25C,Plate 3,H2-Sym-25C,H2,Sym,B6,25C (ambient),1,10,edu,day_10
Plate 3_B6_Sym_25C,Plate 3,H2-Sym-25C,H2,Sym,B6,25C (ambient),1,11,edu,day_11
Plate 3_B6_Sym_25C,Plate 3,H2-Sym-25C,H2,Sym,B6,25C (ambient),1,13,edu,day_13
Plate 3_B6_Sym_25C,Plate 3,H2-Sym-25C,H2,Sym,B6,25C (ambient),1,14,edu,day_14
Plate 3_B6_Sym_25C,Plate 3,H2-Sym-25C,H2,Sym,B6,25C (ambient),1,21,edu,day_21
Plate 3_C1_Sym_25C,Plate 3,H2-Sym-25C,H2,Sym,C1,25C (ambient),1,0,0,day_0
Plate 3_C1_Sym_25C,Plate 3,H2-Sym-25C,H2,Sym,C1,25C (ambient),1,3,0,day_3
Plate 3_C1_Sym_25C,Plate 3,H2-Sym-25C,H2,Sym,C1,25C (ambient),1,4,0,day_4
Plate 3_C1_Sym_25C,Plate 3,H2-Sym-25C,H2,Sym,C1,25C (ambient),1,5,0,day_5
Plate 3_C1_Sym_25C,Plate 3,H2-Sym-25C,H2,Sym,C1,25C (ambient),1,6,1,day_6
Plate 3_C1_Sym_25C,Plate 3,H2-Sym-25C,H2,Sym,C1,25C (ambient),1,7,1,day_7
Plate 3_C1_Sym_25C,Plate 3,H2-Sym-25C,H2,Sym,C1,25C (ambient),1,8,1,day_8
Plate 3_C1_Sym_25C,Plate 3,H2-Sym-25C,H2,Sym,C1,25C (ambient),1,9,1,day_9
Plate 3_C1_Sym_25C,Plate 3,H2-Sym-25C,H2,Sym,C1,25C (ambient),1,10,1,day_10
Plate 3_C1_Sym_25C,Plate 3,H2-Sym-25C,H2,Sym,C1,25C (ambient),1,11,1,day_11
Plate 3_C1_Sym_25C,Plate 3,H2-Sym-25C,H2,Sym,C1,25C (ambient),1,13,1,day_13
Plate 3_C1_Sym_25C,Plate 3,H2-Sym-25C,H2,Sym,C1,25C (ambient),1,14,na,day_14
Plate 3_C1_Sym_25C,Plate 3,H2-Sym-25C,H2,Sym,C1,25C (ambient),1,21,na,day_21
Plate 3_C1_Sym_25C,Plate 3,H2-Sym-25C,H2,Sym,C1,25C (ambient),2,0,0,day_0
Plate 3_C1_Sym_25C,Plate 3,H2-Sym-25C,H2,Sym,C1,25C (ambient),2,3,0,day_3
Plate 3_C1_Sym_25C,Plate 3,H2-Sym-25C,H2,Sym,C1,25C (ambient),2,4,0,day_4
Plate 3_C1_Sym_25C,Plate 3,H2-Sym-25C,H2,Sym,C1,25C (ambient),2,5,0,day_5
Plate 3_C1_Sym_25C,Plate 3,H2-Sym-25C,H2,Sym,C1,25C (ambient),2,6,0,day_6
Plate 3_C1_Sym_25C,Plate 3,H2-Sym-25C,H2,Sym,C1,25C (ambient),2,7,0,day_7
Plate 3_C1_Sym_25C,Plate 3,H2-Sym-25C,H2,Sym,C1,25C (ambient),2,8,0,day_8
Plate 3_C1_Sym_25C,Plate 3,H2-Sym-25C,H2,Sym,C1,25C (ambient),2,9,0,day_9
Plate 3_C1_Sym_25C,Plate 3,H2-Sym-25C,H2,Sym,C1,25C (ambient),2,10,0,day_10
Plate 3_C1_Sym_25C,Plate 3,H2-Sym-25C,H2,Sym,C1,25C (ambient),2,11,0,day_11
Plate 3_C1_Sym_25C,Plate 3,H2-Sym-25C,H2,Sym,C1,25C (ambient),2,13,0,day_13
Plate 3_C1_Sym_25C,Plate 3,H2-Sym-25C,H2,Sym,C1,25C (ambient),2,14,na,day_14
Plate 3_C1_Sym_25C,Plate 3,H2-Sym-25C,H2,Sym,C1,25C (ambient),2,21,na,day_21
Plate 3_C2_Sym_25C,Plate 3,H2-Sym-25C,H2,Sym,C2,25C (ambient),1,0,0,day_0
Plate 3_C2_Sym_25C,Plate 3,H2-Sym-25C,H2,Sym,C2,25C (ambient),1,3,0,day_3
Plate 3_C2_Sym_25C,Plate 3,H2-Sym-25C,H2,Sym,C2,25C (ambient),1,4,0,day_4
Plate 3_C2_Sym_25C,Plate 3,H2-Sym-25C,H2,Sym,C2,25C (ambient),1,5,0,day_5
Plate 3_C2_Sym_25C,Plate 3,H2-Sym-25C,H2,Sym,C2,25C (ambient),1,6,0,day_6
Plate 3_C2_Sym_25C,Plate 3,H2-Sym-25C,H2,Sym,C2,25C (ambient),1,7,0,day_7
Plate 3_C2_Sym_25C,Plate 3,H2-Sym-25C,H2,Sym,C2,25C (ambient),1,8,0,day_8
Plate 3_C2_Sym_25C,Plate 3,H2-Sym-25C,H2,Sym,C2,25C (ambient),1,9,0,day_9
Plate 3_C2_Sym_25C,Plate 3,H2-Sym-25C,H2,Sym,C2,25C (ambient),1,10,0,day_10
Plate 3_C2_Sym_25C,Plate 3,H2-Sym-25C,H2,Sym,C2,25C (ambient),1,11,0,day_11
Plate 3_C2_Sym_25C,Plate 3,H2-Sym-25C,H2,Sym,C2,25C (ambient),1,13,0,day_13
Plate 3_C2_Sym_25C,Plate 3,H2-Sym-25C,H2,Sym,C2,25C (ambient),1,14,na,day_14
Plate 3_C2_Sym_25C,Plate 3,H2-Sym-25C,H2,Sym,C2,25C (ambient),1,21,na,day_21
Plate 3_C3_Sym_25C,Plate 3,H2-Sym-25C,H2,Sym,C3,25C (ambient),1,0,0,day_0
Plate 3_C3_Sym_25C,Plate 3,H2-Sym-25C,H2,Sym,C3,25C (ambient),1,3,0,day_3
Plate 3_C3_Sym_25C,Plate 3,H2-Sym-25C,H2,Sym,C3,25C (ambient),1,4,0,day_4
Plate 3_C3_Sym_25C,Plate 3,H2-Sym-25C,H2,Sym,C3,25C (ambient),1,5,0,day_5
Plate 3_C3_Sym_25C,Plate 3,H2-Sym-25C,H2,Sym,C3,25C (ambient),1,6,0,day_6
Plate 3_C3_Sym_25C,Plate 3,H2-Sym-25C,H2,Sym,C3,25C (ambient),1,7,0,day_7
Plate 3_C3_Sym_25C,Plate 3,H2-Sym-25C,H2,Sym,C3,25C (ambient),1,8,0,day_8
Plate 3_C3_Sym_25C,Plate 3,H2-Sym-25C,H2,Sym,C3,25C (ambient),1,9,0,day_9
Plate 3_C3_Sym_25C,Plate 3,H2-Sym-25C,H2,Sym,C3,25C (ambient),1,10,0,day_10
Plate 3_C3_Sym_25C,Plate 3,H2-Sym-25C,H2,Sym,C3,25C (ambient),1,11,0,day_11
Plate 3_C3_Sym_25C,Plate 3,H2-Sym-25C,H2,Sym,C3,25C (ambient),1,13,0,day_13
Plate 3_C3_Sym_25C,Plate 3,H2-Sym-25C,H2,Sym,C3,25C (ambient),1,14,na,day_14
Plate 3_C3_Sym_25C,Plate 3,H2-Sym-25C,H2,Sym,C3,25C (ambient),1,21,na,day_21
Plate 3_C4_Sym_25C,Plate 3,H2-Sym-25C,H2,Sym,C4,25C (ambient),1,0,0,day_0
Plate 3_C4_Sym_25C,Plate 3,H2-Sym-25C,H2,Sym,C4,25C (ambient),1,3,0,day_3
Plate 3_C4_Sym_25C,Plate 3,H2-Sym-25C,H2,Sym,C4,25C (ambient),1,4,0,day_4
Plate 3_C4_Sym_25C,Plate 3,H2-Sym-25C,H2,Sym,C4,25C (ambient),1,5,0,day_5
Plate 3_C4_Sym_25C,Plate 3,H2-Sym-25C,H2,Sym,C4,25C (ambient),1,6,0,day_6
Plate 3_C4_Sym_25C,Plate 3,H2-Sym-25C,H2,Sym,C4,25C (ambient),1,7,0,day_7
Plate 3_C4_Sym_25C,Plate 3,H2-Sym-25C,H2,Sym,C4,25C (ambient),1,8,0,day_8
Plate 3_C4_Sym_25C,Plate 3,H2-Sym-25C,H2,Sym,C4,25C (ambient),1,9,0,day_9
Plate 3_C4_Sym_25C,Plate 3,H2-Sym-25C,H2,Sym,C4,25C (ambient),1,10,0,day_10
Plate 3_C4_Sym_25C,Plate 3,H2-Sym-25C,H2,Sym,C4,25C (ambient),1,11,0,day_11
Plate 3_C4_Sym_25C,Plate 3,H2-Sym-25C,H2,Sym,C4,25C (ambient),1,13,0,day_13
Plate 3_C4_Sym_25C,Plate 3,H2-Sym-25C,H2,Sym,C4,25C (ambient),1,14,0,day_14
Plate 3_C4_Sym_25C,Plate 3,H2-Sym-25C,H2,Sym,C4,25C (ambient),1,21,0,day_21
Plate 3_C5_Sym_25C,Plate 3,H2-Sym-25C,H2,Sym,C5,25C (ambient),1,0,0,day_0
Plate 3_C5_Sym_25C,Plate 3,H2-Sym-25C,H2,Sym,C5,25C (ambient),1,3,0,day_3
Plate 3_C5_Sym_25C,Plate 3,H2-Sym-25C,H2,Sym,C5,25C (ambient),1,4,0,day_4
Plate 3_C5_Sym_25C,Plate 3,H2-Sym-25C,H2,Sym,C5,25C (ambient),1,5,0,day_5
Plate 3_C5_Sym_25C,Plate 3,H2-Sym-25C,H2,Sym,C5,25C (ambient),1,6,1,day_6
Plate 3_C5_Sym_25C,Plate 3,H2-Sym-25C,H2,Sym,C5,25C (ambient),1,7,1,day_7
Plate 3_C5_Sym_25C,Plate 3,H2-Sym-25C,H2,Sym,C5,25C (ambient),1,8,edu,day_8
Plate 3_C5_Sym_25C,Plate 3,H2-Sym-25C,H2,Sym,C5,25C (ambient),1,9,edu,day_9
Plate 3_C5_Sym_25C,Plate 3,H2-Sym-25C,H2,Sym,C5,25C (ambient),1,10,edu,day_10
Plate 3_C5_Sym_25C,Plate 3,H2-Sym-25C,H2,Sym,C5,25C (ambient),1,11,edu,day_11
Plate 3_C5_Sym_25C,Plate 3,H2-Sym-25C,H2,Sym,C5,25C (ambient),1,13,edu,day_13
Plate 3_C5_Sym_25C,Plate 3,H2-Sym-25C,H2,Sym,C5,25C (ambient),1,14,edu,day_14
Plate 3_C5_Sym_25C,Plate 3,H2-Sym-25C,H2,Sym,C5,25C (ambient),1,21,edu,day_21
Plate 3_C6_Sym_25C,Plate 3,H2-Sym-25C,H2,Sym,C6,25C (ambient),1,0,0,day_0
Plate 3_C6_Sym_25C,Plate 3,H2-Sym-25C,H2,Sym,C6,25C (ambient),1,3,0,day_3
Plate 3_C6_Sym_25C,Plate 3,H2-Sym-25C,H2,Sym,C6,25C (ambient),1,4,0,day_4
Plate 3_C6_Sym_25C,Plate 3,H2-Sym-25C,H2,Sym,C6,25C (ambient),1,5,edu,day_5
Plate 3_C6_Sym_25C,Plate 3,H2-Sym-25C,H2,Sym,C6,25C (ambient),1,6,edu,day_6
Plate 3_C6_Sym_25C,Plate 3,H2-Sym-25C,H2,Sym,C6,25C (ambient),1,7,edu,day_7
Plate 3_C6_Sym_25C,Plate 3,H2-Sym-25C,H2,Sym,C6,25C (ambient),1,8,edu,day_8
Plate 3_C6_Sym_25C,Plate 3,H2-Sym-25C,H2,Sym,C6,25C (ambient),1,9,edu,day_9
Plate 3_C6_Sym_25C,Plate 3,H2-Sym-25C,H2,Sym,C6,25C (ambient),1,10,edu,day_10
Plate 3_C6_Sym_25C,Plate 3,H2-Sym-25C,H2,Sym,C6,25C (ambient),1,11,edu,day_11
Plate 3_C6_Sym_25C,Plate 3,H2-Sym-25C,H2,Sym,C6,25C (ambient),1,13,edu,day_13
Plate 3_C6_Sym_25C,Plate 3,H2-Sym-25C,H2,Sym,C6,25C (ambient),1,14,edu,day_14
Plate 3_C6_Sym_25C,Plate 3,H2-Sym-25C,H2,Sym,C6,25C (ambient),1,21,edu,day_21
Plate 3_D1_Sym_25C,Plate 3,H2-Sym-25C,H2,Sym,D1,25C (ambient),1,0,0,day_0
Plate 3_D1_Sym_25C,Plate 3,H2-Sym-25C,H2,Sym,D1,25C (ambient),1,3,na,day_3
Plate 3_D1_Sym_25C,Plate 3,H2-Sym-25C,H2,Sym,D1,25C (ambient),1,4,na,day_4
Plate 3_D1_Sym_25C,Plate 3,H2-Sym-25C,H2,Sym,D1,25C (ambient),1,5,na,day_5
Plate 3_D1_Sym_25C,Plate 3,H2-Sym-25C,H2,Sym,D1,25C (ambient),1,6,na,day_6
Plate 3_D1_Sym_25C,Plate 3,H2-Sym-25C,H2,Sym,D1,25C (ambient),1,7,na,day_7
Plate 3_D1_Sym_25C,Plate 3,H2-Sym-25C,H2,Sym,D1,25C (ambient),1,8,na,day_8
Plate 3_D1_Sym_25C,Plate 3,H2-Sym-25C,H2,Sym,D1,25C (ambient),1,9,na,day_9
Plate 3_D1_Sym_25C,Plate 3,H2-Sym-25C,H2,Sym,D1,25C (ambient),1,10,na,day_10
Plate 3_D1_Sym_25C,Plate 3,H2-Sym-25C,H2,Sym,D1,25C (ambient),1,11,na,day_11
Plate 3_D1_Sym_25C,Plate 3,H2-Sym-25C,H2,Sym,D1,25C (ambient),1,13,na,day_13
Plate 3_D1_Sym_25C,Plate 3,H2-Sym-25C,H2,Sym,D1,25C (ambient),1,14,na,day_14
Plate 3_D1_Sym_25C,Plate 3,H2-Sym-25C,H2,Sym,D1,25C (ambient),1,21,na,day_21
Plate 3_D1_Sym_25C,Plate 3,H2-Sym-25C,H2,Sym,D1,25C (ambient),2,0,na,day_0
Plate 3_D1_Sym_25C,Plate 3,H2-Sym-25C,H2,Sym,D1,25C (ambient),2,3,na,day_3
Plate 3_D1_Sym_25C,Plate 3,H2-Sym-25C,H2,Sym,D1,25C (ambient),2,4,na,day_4
Plate 3_D1_Sym_25C,Plate 3,H2-Sym-25C,H2,Sym,D1,25C (ambient),2,5,na,day_5
Plate 3_D1_Sym_25C,Plate 3,H2-Sym-25C,H2,Sym,D1,25C (ambient),2,6,na,day_6
Plate 3_D1_Sym_25C,Plate 3,H2-Sym-25C,H2,Sym,D1,25C (ambient),2,7,na,day_7
Plate 3_D1_Sym_25C,Plate 3,H2-Sym-25C,H2,Sym,D1,25C (ambient),2,8,na,day_8
Plate 3_D1_Sym_25C,Plate 3,H2-Sym-25C,H2,Sym,D1,25C (ambient),2,9,na,day_9
Plate 3_D1_Sym_25C,Plate 3,H2-Sym-25C,H2,Sym,D1,25C (ambient),2,10,na,day_10
Plate 3_D1_Sym_25C,Plate 3,H2-Sym-25C,H2,Sym,D1,25C (ambient),2,11,na,day_11
Plate 3_D1_Sym_25C,Plate 3,H2-Sym-25C,H2,Sym,D1,25C (ambient),2,13,na,day_13
Plate 3_D1_Sym_25C,Plate 3,H2-Sym-25C,H2,Sym,D1,25C (ambient),2,14,na,day_14
Plate 3_D1_Sym_25C,Plate 3,H2-Sym-25C,H2,Sym,D1,25C (ambient),2,21,na,day_21
Plate 3_D2_Sym_25C,Plate 3,H2-Sym-25C,H2,Sym,D2,25C (ambient),1,0,0,day_0
Plate 3_D2_Sym_25C,Plate 3,H2-Sym-25C,H2,Sym,D2,25C (ambient),1,3,0,day_3
Plate 3_D2_Sym_25C,Plate 3,H2-Sym-25C,H2,Sym,D2,25C (ambient),1,4,0,day_4
Plate 3_D2_Sym_25C,Plate 3,H2-Sym-25C,H2,Sym,D2,25C (ambient),1,5,0,day_5
Plate 3_D2_Sym_25C,Plate 3,H2-Sym-25C,H2,Sym,D2,25C (ambient),1,6,0,day_6
Plate 3_D2_Sym_25C,Plate 3,H2-Sym-25C,H2,Sym,D2,25C (ambient),1,7,0,day_7
Plate 3_D2_Sym_25C,Plate 3,H2-Sym-25C,H2,Sym,D2,25C (ambient),1,8,0,day_8
Plate 3_D2_Sym_25C,Plate 3,H2-Sym-25C,H2,Sym,D2,25C (ambient),1,9,0,day_9
Plate 3_D2_Sym_25C,Plate 3,H2-Sym-25C,H2,Sym,D2,25C (ambient),1,10,0,day_10
Plate 3_D2_Sym_25C,Plate 3,H2-Sym-25C,H2,Sym,D2,25C (ambient),1,11,0,day_11
Plate 3_D2_Sym_25C,Plate 3,H2-Sym-25C,H2,Sym,D2,25C (ambient),1,13,0,day_13
Plate 3_D2_Sym_25C,Plate 3,H2-Sym-25C,H2,Sym,D2,25C (ambient),1,14,0,day_14
Plate 3_D2_Sym_25C,Plate 3,H2-Sym-25C,H2,Sym,D2,25C (ambient),1,21,0,day_21
Plate 3_D3_Sym_25C,Plate 3,H2-Sym-25C,H2,Sym,D3,25C (ambient),1,0,0,day_0
Plate 3_D3_Sym_25C,Plate 3,H2-Sym-25C,H2,Sym,D3,25C (ambient),1,3,0,day_3
Plate 3_D3_Sym_25C,Plate 3,H2-Sym-25C,H2,Sym,D3,25C (ambient),1,4,0,day_4
Plate 3_D3_Sym_25C,Plate 3,H2-Sym-25C,H2,Sym,D3,25C (ambient),1,5,0,day_5
Plate 3_D3_Sym_25C,Plate 3,H2-Sym-25C,H2,Sym,D3,25C (ambient),1,6,5,day_6
Plate 3_D3_Sym_25C,Plate 3,H2-Sym-25C,H2,Sym,D3,25C (ambient),1,7,5,day_7
Plate 3_D3_Sym_25C,Plate 3,H2-Sym-25C,H2,Sym,D3,25C (ambient),1,8,5,day_8
Plate 3_D3_Sym_25C,Plate 3,H2-Sym-25C,H2,Sym,D3,25C (ambient),1,9,5,day_9
Plate 3_D3_Sym_25C,Plate 3,H2-Sym-25C,H2,Sym,D3,25C (ambient),1,10,5,day_10
Plate 3_D3_Sym_25C,Plate 3,H2-Sym-25C,H2,Sym,D3,25C (ambient),1,11,na,day_11
Plate 3_D3_Sym_25C,Plate 3,H2-Sym-25C,H2,Sym,D3,25C (ambient),1,13,na,day_13
Plate 3_D3_Sym_25C,Plate 3,H2-Sym-25C,H2,Sym,D3,25C (ambient),1,14,na,day_14
Plate 3_D3_Sym_25C,Plate 3,H2-Sym-25C,H2,Sym,D3,25C (ambient),1,21,na,day_21
Plate 3_D4_Sym_25C,Plate 3,H2-Sym-25C,H2,Sym,D4,25C (ambient),1,0,0,day_0
Plate 3_D4_Sym_25C,Plate 3,H2-Sym-25C,H2,Sym,D4,25C (ambient),1,3,0,day_3
Plate 3_D4_Sym_25C,Plate 3,H2-Sym-25C,H2,Sym,D4,25C (ambient),1,4,0,day_4
Plate 3_D4_Sym_25C,Plate 3,H2-Sym-25C,H2,Sym,D4,25C (ambient),1,5,0,day_5
Plate 3_D4_Sym_25C,Plate 3,H2-Sym-25C,H2,Sym,D4,25C (ambient),1,6,0,day_6
Plate 3_D4_Sym_25C,Plate 3,H2-Sym-25C,H2,Sym,D4,25C (ambient),1,7,0,day_7
Plate 3_D4_Sym_25C,Plate 3,H2-Sym-25C,H2,Sym,D4,25C (ambient),1,8,edu,day_8
Plate 3_D4_Sym_25C,Plate 3,H2-Sym-25C,H2,Sym,D4,25C (ambient),1,9,edu,day_9
Plate 3_D4_Sym_25C,Plate 3,H2-Sym-25C,H2,Sym,D4,25C (ambient),1,10,edu,day_10
Plate 3_D4_Sym_25C,Plate 3,H2-Sym-25C,H2,Sym,D4,25C (ambient),1,11,edu,day_11
Plate 3_D4_Sym_25C,Plate 3,H2-Sym-25C,H2,Sym,D4,25C (ambient),1,13,edu,day_13
Plate 3_D4_Sym_25C,Plate 3,H2-Sym-25C,H2,Sym,D4,25C (ambient),1,14,edu,day_14
Plate 3_D4_Sym_25C,Plate 3,H2-Sym-25C,H2,Sym,D4,25C (ambient),1,21,edu,day_21
Plate 3_D4_Sym_25C,Plate 3,H2-Sym-25C,H2,Sym,D4,25C (ambient),2,0,0,day_0
Plate 3_D4_Sym_25C,Plate 3,H2-Sym-25C,H2,Sym,D4,25C (ambient),2,3,0,day_3
Plate 3_D4_Sym_25C,Plate 3,H2-Sym-25C,H2,Sym,D4,25C (ambient),2,4,0,day_4
Plate 3_D4_Sym_25C,Plate 3,H2-Sym-25C,H2,Sym,D4,25C (ambient),2,5,0,day_5
Plate 3_D4_Sym_25C,Plate 3,H2-Sym-25C,H2,Sym,D4,25C (ambient),2,6,na,day_6
Plate 3_D4_Sym_25C,Plate 3,H2-Sym-25C,H2,Sym,D4,25C (ambient),2,7,na,day_7
Plate 3_D4_Sym_25C,Plate 3,H2-Sym-25C,H2,Sym,D4,25C (ambient),2,8,na,day_8
Plate 3_D4_Sym_25C,Plate 3,H2-Sym-25C,H2,Sym,D4,25C (ambient),2,9,na,day_9
Plate 3_D4_Sym_25C,Plate 3,H2-Sym-25C,H2,Sym,D4,25C (ambient),2,10,na,day_10
Plate 3_D4_Sym_25C,Plate 3,H2-Sym-25C,H2,Sym,D4,25C (ambient),2,11,na,day_11
Plate 3_D4_Sym_25C,Plate 3,H2-Sym-25C,H2,Sym,D4,25C (ambient),2,13,na,day_13
Plate 3_D4_Sym_25C,Plate 3,H2-Sym-25C,H2,Sym,D4,25C (ambient),2,14,na,day_14
Plate 3_D4_Sym_25C,Plate 3,H2-Sym-25C,H2,Sym,D4,25C (ambient),2,21,na,day_21
Plate 3_D5_Sym_25C,Plate 3,H2-Sym-25C,H2,Sym,D5,25C (ambient),1,0,0,day_0
Plate 3_D5_Sym_25C,Plate 3,H2-Sym-25C,H2,Sym,D5,25C (ambient),1,3,0,day_3
Plate 3_D5_Sym_25C,Plate 3,H2-Sym-25C,H2,Sym,D5,25C (ambient),1,4,0,day_4
Plate 3_D5_Sym_25C,Plate 3,H2-Sym-25C,H2,Sym,D5,25C (ambient),1,5,0,day_5
Plate 3_D5_Sym_25C,Plate 3,H2-Sym-25C,H2,Sym,D5,25C (ambient),1,6,0,day_6
Plate 3_D5_Sym_25C,Plate 3,H2-Sym-25C,H2,Sym,D5,25C (ambient),1,7,0,day_7
Plate 3_D5_Sym_25C,Plate 3,H2-Sym-25C,H2,Sym,D5,25C (ambient),1,8,edu,day_8
Plate 3_D5_Sym_25C,Plate 3,H2-Sym-25C,H2,Sym,D5,25C (ambient),1,9,edu,day_9
Plate 3_D5_Sym_25C,Plate 3,H2-Sym-25C,H2,Sym,D5,25C (ambient),1,10,edu,day_10
Plate 3_D5_Sym_25C,Plate 3,H2-Sym-25C,H2,Sym,D5,25C (ambient),1,11,edu,day_11
Plate 3_D5_Sym_25C,Plate 3,H2-Sym-25C,H2,Sym,D5,25C (ambient),1,13,edu,day_13
Plate 3_D5_Sym_25C,Plate 3,H2-Sym-25C,H2,Sym,D5,25C (ambient),1,14,edu,day_14
Plate 3_D5_Sym_25C,Plate 3,H2-Sym-25C,H2,Sym,D5,25C (ambient),1,21,edu,day_21
Plate 3_D5_Sym_25C,Plate 3,H2-Sym-25C,H2,Sym,D5,25C (ambient),2,0,0,day_0
Plate 3_D5_Sym_25C,Plate 3,H2-Sym-25C,H2,Sym,D5,25C (ambient),2,3,0,day_3
Plate 3_D5_Sym_25C,Plate 3,H2-Sym-25C,H2,Sym,D5,25C (ambient),2,4,0,day_4
Plate 3_D5_Sym_25C,Plate 3,H2-Sym-25C,H2,Sym,D5,25C (ambient),2,5,na,day_5
Plate 3_D5_Sym_25C,Plate 3,H2-Sym-25C,H2,Sym,D5,25C (ambient),2,6,na,day_6
Plate 3_D5_Sym_25C,Plate 3,H2-Sym-25C,H2,Sym,D5,25C (ambient),2,7,na,day_7
Plate 3_D5_Sym_25C,Plate 3,H2-Sym-25C,H2,Sym,D5,25C (ambient),2,8,na,day_8
Plate 3_D5_Sym_25C,Plate 3,H2-Sym-25C,H2,Sym,D5,25C (ambient),2,9,na,day_9
Plate 3_D5_Sym_25C,Plate 3,H2-Sym-25C,H2,Sym,D5,25C (ambient),2,10,na,day_10
Plate 3_D5_Sym_25C,Plate 3,H2-Sym-25C,H2,Sym,D5,25C (ambient),2,11,na,day_11
Plate 3_D5_Sym_25C,Plate 3,H2-Sym-25C,H2,Sym,D5,25C (ambient),2,13,na,day_13
Plate 3_D5_Sym_25C,Plate 3,H2-Sym-25C,H2,Sym,D5,25C (ambient),2,14,na,day_14
Plate 3_D5_Sym_25C,Plate 3,H2-Sym-25C,H2,Sym,D5,25C (ambient),2,21,na,day_21
Plate 3_D5_Sym_25C,Plate 3,H2-Sym-25C,H2,Sym,D5,25C (ambient),3,0,0,day_0
Plate 3_D5_Sym_25C,Plate 3,H2-Sym-25C,H2,Sym,D5,25C (ambient),3,3,na,day_3
Plate 3_D5_Sym_25C,Plate 3,H2-Sym-25C,H2,Sym,D5,25C (ambient),3,4,na,day_4
Plate 3_D5_Sym_25C,Plate 3,H2-Sym-25C,H2,Sym,D5,25C (ambient),3,5,na,day_5
Plate 3_D5_Sym_25C,Plate 3,H2-Sym-25C,H2,Sym,D5,25C (ambient),3,6,na,day_6
Plate 3_D5_Sym_25C,Plate 3,H2-Sym-25C,H2,Sym,D5,25C (ambient),3,7,na,day_7
Plate 3_D5_Sym_25C,Plate 3,H2-Sym-25C,H2,Sym,D5,25C (ambient),3,8,na,day_8
Plate 3_D5_Sym_25C,Plate 3,H2-Sym-25C,H2,Sym,D5,25C (ambient),3,9,na,day_9
Plate 3_D5_Sym_25C,Plate 3,H2-Sym-25C,H2,Sym,D5,25C (ambient),3,10,na,day_10
Plate 3_D5_Sym_25C,Plate 3,H2-Sym-25C,H2,Sym,D5,25C (ambient),3,11,na,day_11
Plate 3_D5_Sym_25C,Plate 3,H2-Sym-25C,H2,Sym,D5,25C (ambient),3,13,na,day_13
Plate 3_D5_Sym_25C,Plate 3,H2-Sym-25C,H2,Sym,D5,25C (ambient),3,14,na,day_14
Plate 3_D5_Sym_25C,Plate 3,H2-Sym-25C,H2,Sym,D5,25C (ambient),3,21,na,day_21
Plate 3_D6_Sym_25C,Plate 3,H2-Sym-25C,H2,Sym,D6,25C (ambient),1,0,0,day_0
Plate 3_D6_Sym_25C,Plate 3,H2-Sym-25C,H2,Sym,D6,25C (ambient),1,3,0,day_3
Plate 3_D6_Sym_25C,Plate 3,H2-Sym-25C,H2,Sym,D6,25C (ambient),1,4,0,day_4
Plate 3_D6_Sym_25C,Plate 3,H2-Sym-25C,H2,Sym,D6,25C (ambient),1,5,0,day_5
Plate 3_D6_Sym_25C,Plate 3,H2-Sym-25C,H2,Sym,D6,25C (ambient),1,6,4,day_6
Plate 3_D6_Sym_25C,Plate 3,H2-Sym-25C,H2,Sym,D6,25C (ambient),1,7,4,day_7
Plate 3_D6_Sym_25C,Plate 3,H2-Sym-25C,H2,Sym,D6,25C (ambient),1,8,edu,day_8
Plate 3_D6_Sym_25C,Plate 3,H2-Sym-25C,H2,Sym,D6,25C (ambient),1,9,edu,day_9
Plate 3_D6_Sym_25C,Plate 3,H2-Sym-25C,H2,Sym,D6,25C (ambient),1,10,edu,day_10
Plate 3_D6_Sym_25C,Plate 3,H2-Sym-25C,H2,Sym,D6,25C (ambient),1,11,edu,day_11
Plate 3_D6_Sym_25C,Plate 3,H2-Sym-25C,H2,Sym,D6,25C (ambient),1,13,edu,day_13
Plate 3_D6_Sym_25C,Plate 3,H2-Sym-25C,H2,Sym,D6,25C (ambient),1,14,edu,day_14
Plate 3_D6_Sym_25C,Plate 3,H2-Sym-25C,H2,Sym,D6,25C (ambient),1,21,edu,day_21
Plate 4_A1_Sym_32C,Plate 4,H2-Sym-32C,H2,Sym,A1,32C (heat stress),1,0,0,day_0
Plate 4_A1_Sym_32C,Plate 4,H2-Sym-32C,H2,Sym,A1,32C (heat stress),1,3,na,day_3
Plate 4_A1_Sym_32C,Plate 4,H2-Sym-32C,H2,Sym,A1,32C (heat stress),1,4,na,day_4
Plate 4_A1_Sym_32C,Plate 4,H2-Sym-32C,H2,Sym,A1,32C (heat stress),1,5,na,day_5
Plate 4_A1_Sym_32C,Plate 4,H2-Sym-32C,H2,Sym,A1,32C (heat stress),1,6,na,day_6
Plate 4_A1_Sym_32C,Plate 4,H2-Sym-32C,H2,Sym,A1,32C (heat stress),1,7,na,day_7
Plate 4_A1_Sym_32C,Plate 4,H2-Sym-32C,H2,Sym,A1,32C (heat stress),1,8,na,day_8
Plate 4_A1_Sym_32C,Plate 4,H2-Sym-32C,H2,Sym,A1,32C (heat stress),1,9,na,day_9
Plate 4_A1_Sym_32C,Plate 4,H2-Sym-32C,H2,Sym,A1,32C (heat stress),1,10,na,day_10
Plate 4_A1_Sym_32C,Plate 4,H2-Sym-32C,H2,Sym,A1,32C (heat stress),1,11,na,day_11
Plate 4_A1_Sym_32C,Plate 4,H2-Sym-32C,H2,Sym,A1,32C (heat stress),1,13,na,day_13
Plate 4_A1_Sym_32C,Plate 4,H2-Sym-32C,H2,Sym,A1,32C (heat stress),1,14,na,day_14
Plate 4_A1_Sym_32C,Plate 4,H2-Sym-32C,H2,Sym,A1,32C (heat stress),1,21,na,day_21
Plate 4_A1_Sym_32C,Plate 4,H2-Sym-32C,H2,Sym,A1,32C (heat stress),2,0,0,day_0
Plate 4_A1_Sym_32C,Plate 4,H2-Sym-32C,H2,Sym,A1,32C (heat stress),2,3,na,day_3
Plate 4_A1_Sym_32C,Plate 4,H2-Sym-32C,H2,Sym,A1,32C (heat stress),2,4,na,day_4
Plate 4_A1_Sym_32C,Plate 4,H2-Sym-32C,H2,Sym,A1,32C (heat stress),2,5,na,day_5
Plate 4_A1_Sym_32C,Plate 4,H2-Sym-32C,H2,Sym,A1,32C (heat stress),2,6,na,day_6
Plate 4_A1_Sym_32C,Plate 4,H2-Sym-32C,H2,Sym,A1,32C (heat stress),2,7,na,day_7
Plate 4_A1_Sym_32C,Plate 4,H2-Sym-32C,H2,Sym,A1,32C (heat stress),2,8,na,day_8
Plate 4_A1_Sym_32C,Plate 4,H2-Sym-32C,H2,Sym,A1,32C (heat stress),2,9,na,day_9
Plate 4_A1_Sym_32C,Plate 4,H2-Sym-32C,H2,Sym,A1,32C (heat stress),2,10,na,day_10
Plate 4_A1_Sym_32C,Plate 4,H2-Sym-32C,H2,Sym,A1,32C (heat stress),2,11,na,day_11
Plate 4_A1_Sym_32C,Plate 4,H2-Sym-32C,H2,Sym,A1,32C (heat stress),2,13,na,day_13
Plate 4_A1_Sym_32C,Plate 4,H2-Sym-32C,H2,Sym,A1,32C (heat stress),2,14,na,day_14
Plate 4_A1_Sym_32C,Plate 4,H2-Sym-32C,H2,Sym,A1,32C (heat stress),2,21,na,day_21
Plate 4_A1_Sym_32C,Plate 4,H2-Sym-32C,H2,Sym,A1,32C (heat stress),3,0,na,day_0
Plate 4_A1_Sym_32C,Plate 4,H2-Sym-32C,H2,Sym,A1,32C (heat stress),3,3,na,day_3
Plate 4_A1_Sym_32C,Plate 4,H2-Sym-32C,H2,Sym,A1,32C (heat stress),3,4,na,day_4
Plate 4_A1_Sym_32C,Plate 4,H2-Sym-32C,H2,Sym,A1,32C (heat stress),3,5,na,day_5
Plate 4_A1_Sym_32C,Plate 4,H2-Sym-32C,H2,Sym,A1,32C (heat stress),3,6,na,day_6
Plate 4_A1_Sym_32C,Plate 4,H2-Sym-32C,H2,Sym,A1,32C (heat stress),3,7,na,day_7
Plate 4_A1_Sym_32C,Plate 4,H2-Sym-32C,H2,Sym,A1,32C (heat stress),3,8,na,day_8
Plate 4_A1_Sym_32C,Plate 4,H2-Sym-32C,H2,Sym,A1,32C (heat stress),3,9,na,day_9
Plate 4_A1_Sym_32C,Plate 4,H2-Sym-32C,H2,Sym,A1,32C (heat stress),3,10,na,day_10
Plate 4_A1_Sym_32C,Plate 4,H2-Sym-32C,H2,Sym,A1,32C (heat stress),3,11,na,day_11
Plate 4_A1_Sym_32C,Plate 4,H2-Sym-32C,H2,Sym,A1,32C (heat stress),3,13,na,day_13
Plate 4_A1_Sym_32C,Plate 4,H2-Sym-32C,H2,Sym,A1,32C (heat stress),3,14,na,day_14
Plate 4_A1_Sym_32C,Plate 4,H2-Sym-32C,H2,Sym,A1,32C (heat stress),3,21,na,day_21
Plate 4_A2_Sym_32C,Plate 4,H2-Sym-32C,H2,Sym,A2,32C (heat stress),1,0,0,day_0
Plate 4_A2_Sym_32C,Plate 4,H2-Sym-32C,H2,Sym,A2,32C (heat stress),1,3,na,day_3
Plate 4_A2_Sym_32C,Plate 4,H2-Sym-32C,H2,Sym,A2,32C (heat stress),1,4,na,day_4
Plate 4_A2_Sym_32C,Plate 4,H2-Sym-32C,H2,Sym,A2,32C (heat stress),1,5,na,day_5
Plate 4_A2_Sym_32C,Plate 4,H2-Sym-32C,H2,Sym,A2,32C (heat stress),1,6,na,day_6
Plate 4_A2_Sym_32C,Plate 4,H2-Sym-32C,H2,Sym,A2,32C (heat stress),1,7,na,day_7
Plate 4_A2_Sym_32C,Plate 4,H2-Sym-32C,H2,Sym,A2,32C (heat stress),1,8,na,day_8
Plate 4_A2_Sym_32C,Plate 4,H2-Sym-32C,H2,Sym,A2,32C (heat stress),1,9,na,day_9
Plate 4_A2_Sym_32C,Plate 4,H2-Sym-32C,H2,Sym,A2,32C (heat stress),1,10,na,day_10
Plate 4_A2_Sym_32C,Plate 4,H2-Sym-32C,H2,Sym,A2,32C (heat stress),1,11,na,day_11
Plate 4_A2_Sym_32C,Plate 4,H2-Sym-32C,H2,Sym,A2,32C (heat stress),1,13,na,day_13
Plate 4_A2_Sym_32C,Plate 4,H2-Sym-32C,H2,Sym,A2,32C (heat stress),1,14,na,day_14
Plate 4_A2_Sym_32C,Plate 4,H2-Sym-32C,H2,Sym,A2,32C (heat stress),1,21,na,day_21
Plate 4_A2_Sym_32C,Plate 4,H2-Sym-32C,H2,Sym,A2,32C (heat stress),1,0,0,day_0
Plate 4_A2_Sym_32C,Plate 4,H2-Sym-32C,H2,Sym,A2,32C (heat stress),1,3,na,day_3
Plate 4_A2_Sym_32C,Plate 4,H2-Sym-32C,H2,Sym,A2,32C (heat stress),1,4,na,day_4
Plate 4_A2_Sym_32C,Plate 4,H2-Sym-32C,H2,Sym,A2,32C (heat stress),1,5,na,day_5
Plate 4_A2_Sym_32C,Plate 4,H2-Sym-32C,H2,Sym,A2,32C (heat stress),1,6,na,day_6
Plate 4_A2_Sym_32C,Plate 4,H2-Sym-32C,H2,Sym,A2,32C (heat stress),1,7,na,day_7
Plate 4_A2_Sym_32C,Plate 4,H2-Sym-32C,H2,Sym,A2,32C (heat stress),1,8,na,day_8
Plate 4_A2_Sym_32C,Plate 4,H2-Sym-32C,H2,Sym,A2,32C (heat stress),1,9,na,day_9
Plate 4_A2_Sym_32C,Plate 4,H2-Sym-32C,H2,Sym,A2,32C (heat stress),1,10,na,day_10
Plate 4_A2_Sym_32C,Plate 4,H2-Sym-32C,H2,Sym,A2,32C (heat stress),1,11,na,day_11
Plate 4_A2_Sym_32C,Plate 4,H2-Sym-32C,H2,Sym,A2,32C (heat stress),1,13,na,day_13
Plate 4_A2_Sym_32C,Plate 4,H2-Sym-32C,H2,Sym,A2,32C (heat stress),1,14,na,day_14
Plate 4_A2_Sym_32C,Plate 4,H2-Sym-32C,H2,Sym,A2,32C (heat stress),1,21,na,day_21
Plate 4_A2_Sym_32C,Plate 4,H2-Sym-32C,H2,Sym,A2,32C (heat stress),2,0,0,day_0
Plate 4_A2_Sym_32C,Plate 4,H2-Sym-32C,H2,Sym,A2,32C (heat stress),2,3,na,day_3
Plate 4_A2_Sym_32C,Plate 4,H2-Sym-32C,H2,Sym,A2,32C (heat stress),2,4,na,day_4
Plate 4_A2_Sym_32C,Plate 4,H2-Sym-32C,H2,Sym,A2,32C (heat stress),2,5,na,day_5
Plate 4_A2_Sym_32C,Plate 4,H2-Sym-32C,H2,Sym,A2,32C (heat stress),2,6,na,day_6
Plate 4_A2_Sym_32C,Plate 4,H2-Sym-32C,H2,Sym,A2,32C (heat stress),2,7,na,day_7
Plate 4_A2_Sym_32C,Plate 4,H2-Sym-32C,H2,Sym,A2,32C (heat stress),2,8,na,day_8
Plate 4_A2_Sym_32C,Plate 4,H2-Sym-32C,H2,Sym,A2,32C (heat stress),2,9,na,day_9
Plate 4_A2_Sym_32C,Plate 4,H2-Sym-32C,H2,Sym,A2,32C (heat stress),2,10,na,day_10
Plate 4_A2_Sym_32C,Plate 4,H2-Sym-32C,H2,Sym,A2,32C (heat stress),2,11,na,day_11
Plate 4_A2_Sym_32C,Plate 4,H2-Sym-32C,H2,Sym,A2,32C (heat stress),2,13,na,day_13
Plate 4_A2_Sym_32C,Plate 4,H2-Sym-32C,H2,Sym,A2,32C (heat stress),2,14,na,day_14
Plate 4_A2_Sym_32C,Plate 4,H2-Sym-32C,H2,Sym,A2,32C (heat stress),2,21,na,day_21
Plate 4_A3_Sym_32C,Plate 4,H2-Sym-32C,H2,Sym,A3,32C (heat stress),1,0,0,day_0
Plate 4_A3_Sym_32C,Plate 4,H2-Sym-32C,H2,Sym,A3,32C (heat stress),1,3,0,day_3
Plate 4_A3_Sym_32C,Plate 4,H2-Sym-32C,H2,Sym,A3,32C (heat stress),1,4,na,day_4
Plate 4_A3_Sym_32C,Plate 4,H2-Sym-32C,H2,Sym,A3,32C (heat stress),1,5,na,day_5
Plate 4_A3_Sym_32C,Plate 4,H2-Sym-32C,H2,Sym,A3,32C (heat stress),1,6,na,day_6
Plate 4_A3_Sym_32C,Plate 4,H2-Sym-32C,H2,Sym,A3,32C (heat stress),1,7,na,day_7
Plate 4_A3_Sym_32C,Plate 4,H2-Sym-32C,H2,Sym,A3,32C (heat stress),1,8,na,day_8
Plate 4_A3_Sym_32C,Plate 4,H2-Sym-32C,H2,Sym,A3,32C (heat stress),1,9,na,day_9
Plate 4_A3_Sym_32C,Plate 4,H2-Sym-32C,H2,Sym,A3,32C (heat stress),1,10,na,day_10
Plate 4_A3_Sym_32C,Plate 4,H2-Sym-32C,H2,Sym,A3,32C (heat stress),1,11,na,day_11
Plate 4_A3_Sym_32C,Plate 4,H2-Sym-32C,H2,Sym,A3,32C (heat stress),1,13,na,day_13
Plate 4_A3_Sym_32C,Plate 4,H2-Sym-32C,H2,Sym,A3,32C (heat stress),1,14,na,day_14
Plate 4_A3_Sym_32C,Plate 4,H2-Sym-32C,H2,Sym,A3,32C (heat stress),1,21,na,day_21
Plate 4_A3_Sym_32C,Plate 4,H2-Sym-32C,H2,Sym,A3,32C (heat stress),2,0,0,day_0
Plate 4_A3_Sym_32C,Plate 4,H2-Sym-32C,H2,Sym,A3,32C (heat stress),2,3,na,day_3
Plate 4_A3_Sym_32C,Plate 4,H2-Sym-32C,H2,Sym,A3,32C (heat stress),2,4,na,day_4
Plate 4_A3_Sym_32C,Plate 4,H2-Sym-32C,H2,Sym,A3,32C (heat stress),2,5,na,day_5
Plate 4_A3_Sym_32C,Plate 4,H2-Sym-32C,H2,Sym,A3,32C (heat stress),2,6,na,day_6
Plate 4_A3_Sym_32C,Plate 4,H2-Sym-32C,H2,Sym,A3,32C (heat stress),2,7,na,day_7
Plate 4_A3_Sym_32C,Plate 4,H2-Sym-32C,H2,Sym,A3,32C (heat stress),2,8,na,day_8
Plate 4_A3_Sym_32C,Plate 4,H2-Sym-32C,H2,Sym,A3,32C (heat stress),2,9,na,day_9
Plate 4_A3_Sym_32C,Plate 4,H2-Sym-32C,H2,Sym,A3,32C (heat stress),2,10,na,day_10
Plate 4_A3_Sym_32C,Plate 4,H2-Sym-32C,H2,Sym,A3,32C (heat stress),2,11,na,day_11
Plate 4_A3_Sym_32C,Plate 4,H2-Sym-32C,H2,Sym,A3,32C (heat stress),2,13,na,day_13
Plate 4_A3_Sym_32C,Plate 4,H2-Sym-32C,H2,Sym,A3,32C (heat stress),2,14,na,day_14
Plate 4_A3_Sym_32C,Plate 4,H2-Sym-32C,H2,Sym,A3,32C (heat stress),2,21,na,day_21
Plate 4_A4_Sym_32C,Plate 4,H2-Sym-32C,H2,Sym,A4,32C (heat stress),1,0,0,day_0
Plate 4_A4_Sym_32C,Plate 4,H2-Sym-32C,H2,Sym,A4,32C (heat stress),1,3,0,day_3
Plate 4_A4_Sym_32C,Plate 4,H2-Sym-32C,H2,Sym,A4,32C (heat stress),1,4,0,day_4
Plate 4_A4_Sym_32C,Plate 4,H2-Sym-32C,H2,Sym,A4,32C (heat stress),1,5,0,day_5
Plate 4_A4_Sym_32C,Plate 4,H2-Sym-32C,H2,Sym,A4,32C (heat stress),1,6,0,day_6
Plate 4_A4_Sym_32C,Plate 4,H2-Sym-32C,H2,Sym,A4,32C (heat stress),1,7,0,day_7
Plate 4_A4_Sym_32C,Plate 4,H2-Sym-32C,H2,Sym,A4,32C (heat stress),1,8,0,day_8
Plate 4_A4_Sym_32C,Plate 4,H2-Sym-32C,H2,Sym,A4,32C (heat stress),1,9,0,day_9
Plate 4_A4_Sym_32C,Plate 4,H2-Sym-32C,H2,Sym,A4,32C (heat stress),1,10,na,day_10
Plate 4_A4_Sym_32C,Plate 4,H2-Sym-32C,H2,Sym,A4,32C (heat stress),1,11,na,day_11
Plate 4_A4_Sym_32C,Plate 4,H2-Sym-32C,H2,Sym,A4,32C (heat stress),1,13,na,day_13
Plate 4_A4_Sym_32C,Plate 4,H2-Sym-32C,H2,Sym,A4,32C (heat stress),1,14,na,day_14
Plate 4_A4_Sym_32C,Plate 4,H2-Sym-32C,H2,Sym,A4,32C (heat stress),1,21,na,day_21
Plate 4_A4_Sym_32C,Plate 4,H2-Sym-32C,H2,Sym,A4,32C (heat stress),2,0,0,day_0
Plate 4_A4_Sym_32C,Plate 4,H2-Sym-32C,H2,Sym,A4,32C (heat stress),2,3,0,day_3
Plate 4_A4_Sym_32C,Plate 4,H2-Sym-32C,H2,Sym,A4,32C (heat stress),2,4,0,day_4
Plate 4_A4_Sym_32C,Plate 4,H2-Sym-32C,H2,Sym,A4,32C (heat stress),2,5,0,day_5
Plate 4_A4_Sym_32C,Plate 4,H2-Sym-32C,H2,Sym,A4,32C (heat stress),2,6,0,day_6
Plate 4_A4_Sym_32C,Plate 4,H2-Sym-32C,H2,Sym,A4,32C (heat stress),2,7,0,day_7
Plate 4_A4_Sym_32C,Plate 4,H2-Sym-32C,H2,Sym,A4,32C (heat stress),2,8,2,day_8
Plate 4_A4_Sym_32C,Plate 4,H2-Sym-32C,H2,Sym,A4,32C (heat stress),2,9,2,day_9
Plate 4_A4_Sym_32C,Plate 4,H2-Sym-32C,H2,Sym,A4,32C (heat stress),2,10,2,day_10
Plate 4_A4_Sym_32C,Plate 4,H2-Sym-32C,H2,Sym,A4,32C (heat stress),2,11,2,day_11
Plate 4_A4_Sym_32C,Plate 4,H2-Sym-32C,H2,Sym,A4,32C (heat stress),2,13,2,day_13
Plate 4_A4_Sym_32C,Plate 4,H2-Sym-32C,H2,Sym,A4,32C (heat stress),2,14,2,day_14
Plate 4_A4_Sym_32C,Plate 4,H2-Sym-32C,H2,Sym,A4,32C (heat stress),2,21,2,day_21
Plate 4_A5_Sym_32C,Plate 4,H2-Sym-32C,H2,Sym,A5,32C (heat stress),1,0,0,day_0
Plate 4_A5_Sym_32C,Plate 4,H2-Sym-32C,H2,Sym,A5,32C (heat stress),1,3,0,day_3
Plate 4_A5_Sym_32C,Plate 4,H2-Sym-32C,H2,Sym,A5,32C (heat stress),1,4,0,day_4
Plate 4_A5_Sym_32C,Plate 4,H2-Sym-32C,H2,Sym,A5,32C (heat stress),1,5,0,day_5
Plate 4_A5_Sym_32C,Plate 4,H2-Sym-32C,H2,Sym,A5,32C (heat stress),1,6,0,day_6
Plate 4_A5_Sym_32C,Plate 4,H2-Sym-32C,H2,Sym,A5,32C (heat stress),1,7,0,day_7
Plate 4_A5_Sym_32C,Plate 4,H2-Sym-32C,H2,Sym,A5,32C (heat stress),1,8,0,day_8
Plate 4_A5_Sym_32C,Plate 4,H2-Sym-32C,H2,Sym,A5,32C (heat stress),1,9,0,day_9
Plate 4_A5_Sym_32C,Plate 4,H2-Sym-32C,H2,Sym,A5,32C (heat stress),1,10,0,day_10
Plate 4_A5_Sym_32C,Plate 4,H2-Sym-32C,H2,Sym,A5,32C (heat stress),1,11,0,day_11
Plate 4_A5_Sym_32C,Plate 4,H2-Sym-32C,H2,Sym,A5,32C (heat stress),1,13,0,day_13
Plate 4_A5_Sym_32C,Plate 4,H2-Sym-32C,H2,Sym,A5,32C (heat stress),1,14,0,day_14
Plate 4_A5_Sym_32C,Plate 4,H2-Sym-32C,H2,Sym,A5,32C (heat stress),1,21,0,day_21
Plate 4_A6_Sym_32C,Plate 4,H2-Sym-32C,H2,Sym,A6,32C (heat stress),1,0,0,day_0
Plate 4_A6_Sym_32C,Plate 4,H2-Sym-32C,H2,Sym,A6,32C (heat stress),1,3,0,day_3
Plate 4_A6_Sym_32C,Plate 4,H2-Sym-32C,H2,Sym,A6,32C (heat stress),1,4,0,day_4
Plate 4_A6_Sym_32C,Plate 4,H2-Sym-32C,H2,Sym,A6,32C (heat stress),1,5,0,day_5
Plate 4_A6_Sym_32C,Plate 4,H2-Sym-32C,H2,Sym,A6,32C (heat stress),1,6,0,day_6
Plate 4_A6_Sym_32C,Plate 4,H2-Sym-32C,H2,Sym,A6,32C (heat stress),1,7,0,day_7
Plate 4_A6_Sym_32C,Plate 4,H2-Sym-32C,H2,Sym,A6,32C (heat stress),1,8,0,day_8
Plate 4_A6_Sym_32C,Plate 4,H2-Sym-32C,H2,Sym,A6,32C (heat stress),1,9,0,day_9
Plate 4_A6_Sym_32C,Plate 4,H2-Sym-32C,H2,Sym,A6,32C (heat stress),1,10,0,day_10
Plate 4_A6_Sym_32C,Plate 4,H2-Sym-32C,H2,Sym,A6,32C (heat stress),1,11,0,day_11
Plate 4_A6_Sym_32C,Plate 4,H2-Sym-32C,H2,Sym,A6,32C (heat stress),1,13,0,day_13
Plate 4_A6_Sym_32C,Plate 4,H2-Sym-32C,H2,Sym,A6,32C (heat stress),1,14,0,day_14
Plate 4_A6_Sym_32C,Plate 4,H2-Sym-32C,H2,Sym,A6,32C (heat stress),1,21,0,day_21
Plate 4_B1_Sym_32C,Plate 4,H2-Sym-32C,H2,Sym,B1,32C (heat stress),1,0,0,day_0
Plate 4_B1_Sym_32C,Plate 4,H2-Sym-32C,H2,Sym,B1,32C (heat stress),1,3,0,day_3
Plate 4_B1_Sym_32C,Plate 4,H2-Sym-32C,H2,Sym,B1,32C (heat stress),1,4,0,day_4
Plate 4_B1_Sym_32C,Plate 4,H2-Sym-32C,H2,Sym,B1,32C (heat stress),1,5,0,day_5
Plate 4_B1_Sym_32C,Plate 4,H2-Sym-32C,H2,Sym,B1,32C (heat stress),1,6,0,day_6
Plate 4_B1_Sym_32C,Plate 4,H2-Sym-32C,H2,Sym,B1,32C (heat stress),1,7,0,day_7
Plate 4_B1_Sym_32C,Plate 4,H2-Sym-32C,H2,Sym,B1,32C (heat stress),1,8,0,day_8
Plate 4_B1_Sym_32C,Plate 4,H2-Sym-32C,H2,Sym,B1,32C (heat stress),1,9,na,day_9
Plate 4_B1_Sym_32C,Plate 4,H2-Sym-32C,H2,Sym,B1,32C (heat stress),1,10,na,day_10
Plate 4_B1_Sym_32C,Plate 4,H2-Sym-32C,H2,Sym,B1,32C (heat stress),1,11,na,day_11
Plate 4_B1_Sym_32C,Plate 4,H2-Sym-32C,H2,Sym,B1,32C (heat stress),1,13,na,day_13
Plate 4_B1_Sym_32C,Plate 4,H2-Sym-32C,H2,Sym,B1,32C (heat stress),1,14,na,day_14
Plate 4_B1_Sym_32C,Plate 4,H2-Sym-32C,H2,Sym,B1,32C (heat stress),1,21,na,day_21
Plate 4_B2_Sym_32C,Plate 4,H2-Sym-32C,H2,Sym,B2,32C (heat stress),1,0,0,day_0
Plate 4_B2_Sym_32C,Plate 4,H2-Sym-32C,H2,Sym,B2,32C (heat stress),1,3,0,day_3
Plate 4_B2_Sym_32C,Plate 4,H2-Sym-32C,H2,Sym,B2,32C (heat stress),1,4,0,day_4
Plate 4_B2_Sym_32C,Plate 4,H2-Sym-32C,H2,Sym,B2,32C (heat stress),1,5,0,day_5
Plate 4_B2_Sym_32C,Plate 4,H2-Sym-32C,H2,Sym,B2,32C (heat stress),1,6,0,day_6
Plate 4_B2_Sym_32C,Plate 4,H2-Sym-32C,H2,Sym,B2,32C (heat stress),1,7,0,day_7
Plate 4_B2_Sym_32C,Plate 4,H2-Sym-32C,H2,Sym,B2,32C (heat stress),1,8,?,day_8
Plate 4_B2_Sym_32C,Plate 4,H2-Sym-32C,H2,Sym,B2,32C (heat stress),1,9,na,day_9
Plate 4_B2_Sym_32C,Plate 4,H2-Sym-32C,H2,Sym,B2,32C (heat stress),1,10,na,day_10
Plate 4_B2_Sym_32C,Plate 4,H2-Sym-32C,H2,Sym,B2,32C (heat stress),1,11,na,day_11
Plate 4_B2_Sym_32C,Plate 4,H2-Sym-32C,H2,Sym,B2,32C (heat stress),1,13,na,day_13
Plate 4_B2_Sym_32C,Plate 4,H2-Sym-32C,H2,Sym,B2,32C (heat stress),1,14,na,day_14
Plate 4_B2_Sym_32C,Plate 4,H2-Sym-32C,H2,Sym,B2,32C (heat stress),1,21,na,day_21
Plate 4_B2_Sym_32C,Plate 4,H2-Sym-32C,H2,Sym,B2,32C (heat stress),2,0,0,day_0
Plate 4_B2_Sym_32C,Plate 4,H2-Sym-32C,H2,Sym,B2,32C (heat stress),2,3,na,day_3
Plate 4_B2_Sym_32C,Plate 4,H2-Sym-32C,H2,Sym,B2,32C (heat stress),2,4,na,day_4
Plate 4_B2_Sym_32C,Plate 4,H2-Sym-32C,H2,Sym,B2,32C (heat stress),2,5,na,day_5
Plate 4_B2_Sym_32C,Plate 4,H2-Sym-32C,H2,Sym,B2,32C (heat stress),2,6,na,day_6
Plate 4_B2_Sym_32C,Plate 4,H2-Sym-32C,H2,Sym,B2,32C (heat stress),2,7,na,day_7
Plate 4_B2_Sym_32C,Plate 4,H2-Sym-32C,H2,Sym,B2,32C (heat stress),2,8,na,day_8
Plate 4_B2_Sym_32C,Plate 4,H2-Sym-32C,H2,Sym,B2,32C (heat stress),2,9,na,day_9
Plate 4_B2_Sym_32C,Plate 4,H2-Sym-32C,H2,Sym,B2,32C (heat stress),2,10,na,day_10
Plate 4_B2_Sym_32C,Plate 4,H2-Sym-32C,H2,Sym,B2,32C (heat stress),2,11,na,day_11
Plate 4_B2_Sym_32C,Plate 4,H2-Sym-32C,H2,Sym,B2,32C (heat stress),2,13,na,day_13
Plate 4_B2_Sym_32C,Plate 4,H2-Sym-32C,H2,Sym,B2,32C (heat stress),2,14,na,day_14
Plate 4_B2_Sym_32C,Plate 4,H2-Sym-32C,H2,Sym,B2,32C (heat stress),2,21,na,day_21
Plate 4_B3_Sym_32C,Plate 4,H2-Sym-32C,H2,Sym,B3,32C (heat stress),1,0,0,day_0
Plate 4_B3_Sym_32C,Plate 4,H2-Sym-32C,H2,Sym,B3,32C (heat stress),1,3,na,day_3
Plate 4_B3_Sym_32C,Plate 4,H2-Sym-32C,H2,Sym,B3,32C (heat stress),1,4,na,day_4
Plate 4_B3_Sym_32C,Plate 4,H2-Sym-32C,H2,Sym,B3,32C (heat stress),1,5,na,day_5
Plate 4_B3_Sym_32C,Plate 4,H2-Sym-32C,H2,Sym,B3,32C (heat stress),1,6,na,day_6
Plate 4_B3_Sym_32C,Plate 4,H2-Sym-32C,H2,Sym,B3,32C (heat stress),1,7,na,day_7
Plate 4_B3_Sym_32C,Plate 4,H2-Sym-32C,H2,Sym,B3,32C (heat stress),1,8,na,day_8
Plate 4_B3_Sym_32C,Plate 4,H2-Sym-32C,H2,Sym,B3,32C (heat stress),1,9,na,day_9
Plate 4_B3_Sym_32C,Plate 4,H2-Sym-32C,H2,Sym,B3,32C (heat stress),1,10,na,day_10
Plate 4_B3_Sym_32C,Plate 4,H2-Sym-32C,H2,Sym,B3,32C (heat stress),1,11,na,day_11
Plate 4_B3_Sym_32C,Plate 4,H2-Sym-32C,H2,Sym,B3,32C (heat stress),1,13,na,day_13
Plate 4_B3_Sym_32C,Plate 4,H2-Sym-32C,H2,Sym,B3,32C (heat stress),1,14,na,day_14
Plate 4_B3_Sym_32C,Plate 4,H2-Sym-32C,H2,Sym,B3,32C (heat stress),1,21,na,day_21
Plate 4_B4_Sym_32C,Plate 4,H2-Sym-32C,H2,Sym,B4,32C (heat stress),1,0,0,day_0
Plate 4_B4_Sym_32C,Plate 4,H2-Sym-32C,H2,Sym,B4,32C (heat stress),1,3,0,day_3
Plate 4_B4_Sym_32C,Plate 4,H2-Sym-32C,H2,Sym,B4,32C (heat stress),1,4,0,day_4
Plate 4_B4_Sym_32C,Plate 4,H2-Sym-32C,H2,Sym,B4,32C (heat stress),1,5,0,day_5
Plate 4_B4_Sym_32C,Plate 4,H2-Sym-32C,H2,Sym,B4,32C (heat stress),1,6,8,day_6
Plate 4_B4_Sym_32C,Plate 4,H2-Sym-32C,H2,Sym,B4,32C (heat stress),1,7,8,day_7
Plate 4_B4_Sym_32C,Plate 4,H2-Sym-32C,H2,Sym,B4,32C (heat stress),1,8,11,day_8
Plate 4_B4_Sym_32C,Plate 4,H2-Sym-32C,H2,Sym,B4,32C (heat stress),1,9,11,day_9
Plate 4_B4_Sym_32C,Plate 4,H2-Sym-32C,H2,Sym,B4,32C (heat stress),1,10,11,day_10
Plate 4_B4_Sym_32C,Plate 4,H2-Sym-32C,H2,Sym,B4,32C (heat stress),1,11,11,day_11
Plate 4_B4_Sym_32C,Plate 4,H2-Sym-32C,H2,Sym,B4,32C (heat stress),1,13,na,day_13
Plate 4_B4_Sym_32C,Plate 4,H2-Sym-32C,H2,Sym,B4,32C (heat stress),1,14,na,day_14
Plate 4_B4_Sym_32C,Plate 4,H2-Sym-32C,H2,Sym,B4,32C (heat stress),1,21,na,day_21
Plate 4_B4_Sym_32C,Plate 4,H2-Sym-32C,H2,Sym,B4,32C (heat stress),2,0,0,day_0
Plate 4_B4_Sym_32C,Plate 4,H2-Sym-32C,H2,Sym,B4,32C (heat stress),2,3,na,day_3
Plate 4_B4_Sym_32C,Plate 4,H2-Sym-32C,H2,Sym,B4,32C (heat stress),2,4,na,day_4
Plate 4_B4_Sym_32C,Plate 4,H2-Sym-32C,H2,Sym,B4,32C (heat stress),2,5,na,day_5
Plate 4_B4_Sym_32C,Plate 4,H2-Sym-32C,H2,Sym,B4,32C (heat stress),2,6,na,day_6
Plate 4_B4_Sym_32C,Plate 4,H2-Sym-32C,H2,Sym,B4,32C (heat stress),2,7,na,day_7
Plate 4_B4_Sym_32C,Plate 4,H2-Sym-32C,H2,Sym,B4,32C (heat stress),2,8,na,day_8
Plate 4_B4_Sym_32C,Plate 4,H2-Sym-32C,H2,Sym,B4,32C (heat stress),2,9,na,day_9
Plate 4_B4_Sym_32C,Plate 4,H2-Sym-32C,H2,Sym,B4,32C (heat stress),2,10,na,day_10
Plate 4_B4_Sym_32C,Plate 4,H2-Sym-32C,H2,Sym,B4,32C (heat stress),2,11,na,day_11
Plate 4_B4_Sym_32C,Plate 4,H2-Sym-32C,H2,Sym,B4,32C (heat stress),2,13,na,day_13
Plate 4_B4_Sym_32C,Plate 4,H2-Sym-32C,H2,Sym,B4,32C (heat stress),2,14,na,day_14
Plate 4_B4_Sym_32C,Plate 4,H2-Sym-32C,H2,Sym,B4,32C (heat stress),2,21,na,day_21
Plate 4_B5_Sym_32C,Plate 4,H2-Sym-32C,H2,Sym,B5,32C (heat stress),1,0,0,day_0
Plate 4_B5_Sym_32C,Plate 4,H2-Sym-32C,H2,Sym,B5,32C (heat stress),1,3,0,day_3
Plate 4_B5_Sym_32C,Plate 4,H2-Sym-32C,H2,Sym,B5,32C (heat stress),1,4,na,day_4
Plate 4_B5_Sym_32C,Plate 4,H2-Sym-32C,H2,Sym,B5,32C (heat stress),1,5,na,day_5
Plate 4_B5_Sym_32C,Plate 4,H2-Sym-32C,H2,Sym,B5,32C (heat stress),1,6,na,day_6
Plate 4_B5_Sym_32C,Plate 4,H2-Sym-32C,H2,Sym,B5,32C (heat stress),1,7,na,day_7
Plate 4_B5_Sym_32C,Plate 4,H2-Sym-32C,H2,Sym,B5,32C (heat stress),1,8,na,day_8
Plate 4_B5_Sym_32C,Plate 4,H2-Sym-32C,H2,Sym,B5,32C (heat stress),1,9,na,day_9
Plate 4_B5_Sym_32C,Plate 4,H2-Sym-32C,H2,Sym,B5,32C (heat stress),1,10,na,day_10
Plate 4_B5_Sym_32C,Plate 4,H2-Sym-32C,H2,Sym,B5,32C (heat stress),1,11,na,day_11
Plate 4_B5_Sym_32C,Plate 4,H2-Sym-32C,H2,Sym,B5,32C (heat stress),1,13,na,day_13
Plate 4_B5_Sym_32C,Plate 4,H2-Sym-32C,H2,Sym,B5,32C (heat stress),1,14,na,day_14
Plate 4_B5_Sym_32C,Plate 4,H2-Sym-32C,H2,Sym,B5,32C (heat stress),1,21,na,day_21
Plate 4_B6_Sym_32C,Plate 4,H2-Sym-32C,H2,Sym,B6,32C (heat stress),1,0,0,day_0
Plate 4_B6_Sym_32C,Plate 4,H2-Sym-32C,H2,Sym,B6,32C (heat stress),1,3,0,day_3
Plate 4_B6_Sym_32C,Plate 4,H2-Sym-32C,H2,Sym,B6,32C (heat stress),1,4,0,day_4
Plate 4_B6_Sym_32C,Plate 4,H2-Sym-32C,H2,Sym,B6,32C (heat stress),1,5,0,day_5
Plate 4_B6_Sym_32C,Plate 4,H2-Sym-32C,H2,Sym,B6,32C (heat stress),1,6,0,day_6
Plate 4_B6_Sym_32C,Plate 4,H2-Sym-32C,H2,Sym,B6,32C (heat stress),1,7,0,day_7
Plate 4_B6_Sym_32C,Plate 4,H2-Sym-32C,H2,Sym,B6,32C (heat stress),1,8,0,day_8
Plate 4_B6_Sym_32C,Plate 4,H2-Sym-32C,H2,Sym,B6,32C (heat stress),1,9,0,day_9
Plate 4_B6_Sym_32C,Plate 4,H2-Sym-32C,H2,Sym,B6,32C (heat stress),1,10,0,day_10
Plate 4_B6_Sym_32C,Plate 4,H2-Sym-32C,H2,Sym,B6,32C (heat stress),1,11,0,day_11
Plate 4_B6_Sym_32C,Plate 4,H2-Sym-32C,H2,Sym,B6,32C (heat stress),1,13,0,day_13
Plate 4_B6_Sym_32C,Plate 4,H2-Sym-32C,H2,Sym,B6,32C (heat stress),1,14,0,day_14
Plate 4_B6_Sym_32C,Plate 4,H2-Sym-32C,H2,Sym,B6,32C (heat stress),1,21,0,day_21
Plate 4_B6_Sym_32C,Plate 4,H2-Sym-32C,H2,Sym,B6,32C (heat stress),2,0,0,day_0
Plate 4_B6_Sym_32C,Plate 4,H2-Sym-32C,H2,Sym,B6,32C (heat stress),2,3,na,day_3
Plate 4_B6_Sym_32C,Plate 4,H2-Sym-32C,H2,Sym,B6,32C (heat stress),2,4,na,day_4
Plate 4_B6_Sym_32C,Plate 4,H2-Sym-32C,H2,Sym,B6,32C (heat stress),2,5,na,day_5
Plate 4_B6_Sym_32C,Plate 4,H2-Sym-32C,H2,Sym,B6,32C (heat stress),2,6,na,day_6
Plate 4_B6_Sym_32C,Plate 4,H2-Sym-32C,H2,Sym,B6,32C (heat stress),2,7,na,day_7
Plate 4_B6_Sym_32C,Plate 4,H2-Sym-32C,H2,Sym,B6,32C (heat stress),2,8,na,day_8
Plate 4_B6_Sym_32C,Plate 4,H2-Sym-32C,H2,Sym,B6,32C (heat stress),2,9,na,day_9
Plate 4_B6_Sym_32C,Plate 4,H2-Sym-32C,H2,Sym,B6,32C (heat stress),2,10,na,day_10
Plate 4_B6_Sym_32C,Plate 4,H2-Sym-32C,H2,Sym,B6,32C (heat stress),2,11,na,day_11
Plate 4_B6_Sym_32C,Plate 4,H2-Sym-32C,H2,Sym,B6,32C (heat stress),2,13,na,day_13
Plate 4_B6_Sym_32C,Plate 4,H2-Sym-32C,H2,Sym,B6,32C (heat stress),2,14,na,day_14
Plate 4_B6_Sym_32C,Plate 4,H2-Sym-32C,H2,Sym,B6,32C (heat stress),2,21,na,day_21
Plate 4_C1_Sym_32C,Plate 4,H2-Sym-32C,H2,Sym,C1,32C (heat stress),1,0,0,day_0
Plate 4_C1_Sym_32C,Plate 4,H2-Sym-32C,H2,Sym,C1,32C (heat stress),1,3,na,day_3
Plate 4_C1_Sym_32C,Plate 4,H2-Sym-32C,H2,Sym,C1,32C (heat stress),1,4,na,day_4
Plate 4_C1_Sym_32C,Plate 4,H2-Sym-32C,H2,Sym,C1,32C (heat stress),1,5,na,day_5
Plate 4_C1_Sym_32C,Plate 4,H2-Sym-32C,H2,Sym,C1,32C (heat stress),1,6,na,day_6
Plate 4_C1_Sym_32C,Plate 4,H2-Sym-32C,H2,Sym,C1,32C (heat stress),1,7,na,day_7
Plate 4_C1_Sym_32C,Plate 4,H2-Sym-32C,H2,Sym,C1,32C (heat stress),1,8,na,day_8
Plate 4_C1_Sym_32C,Plate 4,H2-Sym-32C,H2,Sym,C1,32C (heat stress),1,9,na,day_9
Plate 4_C1_Sym_32C,Plate 4,H2-Sym-32C,H2,Sym,C1,32C (heat stress),1,10,na,day_10
Plate 4_C1_Sym_32C,Plate 4,H2-Sym-32C,H2,Sym,C1,32C (heat stress),1,11,na,day_11
Plate 4_C1_Sym_32C,Plate 4,H2-Sym-32C,H2,Sym,C1,32C (heat stress),1,13,na,day_13
Plate 4_C1_Sym_32C,Plate 4,H2-Sym-32C,H2,Sym,C1,32C (heat stress),1,14,na,day_14
Plate 4_C1_Sym_32C,Plate 4,H2-Sym-32C,H2,Sym,C1,32C (heat stress),1,21,na,day_21
Plate 4_C1_Sym_32C,Plate 4,H2-Sym-32C,H2,Sym,C1,32C (heat stress),2,0,0,day_0
Plate 4_C1_Sym_32C,Plate 4,H2-Sym-32C,H2,Sym,C1,32C (heat stress),2,3,na,day_3
Plate 4_C1_Sym_32C,Plate 4,H2-Sym-32C,H2,Sym,C1,32C (heat stress),2,4,na,day_4
Plate 4_C1_Sym_32C,Plate 4,H2-Sym-32C,H2,Sym,C1,32C (heat stress),2,5,na,day_5
Plate 4_C1_Sym_32C,Plate 4,H2-Sym-32C,H2,Sym,C1,32C (heat stress),2,6,na,day_6
Plate 4_C1_Sym_32C,Plate 4,H2-Sym-32C,H2,Sym,C1,32C (heat stress),2,7,na,day_7
Plate 4_C1_Sym_32C,Plate 4,H2-Sym-32C,H2,Sym,C1,32C (heat stress),2,8,na,day_8
Plate 4_C1_Sym_32C,Plate 4,H2-Sym-32C,H2,Sym,C1,32C (heat stress),2,9,na,day_9
Plate 4_C1_Sym_32C,Plate 4,H2-Sym-32C,H2,Sym,C1,32C (heat stress),2,10,na,day_10
Plate 4_C1_Sym_32C,Plate 4,H2-Sym-32C,H2,Sym,C1,32C (heat stress),2,11,na,day_11
Plate 4_C1_Sym_32C,Plate 4,H2-Sym-32C,H2,Sym,C1,32C (heat stress),2,13,na,day_13
Plate 4_C1_Sym_32C,Plate 4,H2-Sym-32C,H2,Sym,C1,32C (heat stress),2,14,na,day_14
Plate 4_C1_Sym_32C,Plate 4,H2-Sym-32C,H2,Sym,C1,32C (heat stress),2,21,na,day_21
Plate 4_C2_Sym_32C,Plate 4,H2-Sym-32C,H2,Sym,C2,32C (heat stress),1,0,0,day_0
Plate 4_C2_Sym_32C,Plate 4,H2-Sym-32C,H2,Sym,C2,32C (heat stress),1,3,na,day_3
Plate 4_C2_Sym_32C,Plate 4,H2-Sym-32C,H2,Sym,C2,32C (heat stress),1,4,na,day_4
Plate 4_C2_Sym_32C,Plate 4,H2-Sym-32C,H2,Sym,C2,32C (heat stress),1,5,na,day_5
Plate 4_C2_Sym_32C,Plate 4,H2-Sym-32C,H2,Sym,C2,32C (heat stress),1,6,na,day_6
Plate 4_C2_Sym_32C,Plate 4,H2-Sym-32C,H2,Sym,C2,32C (heat stress),1,7,na,day_7
Plate 4_C2_Sym_32C,Plate 4,H2-Sym-32C,H2,Sym,C2,32C (heat stress),1,8,na,day_8
Plate 4_C2_Sym_32C,Plate 4,H2-Sym-32C,H2,Sym,C2,32C (heat stress),1,9,na,day_9
Plate 4_C2_Sym_32C,Plate 4,H2-Sym-32C,H2,Sym,C2,32C (heat stress),1,10,na,day_10
Plate 4_C2_Sym_32C,Plate 4,H2-Sym-32C,H2,Sym,C2,32C (heat stress),1,11,na,day_11
Plate 4_C2_Sym_32C,Plate 4,H2-Sym-32C,H2,Sym,C2,32C (heat stress),1,13,na,day_13
Plate 4_C2_Sym_32C,Plate 4,H2-Sym-32C,H2,Sym,C2,32C (heat stress),1,14,na,day_14
Plate 4_C2_Sym_32C,Plate 4,H2-Sym-32C,H2,Sym,C2,32C (heat stress),1,21,na,day_21
Plate 4_C2_Sym_32C,Plate 4,H2-Sym-32C,H2,Sym,C2,32C (heat stress),2,0,0,day_0
Plate 4_C2_Sym_32C,Plate 4,H2-Sym-32C,H2,Sym,C2,32C (heat stress),2,3,na,day_3
Plate 4_C2_Sym_32C,Plate 4,H2-Sym-32C,H2,Sym,C2,32C (heat stress),2,4,na,day_4
Plate 4_C2_Sym_32C,Plate 4,H2-Sym-32C,H2,Sym,C2,32C (heat stress),2,5,na,day_5
Plate 4_C2_Sym_32C,Plate 4,H2-Sym-32C,H2,Sym,C2,32C (heat stress),2,6,na,day_6
Plate 4_C2_Sym_32C,Plate 4,H2-Sym-32C,H2,Sym,C2,32C (heat stress),2,7,na,day_7
Plate 4_C2_Sym_32C,Plate 4,H2-Sym-32C,H2,Sym,C2,32C (heat stress),2,8,na,day_8
Plate 4_C2_Sym_32C,Plate 4,H2-Sym-32C,H2,Sym,C2,32C (heat stress),2,9,na,day_9
Plate 4_C2_Sym_32C,Plate 4,H2-Sym-32C,H2,Sym,C2,32C (heat stress),2,10,na,day_10
Plate 4_C2_Sym_32C,Plate 4,H2-Sym-32C,H2,Sym,C2,32C (heat stress),2,11,na,day_11
Plate 4_C2_Sym_32C,Plate 4,H2-Sym-32C,H2,Sym,C2,32C (heat stress),2,13,na,day_13
Plate 4_C2_Sym_32C,Plate 4,H2-Sym-32C,H2,Sym,C2,32C (heat stress),2,14,na,day_14
Plate 4_C2_Sym_32C,Plate 4,H2-Sym-32C,H2,Sym,C2,32C (heat stress),2,21,na,day_21
Plate 4_C3_Sym_32C,Plate 4,H2-Sym-32C,H2,Sym,C3,32C (heat stress),1,0,0,day_0
Plate 4_C3_Sym_32C,Plate 4,H2-Sym-32C,H2,Sym,C3,32C (heat stress),1,3,0,day_3
Plate 4_C3_Sym_32C,Plate 4,H2-Sym-32C,H2,Sym,C3,32C (heat stress),1,4,na,day_4
Plate 4_C3_Sym_32C,Plate 4,H2-Sym-32C,H2,Sym,C3,32C (heat stress),1,5,na,day_5
Plate 4_C3_Sym_32C,Plate 4,H2-Sym-32C,H2,Sym,C3,32C (heat stress),1,6,na,day_6
Plate 4_C3_Sym_32C,Plate 4,H2-Sym-32C,H2,Sym,C3,32C (heat stress),1,7,na,day_7
Plate 4_C3_Sym_32C,Plate 4,H2-Sym-32C,H2,Sym,C3,32C (heat stress),1,8,na,day_8
Plate 4_C3_Sym_32C,Plate 4,H2-Sym-32C,H2,Sym,C3,32C (heat stress),1,9,na,day_9
Plate 4_C3_Sym_32C,Plate 4,H2-Sym-32C,H2,Sym,C3,32C (heat stress),1,10,na,day_10
Plate 4_C3_Sym_32C,Plate 4,H2-Sym-32C,H2,Sym,C3,32C (heat stress),1,11,na,day_11
Plate 4_C3_Sym_32C,Plate 4,H2-Sym-32C,H2,Sym,C3,32C (heat stress),1,13,na,day_13
Plate 4_C3_Sym_32C,Plate 4,H2-Sym-32C,H2,Sym,C3,32C (heat stress),1,14,na,day_14
Plate 4_C3_Sym_32C,Plate 4,H2-Sym-32C,H2,Sym,C3,32C (heat stress),1,21,na,day_21
Plate 4_C4_Sym_32C,Plate 4,H2-Sym-32C,H2,Sym,C4,32C (heat stress),1,0,0,day_0
Plate 4_C4_Sym_32C,Plate 4,H2-Sym-32C,H2,Sym,C4,32C (heat stress),1,3,0,day_3
Plate 4_C4_Sym_32C,Plate 4,H2-Sym-32C,H2,Sym,C4,32C (heat stress),1,4,0,day_4
Plate 4_C4_Sym_32C,Plate 4,H2-Sym-32C,H2,Sym,C4,32C (heat stress),1,5,0,day_5
Plate 4_C4_Sym_32C,Plate 4,H2-Sym-32C,H2,Sym,C4,32C (heat stress),1,6,0,day_6
Plate 4_C4_Sym_32C,Plate 4,H2-Sym-32C,H2,Sym,C4,32C (heat stress),1,7,0,day_7
Plate 4_C4_Sym_32C,Plate 4,H2-Sym-32C,H2,Sym,C4,32C (heat stress),1,8,0,day_8
Plate 4_C4_Sym_32C,Plate 4,H2-Sym-32C,H2,Sym,C4,32C (heat stress),1,9,na,day_9
Plate 4_C4_Sym_32C,Plate 4,H2-Sym-32C,H2,Sym,C4,32C (heat stress),1,10,na,day_10
Plate 4_C4_Sym_32C,Plate 4,H2-Sym-32C,H2,Sym,C4,32C (heat stress),1,11,na,day_11
Plate 4_C4_Sym_32C,Plate 4,H2-Sym-32C,H2,Sym,C4,32C (heat stress),1,13,na,day_13
Plate 4_C4_Sym_32C,Plate 4,H2-Sym-32C,H2,Sym,C4,32C (heat stress),1,14,na,day_14
Plate 4_C4_Sym_32C,Plate 4,H2-Sym-32C,H2,Sym,C4,32C (heat stress),1,21,na,day_21
Plate 4_C5_Sym_32C,Plate 4,H2-Sym-32C,H2,Sym,C5,32C (heat stress),1,0,0,day_0
Plate 4_C5_Sym_32C,Plate 4,H2-Sym-32C,H2,Sym,C5,32C (heat stress),1,3,0,day_3
Plate 4_C5_Sym_32C,Plate 4,H2-Sym-32C,H2,Sym,C5,32C (heat stress),1,4,0,day_4
Plate 4_C5_Sym_32C,Plate 4,H2-Sym-32C,H2,Sym,C5,32C (heat stress),1,5,0,day_5
Plate 4_C5_Sym_32C,Plate 4,H2-Sym-32C,H2,Sym,C5,32C (heat stress),1,6,0,day_6
Plate 4_C5_Sym_32C,Plate 4,H2-Sym-32C,H2,Sym,C5,32C (heat stress),1,7,0,day_7
Plate 4_C5_Sym_32C,Plate 4,H2-Sym-32C,H2,Sym,C5,32C (heat stress),1,8,0,day_8
Plate 4_C5_Sym_32C,Plate 4,H2-Sym-32C,H2,Sym,C5,32C (heat stress),1,9,0,day_9
Plate 4_C5_Sym_32C,Plate 4,H2-Sym-32C,H2,Sym,C5,32C (heat stress),1,10,0,day_10
Plate 4_C5_Sym_32C,Plate 4,H2-Sym-32C,H2,Sym,C5,32C (heat stress),1,11,0,day_11
Plate 4_C5_Sym_32C,Plate 4,H2-Sym-32C,H2,Sym,C5,32C (heat stress),1,13,0,day_13
Plate 4_C5_Sym_32C,Plate 4,H2-Sym-32C,H2,Sym,C5,32C (heat stress),1,14,0,day_14
Plate 4_C5_Sym_32C,Plate 4,H2-Sym-32C,H2,Sym,C5,32C (heat stress),1,21,0,day_21
Plate 4_C6_Sym_32C,Plate 4,H2-Sym-32C,H2,Sym,C6,32C (heat stress),1,0,0,day_0
Plate 4_C6_Sym_32C,Plate 4,H2-Sym-32C,H2,Sym,C6,32C (heat stress),1,3,0,day_3
Plate 4_C6_Sym_32C,Plate 4,H2-Sym-32C,H2,Sym,C6,32C (heat stress),1,4,0,day_4
Plate 4_C6_Sym_32C,Plate 4,H2-Sym-32C,H2,Sym,C6,32C (heat stress),1,5,0,day_5
Plate 4_C6_Sym_32C,Plate 4,H2-Sym-32C,H2,Sym,C6,32C (heat stress),1,6,0,day_6
Plate 4_C6_Sym_32C,Plate 4,H2-Sym-32C,H2,Sym,C6,32C (heat stress),1,7,0,day_7
Plate 4_C6_Sym_32C,Plate 4,H2-Sym-32C,H2,Sym,C6,32C (heat stress),1,8,0,day_8
Plate 4_C6_Sym_32C,Plate 4,H2-Sym-32C,H2,Sym,C6,32C (heat stress),1,9,0,day_9
Plate 4_C6_Sym_32C,Plate 4,H2-Sym-32C,H2,Sym,C6,32C (heat stress),1,10,0,day_10
Plate 4_C6_Sym_32C,Plate 4,H2-Sym-32C,H2,Sym,C6,32C (heat stress),1,11,0,day_11
Plate 4_C6_Sym_32C,Plate 4,H2-Sym-32C,H2,Sym,C6,32C (heat stress),1,13,0,day_13
Plate 4_C6_Sym_32C,Plate 4,H2-Sym-32C,H2,Sym,C6,32C (heat stress),1,14,0,day_14
Plate 4_C6_Sym_32C,Plate 4,H2-Sym-32C,H2,Sym,C6,32C (heat stress),1,21,0,day_21
Plate 4_C6_Sym_32C,Plate 4,H2-Sym-32C,H2,Sym,C6,32C (heat stress),2,0,0,day_0
Plate 4_C6_Sym_32C,Plate 4,H2-Sym-32C,H2,Sym,C6,32C (heat stress),2,3,na,day_3
Plate 4_C6_Sym_32C,Plate 4,H2-Sym-32C,H2,Sym,C6,32C (heat stress),2,4,na,day_4
Plate 4_C6_Sym_32C,Plate 4,H2-Sym-32C,H2,Sym,C6,32C (heat stress),2,5,na,day_5
Plate 4_C6_Sym_32C,Plate 4,H2-Sym-32C,H2,Sym,C6,32C (heat stress),2,6,na,day_6
Plate 4_C6_Sym_32C,Plate 4,H2-Sym-32C,H2,Sym,C6,32C (heat stress),2,7,na,day_7
Plate 4_C6_Sym_32C,Plate 4,H2-Sym-32C,H2,Sym,C6,32C (heat stress),2,8,na,day_8
Plate 4_C6_Sym_32C,Plate 4,H2-Sym-32C,H2,Sym,C6,32C (heat stress),2,9,na,day_9
Plate 4_C6_Sym_32C,Plate 4,H2-Sym-32C,H2,Sym,C6,32C (heat stress),2,10,na,day_10
Plate 4_C6_Sym_32C,Plate 4,H2-Sym-32C,H2,Sym,C6,32C (heat stress),2,11,na,day_11
Plate 4_C6_Sym_32C,Plate 4,H2-Sym-32C,H2,Sym,C6,32C (heat stress),2,13,na,day_13
Plate 4_C6_Sym_32C,Plate 4,H2-Sym-32C,H2,Sym,C6,32C (heat stress),2,14,na,day_14
Plate 4_C6_Sym_32C,Plate 4,H2-Sym-32C,H2,Sym,C6,32C (heat stress),2,21,na,day_21
Plate 4_D1_Sym_32C,Plate 4,H2-Sym-32C,H2,Sym,D1,32C (heat stress),1,0,0,day_0
Plate 4_D1_Sym_32C,Plate 4,H2-Sym-32C,H2,Sym,D1,32C (heat stress),1,3,0,day_3
Plate 4_D1_Sym_32C,Plate 4,H2-Sym-32C,H2,Sym,D1,32C (heat stress),1,4,0,day_4
Plate 4_D1_Sym_32C,Plate 4,H2-Sym-32C,H2,Sym,D1,32C (heat stress),1,5,0,day_5
Plate 4_D1_Sym_32C,Plate 4,H2-Sym-32C,H2,Sym,D1,32C (heat stress),1,6,na,day_6
Plate 4_D1_Sym_32C,Plate 4,H2-Sym-32C,H2,Sym,D1,32C (heat stress),1,7,na,day_7
Plate 4_D1_Sym_32C,Plate 4,H2-Sym-32C,H2,Sym,D1,32C (heat stress),1,8,na,day_8
Plate 4_D1_Sym_32C,Plate 4,H2-Sym-32C,H2,Sym,D1,32C (heat stress),1,9,na,day_9
Plate 4_D1_Sym_32C,Plate 4,H2-Sym-32C,H2,Sym,D1,32C (heat stress),1,10,na,day_10
Plate 4_D1_Sym_32C,Plate 4,H2-Sym-32C,H2,Sym,D1,32C (heat stress),1,11,na,day_11
Plate 4_D1_Sym_32C,Plate 4,H2-Sym-32C,H2,Sym,D1,32C (heat stress),1,13,na,day_13
Plate 4_D1_Sym_32C,Plate 4,H2-Sym-32C,H2,Sym,D1,32C (heat stress),1,14,na,day_14
Plate 4_D1_Sym_32C,Plate 4,H2-Sym-32C,H2,Sym,D1,32C (heat stress),1,21,na,day_21
Plate 4_D1_Sym_32C,Plate 4,H2-Sym-32C,H2,Sym,D1,32C (heat stress),2,0,0,day_0
Plate 4_D1_Sym_32C,Plate 4,H2-Sym-32C,H2,Sym,D1,32C (heat stress),2,3,0,day_3
Plate 4_D1_Sym_32C,Plate 4,H2-Sym-32C,H2,Sym,D1,32C (heat stress),2,4,0,day_4
Plate 4_D1_Sym_32C,Plate 4,H2-Sym-32C,H2,Sym,D1,32C (heat stress),2,5,na,day_5
Plate 4_D1_Sym_32C,Plate 4,H2-Sym-32C,H2,Sym,D1,32C (heat stress),2,6,na,day_6
Plate 4_D1_Sym_32C,Plate 4,H2-Sym-32C,H2,Sym,D1,32C (heat stress),2,7,na,day_7
Plate 4_D1_Sym_32C,Plate 4,H2-Sym-32C,H2,Sym,D1,32C (heat stress),2,8,na,day_8
Plate 4_D1_Sym_32C,Plate 4,H2-Sym-32C,H2,Sym,D1,32C (heat stress),2,9,na,day_9
Plate 4_D1_Sym_32C,Plate 4,H2-Sym-32C,H2,Sym,D1,32C (heat stress),2,10,na,day_10
Plate 4_D1_Sym_32C,Plate 4,H2-Sym-32C,H2,Sym,D1,32C (heat stress),2,11,na,day_11
Plate 4_D1_Sym_32C,Plate 4,H2-Sym-32C,H2,Sym,D1,32C (heat stress),2,13,na,day_13
Plate 4_D1_Sym_32C,Plate 4,H2-Sym-32C,H2,Sym,D1,32C (heat stress),2,14,na,day_14
Plate 4_D1_Sym_32C,Plate 4,H2-Sym-32C,H2,Sym,D1,32C (heat stress),2,21,na,day_21
Plate 4_D2_Sym_32C,Plate 4,H2-Sym-32C,H2,Sym,D2,32C (heat stress),1,0,0,day_0
Plate 4_D2_Sym_32C,Plate 4,H2-Sym-32C,H2,Sym,D2,32C (heat stress),1,3,0,day_3
Plate 4_D2_Sym_32C,Plate 4,H2-Sym-32C,H2,Sym,D2,32C (heat stress),1,4,0,day_4
Plate 4_D2_Sym_32C,Plate 4,H2-Sym-32C,H2,Sym,D2,32C (heat stress),1,5,0,day_5
Plate 4_D2_Sym_32C,Plate 4,H2-Sym-32C,H2,Sym,D2,32C (heat stress),1,6,0,day_6
Plate 4_D2_Sym_32C,Plate 4,H2-Sym-32C,H2,Sym,D2,32C (heat stress),1,7,0,day_7
Plate 4_D2_Sym_32C,Plate 4,H2-Sym-32C,H2,Sym,D2,32C (heat stress),1,8,0,day_8
Plate 4_D2_Sym_32C,Plate 4,H2-Sym-32C,H2,Sym,D2,32C (heat stress),1,9,0,day_9
Plate 4_D2_Sym_32C,Plate 4,H2-Sym-32C,H2,Sym,D2,32C (heat stress),1,10,0,day_10
Plate 4_D2_Sym_32C,Plate 4,H2-Sym-32C,H2,Sym,D2,32C (heat stress),1,11,0,day_11
Plate 4_D2_Sym_32C,Plate 4,H2-Sym-32C,H2,Sym,D2,32C (heat stress),1,13,0,day_13
Plate 4_D2_Sym_32C,Plate 4,H2-Sym-32C,H2,Sym,D2,32C (heat stress),1,14,0,day_14
Plate 4_D2_Sym_32C,Plate 4,H2-Sym-32C,H2,Sym,D2,32C (heat stress),1,21,0,day_21
Plate 4_D3_Sym_32C,Plate 4,H2-Sym-32C,H2,Sym,D3,32C (heat stress),1,0,0,day_0
Plate 4_D3_Sym_32C,Plate 4,H2-Sym-32C,H2,Sym,D3,32C (heat stress),1,3,0,day_3
Plate 4_D3_Sym_32C,Plate 4,H2-Sym-32C,H2,Sym,D3,32C (heat stress),1,4,0,day_4
Plate 4_D3_Sym_32C,Plate 4,H2-Sym-32C,H2,Sym,D3,32C (heat stress),1,5,0,day_5
Plate 4_D3_Sym_32C,Plate 4,H2-Sym-32C,H2,Sym,D3,32C (heat stress),1,6,0,day_6
Plate 4_D3_Sym_32C,Plate 4,H2-Sym-32C,H2,Sym,D3,32C (heat stress),1,7,0,day_7
Plate 4_D3_Sym_32C,Plate 4,H2-Sym-32C,H2,Sym,D3,32C (heat stress),1,8,0,day_8
Plate 4_D3_Sym_32C,Plate 4,H2-Sym-32C,H2,Sym,D3,32C (heat stress),1,9,0,day_9
Plate 4_D3_Sym_32C,Plate 4,H2-Sym-32C,H2,Sym,D3,32C (heat stress),1,10,0,day_10
Plate 4_D3_Sym_32C,Plate 4,H2-Sym-32C,H2,Sym,D3,32C (heat stress),1,11,0,day_11
Plate 4_D3_Sym_32C,Plate 4,H2-Sym-32C,H2,Sym,D3,32C (heat stress),1,13,0,day_13
Plate 4_D3_Sym_32C,Plate 4,H2-Sym-32C,H2,Sym,D3,32C (heat stress),1,14,0,day_14
Plate 4_D3_Sym_32C,Plate 4,H2-Sym-32C,H2,Sym,D3,32C (heat stress),1,21,0,day_21
Plate 4_D4_Sym_32C,Plate 4,H2-Sym-32C,H2,Sym,D4,32C (heat stress),1,0,0,day_0
Plate 4_D4_Sym_32C,Plate 4,H2-Sym-32C,H2,Sym,D4,32C (heat stress),1,3,0,day_3
Plate 4_D4_Sym_32C,Plate 4,H2-Sym-32C,H2,Sym,D4,32C (heat stress),1,4,na,day_4
Plate 4_D4_Sym_32C,Plate 4,H2-Sym-32C,H2,Sym,D4,32C (heat stress),1,5,na,day_5
Plate 4_D4_Sym_32C,Plate 4,H2-Sym-32C,H2,Sym,D4,32C (heat stress),1,6,na,day_6
Plate 4_D4_Sym_32C,Plate 4,H2-Sym-32C,H2,Sym,D4,32C (heat stress),1,7,na,day_7
Plate 4_D4_Sym_32C,Plate 4,H2-Sym-32C,H2,Sym,D4,32C (heat stress),1,8,na,day_8
Plate 4_D4_Sym_32C,Plate 4,H2-Sym-32C,H2,Sym,D4,32C (heat stress),1,9,na,day_9
Plate 4_D4_Sym_32C,Plate 4,H2-Sym-32C,H2,Sym,D4,32C (heat stress),1,10,na,day_10
Plate 4_D4_Sym_32C,Plate 4,H2-Sym-32C,H2,Sym,D4,32C (heat stress),1,11,na,day_11
Plate 4_D4_Sym_32C,Plate 4,H2-Sym-32C,H2,Sym,D4,32C (heat stress),1,13,na,day_13
Plate 4_D4_Sym_32C,Plate 4,H2-Sym-32C,H2,Sym,D4,32C (heat stress),1,14,na,day_14
Plate 4_D4_Sym_32C,Plate 4,H2-Sym-32C,H2,Sym,D4,32C (heat stress),1,21,na,day_21
Plate 4_D4_Sym_32C,Plate 4,H2-Sym-32C,H2,Sym,D4,32C (heat stress),2,0,0,day_0
Plate 4_D4_Sym_32C,Plate 4,H2-Sym-32C,H2,Sym,D4,32C (heat stress),2,3,na,day_3
Plate 4_D4_Sym_32C,Plate 4,H2-Sym-32C,H2,Sym,D4,32C (heat stress),2,4,na,day_4
Plate 4_D4_Sym_32C,Plate 4,H2-Sym-32C,H2,Sym,D4,32C (heat stress),2,5,na,day_5
Plate 4_D4_Sym_32C,Plate 4,H2-Sym-32C,H2,Sym,D4,32C (heat stress),2,6,na,day_6
Plate 4_D4_Sym_32C,Plate 4,H2-Sym-32C,H2,Sym,D4,32C (heat stress),2,7,na,day_7
Plate 4_D4_Sym_32C,Plate 4,H2-Sym-32C,H2,Sym,D4,32C (heat stress),2,8,na,day_8
Plate 4_D4_Sym_32C,Plate 4,H2-Sym-32C,H2,Sym,D4,32C (heat stress),2,9,na,day_9
Plate 4_D4_Sym_32C,Plate 4,H2-Sym-32C,H2,Sym,D4,32C (heat stress),2,10,na,day_10
Plate 4_D4_Sym_32C,Plate 4,H2-Sym-32C,H2,Sym,D4,32C (heat stress),2,11,na,day_11
Plate 4_D4_Sym_32C,Plate 4,H2-Sym-32C,H2,Sym,D4,32C (heat stress),2,13,na,day_13
Plate 4_D4_Sym_32C,Plate 4,H2-Sym-32C,H2,Sym,D4,32C (heat stress),2,14,na,day_14
Plate 4_D4_Sym_32C,Plate 4,H2-Sym-32C,H2,Sym,D4,32C (heat stress),2,21,na,day_21
Plate 4_D5_Sym_32C,Plate 4,H2-Sym-32C,H2,Sym,D5,32C (heat stress),1,0,0,day_0
Plate 4_D5_Sym_32C,Plate 4,H2-Sym-32C,H2,Sym,D5,32C (heat stress),1,3,0,day_3
Plate 4_D5_Sym_32C,Plate 4,H2-Sym-32C,H2,Sym,D5,32C (heat stress),1,4,0,day_4
Plate 4_D5_Sym_32C,Plate 4,H2-Sym-32C,H2,Sym,D5,32C (heat stress),1,5,0,day_5
Plate 4_D5_Sym_32C,Plate 4,H2-Sym-32C,H2,Sym,D5,32C (heat stress),1,6,0,day_6
Plate 4_D5_Sym_32C,Plate 4,H2-Sym-32C,H2,Sym,D5,32C (heat stress),1,7,0,day_7
Plate 4_D5_Sym_32C,Plate 4,H2-Sym-32C,H2,Sym,D5,32C (heat stress),1,8,0,day_8
Plate 4_D5_Sym_32C,Plate 4,H2-Sym-32C,H2,Sym,D5,32C (heat stress),1,9,0,day_9
Plate 4_D5_Sym_32C,Plate 4,H2-Sym-32C,H2,Sym,D5,32C (heat stress),1,10,0,day_10
Plate 4_D5_Sym_32C,Plate 4,H2-Sym-32C,H2,Sym,D5,32C (heat stress),1,11,0,day_11
Plate 4_D5_Sym_32C,Plate 4,H2-Sym-32C,H2,Sym,D5,32C (heat stress),1,13,0,day_13
Plate 4_D5_Sym_32C,Plate 4,H2-Sym-32C,H2,Sym,D5,32C (heat stress),1,14,0,day_14
Plate 4_D5_Sym_32C,Plate 4,H2-Sym-32C,H2,Sym,D5,32C (heat stress),1,21,0,day_21
Plate 4_D6_Sym_32C,Plate 4,H2-Sym-32C,H2,Sym,D6,32C (heat stress),1,0,0,day_0
Plate 4_D6_Sym_32C,Plate 4,H2-Sym-32C,H2,Sym,D6,32C (heat stress),1,3,0,day_3
Plate 4_D6_Sym_32C,Plate 4,H2-Sym-32C,H2,Sym,D6,32C (heat stress),1,4,0,day_4
Plate 4_D6_Sym_32C,Plate 4,H2-Sym-32C,H2,Sym,D6,32C (heat stress),1,5,0,day_5
Plate 4_D6_Sym_32C,Plate 4,H2-Sym-32C,H2,Sym,D6,32C (heat stress),1,6,0,day_6
Plate 4_D6_Sym_32C,Plate 4,H2-Sym-32C,H2,Sym,D6,32C (heat stress),1,7,0,day_7
Plate 4_D6_Sym_32C,Plate 4,H2-Sym-32C,H2,Sym,D6,32C (heat stress),1,8,12,day_8
Plate 4_D6_Sym_32C,Plate 4,H2-Sym-32C,H2,Sym,D6,32C (heat stress),1,9,12,day_9
Plate 4_D6_Sym_32C,Plate 4,H2-Sym-32C,H2,Sym,D6,32C (heat stress),1,10,na,day_10
Plate 4_D6_Sym_32C,Plate 4,H2-Sym-32C,H2,Sym,D6,32C (heat stress),1,11,na,day_11
Plate 4_D6_Sym_32C,Plate 4,H2-Sym-32C,H2,Sym,D6,32C (heat stress),1,13,na,day_13
Plate 4_D6_Sym_32C,Plate 4,H2-Sym-32C,H2,Sym,D6,32C (heat stress),1,14,na,day_14
Plate 4_D6_Sym_32C,Plate 4,H2-Sym-32C,H2,Sym,D6,32C (heat stress),1,21,na,day_21
Plate 5_A1_Sym_32C,Plate 5,H2-Sym-32C,H2,Sym,A1,32C (heat stress),1,0,0,day_0
Plate 5_A1_Sym_32C,Plate 5,H2-Sym-32C,H2,Sym,A1,32C (heat stress),1,3,0,day_3
Plate 5_A1_Sym_32C,Plate 5,H2-Sym-32C,H2,Sym,A1,32C (heat stress),1,4,na,day_4
Plate 5_A1_Sym_32C,Plate 5,H2-Sym-32C,H2,Sym,A1,32C (heat stress),1,5,na,day_5
Plate 5_A1_Sym_32C,Plate 5,H2-Sym-32C,H2,Sym,A1,32C (heat stress),1,6,na,day_6
Plate 5_A1_Sym_32C,Plate 5,H2-Sym-32C,H2,Sym,A1,32C (heat stress),1,7,na,day_7
Plate 5_A1_Sym_32C,Plate 5,H2-Sym-32C,H2,Sym,A1,32C (heat stress),1,8,na,day_8
Plate 5_A1_Sym_32C,Plate 5,H2-Sym-32C,H2,Sym,A1,32C (heat stress),1,9,na,day_9
Plate 5_A1_Sym_32C,Plate 5,H2-Sym-32C,H2,Sym,A1,32C (heat stress),1,10,na,day_10
Plate 5_A1_Sym_32C,Plate 5,H2-Sym-32C,H2,Sym,A1,32C (heat stress),1,11,na,day_11
Plate 5_A1_Sym_32C,Plate 5,H2-Sym-32C,H2,Sym,A1,32C (heat stress),1,13,na,day_13
Plate 5_A1_Sym_32C,Plate 5,H2-Sym-32C,H2,Sym,A1,32C (heat stress),1,14,na,day_14
Plate 5_A1_Sym_32C,Plate 5,H2-Sym-32C,H2,Sym,A1,32C (heat stress),1,21,na,day_21
Plate 5_A1_Sym_32C,Plate 5,H2-Sym-32C,H2,Sym,A1,32C (heat stress),2,0,na,day_0
Plate 5_A1_Sym_32C,Plate 5,H2-Sym-32C,H2,Sym,A1,32C (heat stress),2,3,0,day_3
Plate 5_A1_Sym_32C,Plate 5,H2-Sym-32C,H2,Sym,A1,32C (heat stress),2,4,na,day_4
Plate 5_A1_Sym_32C,Plate 5,H2-Sym-32C,H2,Sym,A1,32C (heat stress),2,5,na,day_5
Plate 5_A1_Sym_32C,Plate 5,H2-Sym-32C,H2,Sym,A1,32C (heat stress),2,6,na,day_6
Plate 5_A1_Sym_32C,Plate 5,H2-Sym-32C,H2,Sym,A1,32C (heat stress),2,7,na,day_7
Plate 5_A1_Sym_32C,Plate 5,H2-Sym-32C,H2,Sym,A1,32C (heat stress),2,8,na,day_8
Plate 5_A1_Sym_32C,Plate 5,H2-Sym-32C,H2,Sym,A1,32C (heat stress),2,9,na,day_9
Plate 5_A1_Sym_32C,Plate 5,H2-Sym-32C,H2,Sym,A1,32C (heat stress),2,10,na,day_10
Plate 5_A1_Sym_32C,Plate 5,H2-Sym-32C,H2,Sym,A1,32C (heat stress),2,11,na,day_11
Plate 5_A1_Sym_32C,Plate 5,H2-Sym-32C,H2,Sym,A1,32C (heat stress),2,13,na,day_13
Plate 5_A1_Sym_32C,Plate 5,H2-Sym-32C,H2,Sym,A1,32C (heat stress),2,14,na,day_14
Plate 5_A1_Sym_32C,Plate 5,H2-Sym-32C,H2,Sym,A1,32C (heat stress),2,21,na,day_21
Plate 5_A2_Sym_32C,Plate 5,H2-Sym-32C,H2,Sym,A2,32C (heat stress),1,0,0,day_0
Plate 5_A2_Sym_32C,Plate 5,H2-Sym-32C,H2,Sym,A2,32C (heat stress),1,3,0,day_3
Plate 5_A2_Sym_32C,Plate 5,H2-Sym-32C,H2,Sym,A2,32C (heat stress),1,4,0,day_4
Plate 5_A2_Sym_32C,Plate 5,H2-Sym-32C,H2,Sym,A2,32C (heat stress),1,5,0,day_5
Plate 5_A2_Sym_32C,Plate 5,H2-Sym-32C,H2,Sym,A2,32C (heat stress),1,6,0,day_6
Plate 5_A2_Sym_32C,Plate 5,H2-Sym-32C,H2,Sym,A2,32C (heat stress),1,7,0,day_7
Plate 5_A2_Sym_32C,Plate 5,H2-Sym-32C,H2,Sym,A2,32C (heat stress),1,8,0,day_8
Plate 5_A2_Sym_32C,Plate 5,H2-Sym-32C,H2,Sym,A2,32C (heat stress),1,9,0,day_9
Plate 5_A2_Sym_32C,Plate 5,H2-Sym-32C,H2,Sym,A2,32C (heat stress),1,10,0,day_10
Plate 5_A2_Sym_32C,Plate 5,H2-Sym-32C,H2,Sym,A2,32C (heat stress),1,11,0,day_11
Plate 5_A2_Sym_32C,Plate 5,H2-Sym-32C,H2,Sym,A2,32C (heat stress),1,13,0,day_13
Plate 5_A2_Sym_32C,Plate 5,H2-Sym-32C,H2,Sym,A2,32C (heat stress),1,14,0,day_14
Plate 5_A2_Sym_32C,Plate 5,H2-Sym-32C,H2,Sym,A2,32C (heat stress),1,21,0,day_21
Plate 5_A3_Sym_32C,Plate 5,H2-Sym-32C,H2,Sym,A3,32C (heat stress),1,0,0,day_0
Plate 5_A3_Sym_32C,Plate 5,H2-Sym-32C,H2,Sym,A3,32C (heat stress),1,3,0,day_3
Plate 5_A3_Sym_32C,Plate 5,H2-Sym-32C,H2,Sym,A3,32C (heat stress),1,4,0,day_4
Plate 5_A3_Sym_32C,Plate 5,H2-Sym-32C,H2,Sym,A3,32C (heat stress),1,5,0,day_5
Plate 5_A3_Sym_32C,Plate 5,H2-Sym-32C,H2,Sym,A3,32C (heat stress),1,6,0,day_6
Plate 5_A3_Sym_32C,Plate 5,H2-Sym-32C,H2,Sym,A3,32C (heat stress),1,7,0,day_7
Plate 5_A3_Sym_32C,Plate 5,H2-Sym-32C,H2,Sym,A3,32C (heat stress),1,8,0,day_8
Plate 5_A3_Sym_32C,Plate 5,H2-Sym-32C,H2,Sym,A3,32C (heat stress),1,9,na,day_9
Plate 5_A3_Sym_32C,Plate 5,H2-Sym-32C,H2,Sym,A3,32C (heat stress),1,10,na,day_10
Plate 5_A3_Sym_32C,Plate 5,H2-Sym-32C,H2,Sym,A3,32C (heat stress),1,11,na,day_11
Plate 5_A3_Sym_32C,Plate 5,H2-Sym-32C,H2,Sym,A3,32C (heat stress),1,13,na,day_13
Plate 5_A3_Sym_32C,Plate 5,H2-Sym-32C,H2,Sym,A3,32C (heat stress),1,14,na,day_14
Plate 5_A3_Sym_32C,Plate 5,H2-Sym-32C,H2,Sym,A3,32C (heat stress),1,21,na,day_21
Plate 5_A4_Sym_32C,Plate 5,H2-Sym-32C,H2,Sym,A4,32C (heat stress),1,0,0,day_0
Plate 5_A4_Sym_32C,Plate 5,H2-Sym-32C,H2,Sym,A4,32C (heat stress),1,3,0,day_3
Plate 5_A4_Sym_32C,Plate 5,H2-Sym-32C,H2,Sym,A4,32C (heat stress),1,4,na,day_4
Plate 5_A4_Sym_32C,Plate 5,H2-Sym-32C,H2,Sym,A4,32C (heat stress),1,5,na,day_5
Plate 5_A4_Sym_32C,Plate 5,H2-Sym-32C,H2,Sym,A4,32C (heat stress),1,6,na,day_6
Plate 5_A4_Sym_32C,Plate 5,H2-Sym-32C,H2,Sym,A4,32C (heat stress),1,7,na,day_7
Plate 5_A4_Sym_32C,Plate 5,H2-Sym-32C,H2,Sym,A4,32C (heat stress),1,8,na,day_8
Plate 5_A4_Sym_32C,Plate 5,H2-Sym-32C,H2,Sym,A4,32C (heat stress),1,9,na,day_9
Plate 5_A4_Sym_32C,Plate 5,H2-Sym-32C,H2,Sym,A4,32C (heat stress),1,10,na,day_10
Plate 5_A4_Sym_32C,Plate 5,H2-Sym-32C,H2,Sym,A4,32C (heat stress),1,11,na,day_11
Plate 5_A4_Sym_32C,Plate 5,H2-Sym-32C,H2,Sym,A4,32C (heat stress),1,13,na,day_13
Plate 5_A4_Sym_32C,Plate 5,H2-Sym-32C,H2,Sym,A4,32C (heat stress),1,14,na,day_14
Plate 5_A4_Sym_32C,Plate 5,H2-Sym-32C,H2,Sym,A4,32C (heat stress),1,21,na,day_21
Plate 5_A5_Sym_32C,Plate 5,H2-Sym-32C,H2,Sym,A5,32C (heat stress),1,0,0,day_0
Plate 5_A5_Sym_32C,Plate 5,H2-Sym-32C,H2,Sym,A5,32C (heat stress),1,3,na,day_3
Plate 5_A5_Sym_32C,Plate 5,H2-Sym-32C,H2,Sym,A5,32C (heat stress),1,4,na,day_4
Plate 5_A5_Sym_32C,Plate 5,H2-Sym-32C,H2,Sym,A5,32C (heat stress),1,5,na,day_5
Plate 5_A5_Sym_32C,Plate 5,H2-Sym-32C,H2,Sym,A5,32C (heat stress),1,6,na,day_6
Plate 5_A5_Sym_32C,Plate 5,H2-Sym-32C,H2,Sym,A5,32C (heat stress),1,7,na,day_7
Plate 5_A5_Sym_32C,Plate 5,H2-Sym-32C,H2,Sym,A5,32C (heat stress),1,8,na,day_8
Plate 5_A5_Sym_32C,Plate 5,H2-Sym-32C,H2,Sym,A5,32C (heat stress),1,9,na,day_9
Plate 5_A5_Sym_32C,Plate 5,H2-Sym-32C,H2,Sym,A5,32C (heat stress),1,10,na,day_10
Plate 5_A5_Sym_32C,Plate 5,H2-Sym-32C,H2,Sym,A5,32C (heat stress),1,11,na,day_11
Plate 5_A5_Sym_32C,Plate 5,H2-Sym-32C,H2,Sym,A5,32C (heat stress),1,13,na,day_13
Plate 5_A5_Sym_32C,Plate 5,H2-Sym-32C,H2,Sym,A5,32C (heat stress),1,14,na,day_14
Plate 5_A5_Sym_32C,Plate 5,H2-Sym-32C,H2,Sym,A5,32C (heat stress),1,21,na,day_21
Plate 5_A5_Sym_32C,Plate 5,H2-Sym-32C,H2,Sym,A5,32C (heat stress),2,0,0,day_0
Plate 5_A5_Sym_32C,Plate 5,H2-Sym-32C,H2,Sym,A5,32C (heat stress),2,3,na,day_3
Plate 5_A5_Sym_32C,Plate 5,H2-Sym-32C,H2,Sym,A5,32C (heat stress),2,4,na,day_4
Plate 5_A5_Sym_32C,Plate 5,H2-Sym-32C,H2,Sym,A5,32C (heat stress),2,5,na,day_5
Plate 5_A5_Sym_32C,Plate 5,H2-Sym-32C,H2,Sym,A5,32C (heat stress),2,6,na,day_6
Plate 5_A5_Sym_32C,Plate 5,H2-Sym-32C,H2,Sym,A5,32C (heat stress),2,7,na,day_7
Plate 5_A5_Sym_32C,Plate 5,H2-Sym-32C,H2,Sym,A5,32C (heat stress),2,8,na,day_8
Plate 5_A5_Sym_32C,Plate 5,H2-Sym-32C,H2,Sym,A5,32C (heat stress),2,9,na,day_9
Plate 5_A5_Sym_32C,Plate 5,H2-Sym-32C,H2,Sym,A5,32C (heat stress),2,10,na,day_10
Plate 5_A5_Sym_32C,Plate 5,H2-Sym-32C,H2,Sym,A5,32C (heat stress),2,11,na,day_11
Plate 5_A5_Sym_32C,Plate 5,H2-Sym-32C,H2,Sym,A5,32C (heat stress),2,13,na,day_13
Plate 5_A5_Sym_32C,Plate 5,H2-Sym-32C,H2,Sym,A5,32C (heat stress),2,14,na,day_14
Plate 5_A5_Sym_32C,Plate 5,H2-Sym-32C,H2,Sym,A5,32C (heat stress),2,21,na,day_21
Plate 5_A6_Sym_32C,Plate 5,H2-Sym-32C,H2,Sym,A6,32C (heat stress),1,0,0,day_0
Plate 5_A6_Sym_32C,Plate 5,H2-Sym-32C,H2,Sym,A6,32C (heat stress),1,3,0,day_3
Plate 5_A6_Sym_32C,Plate 5,H2-Sym-32C,H2,Sym,A6,32C (heat stress),1,4,na,day_4
Plate 5_A6_Sym_32C,Plate 5,H2-Sym-32C,H2,Sym,A6,32C (heat stress),1,5,na,day_5
Plate 5_A6_Sym_32C,Plate 5,H2-Sym-32C,H2,Sym,A6,32C (heat stress),1,6,na,day_6
Plate 5_A6_Sym_32C,Plate 5,H2-Sym-32C,H2,Sym,A6,32C (heat stress),1,7,na,day_7
Plate 5_A6_Sym_32C,Plate 5,H2-Sym-32C,H2,Sym,A6,32C (heat stress),1,8,na,day_8
Plate 5_A6_Sym_32C,Plate 5,H2-Sym-32C,H2,Sym,A6,32C (heat stress),1,9,na,day_9
Plate 5_A6_Sym_32C,Plate 5,H2-Sym-32C,H2,Sym,A6,32C (heat stress),1,10,na,day_10
Plate 5_A6_Sym_32C,Plate 5,H2-Sym-32C,H2,Sym,A6,32C (heat stress),1,11,na,day_11
Plate 5_A6_Sym_32C,Plate 5,H2-Sym-32C,H2,Sym,A6,32C (heat stress),1,13,na,day_13
Plate 5_A6_Sym_32C,Plate 5,H2-Sym-32C,H2,Sym,A6,32C (heat stress),1,14,na,day_14
Plate 5_A6_Sym_32C,Plate 5,H2-Sym-32C,H2,Sym,A6,32C (heat stress),1,21,na,day_21
Plate 5_B1_Sym_32C,Plate 5,H2-Sym-32C,H2,Sym,B1,32C (heat stress),1,0,0,day_0
Plate 5_B1_Sym_32C,Plate 5,H2-Sym-32C,H2,Sym,B1,32C (heat stress),1,3,0,day_3
Plate 5_B1_Sym_32C,Plate 5,H2-Sym-32C,H2,Sym,B1,32C (heat stress),1,4,0,day_4
Plate 5_B1_Sym_32C,Plate 5,H2-Sym-32C,H2,Sym,B1,32C (heat stress),1,5,0,day_5
Plate 5_B1_Sym_32C,Plate 5,H2-Sym-32C,H2,Sym,B1,32C (heat stress),1,6,7,day_6
Plate 5_B1_Sym_32C,Plate 5,H2-Sym-32C,H2,Sym,B1,32C (heat stress),1,7,7,day_7
Plate 5_B1_Sym_32C,Plate 5,H2-Sym-32C,H2,Sym,B1,32C (heat stress),1,8,7,day_8
Plate 5_B1_Sym_32C,Plate 5,H2-Sym-32C,H2,Sym,B1,32C (heat stress),1,9,7,day_9
Plate 5_B1_Sym_32C,Plate 5,H2-Sym-32C,H2,Sym,B1,32C (heat stress),1,10,7,day_10
Plate 5_B1_Sym_32C,Plate 5,H2-Sym-32C,H2,Sym,B1,32C (heat stress),1,11,na,day_11
Plate 5_B1_Sym_32C,Plate 5,H2-Sym-32C,H2,Sym,B1,32C (heat stress),1,13,na,day_13
Plate 5_B1_Sym_32C,Plate 5,H2-Sym-32C,H2,Sym,B1,32C (heat stress),1,14,na,day_14
Plate 5_B1_Sym_32C,Plate 5,H2-Sym-32C,H2,Sym,B1,32C (heat stress),1,21,na,day_21
Plate 5_B1_Sym_32C,Plate 5,H2-Sym-32C,H2,Sym,B1,32C (heat stress),2,0,0,day_0
Plate 5_B1_Sym_32C,Plate 5,H2-Sym-32C,H2,Sym,B1,32C (heat stress),2,3,0,day_3
Plate 5_B1_Sym_32C,Plate 5,H2-Sym-32C,H2,Sym,B1,32C (heat stress),2,4,0,day_4
Plate 5_B1_Sym_32C,Plate 5,H2-Sym-32C,H2,Sym,B1,32C (heat stress),2,5,na,day_5
Plate 5_B1_Sym_32C,Plate 5,H2-Sym-32C,H2,Sym,B1,32C (heat stress),2,6,na,day_6
Plate 5_B1_Sym_32C,Plate 5,H2-Sym-32C,H2,Sym,B1,32C (heat stress),2,7,na,day_7
Plate 5_B1_Sym_32C,Plate 5,H2-Sym-32C,H2,Sym,B1,32C (heat stress),2,8,na,day_8
Plate 5_B1_Sym_32C,Plate 5,H2-Sym-32C,H2,Sym,B1,32C (heat stress),2,9,na,day_9
Plate 5_B1_Sym_32C,Plate 5,H2-Sym-32C,H2,Sym,B1,32C (heat stress),2,10,na,day_10
Plate 5_B1_Sym_32C,Plate 5,H2-Sym-32C,H2,Sym,B1,32C (heat stress),2,11,na,day_11
Plate 5_B1_Sym_32C,Plate 5,H2-Sym-32C,H2,Sym,B1,32C (heat stress),2,13,na,day_13
Plate 5_B1_Sym_32C,Plate 5,H2-Sym-32C,H2,Sym,B1,32C (heat stress),2,14,na,day_14
Plate 5_B1_Sym_32C,Plate 5,H2-Sym-32C,H2,Sym,B1,32C (heat stress),2,21,na,day_21
Plate 5_B2_Sym_32C,Plate 5,H2-Sym-32C,H2,Sym,B2,32C (heat stress),1,0,0,day_0
Plate 5_B2_Sym_32C,Plate 5,H2-Sym-32C,H2,Sym,B2,32C (heat stress),1,3,0,day_3
Plate 5_B2_Sym_32C,Plate 5,H2-Sym-32C,H2,Sym,B2,32C (heat stress),1,4,0,day_4
Plate 5_B2_Sym_32C,Plate 5,H2-Sym-32C,H2,Sym,B2,32C (heat stress),1,5,0,day_5
Plate 5_B2_Sym_32C,Plate 5,H2-Sym-32C,H2,Sym,B2,32C (heat stress),1,6,0,day_6
Plate 5_B2_Sym_32C,Plate 5,H2-Sym-32C,H2,Sym,B2,32C (heat stress),1,7,0,day_7
Plate 5_B2_Sym_32C,Plate 5,H2-Sym-32C,H2,Sym,B2,32C (heat stress),1,8,0,day_8
Plate 5_B2_Sym_32C,Plate 5,H2-Sym-32C,H2,Sym,B2,32C (heat stress),1,9,0,day_9
Plate 5_B2_Sym_32C,Plate 5,H2-Sym-32C,H2,Sym,B2,32C (heat stress),1,10,0,day_10
Plate 5_B2_Sym_32C,Plate 5,H2-Sym-32C,H2,Sym,B2,32C (heat stress),1,11,0,day_11
Plate 5_B2_Sym_32C,Plate 5,H2-Sym-32C,H2,Sym,B2,32C (heat stress),1,13,0,day_13
Plate 5_B2_Sym_32C,Plate 5,H2-Sym-32C,H2,Sym,B2,32C (heat stress),1,14,0,day_14
Plate 5_B2_Sym_32C,Plate 5,H2-Sym-32C,H2,Sym,B2,32C (heat stress),1,21,0,day_21
Plate 5_B3_Sym_32C,Plate 5,H2-Sym-32C,H2,Sym,B3,32C (heat stress),1,0,0,day_0
Plate 5_B3_Sym_32C,Plate 5,H2-Sym-32C,H2,Sym,B3,32C (heat stress),1,3,0,day_3
Plate 5_B3_Sym_32C,Plate 5,H2-Sym-32C,H2,Sym,B3,32C (heat stress),1,4,na,day_4
Plate 5_B3_Sym_32C,Plate 5,H2-Sym-32C,H2,Sym,B3,32C (heat stress),1,5,na,day_5
Plate 5_B3_Sym_32C,Plate 5,H2-Sym-32C,H2,Sym,B3,32C (heat stress),1,6,na,day_6
Plate 5_B3_Sym_32C,Plate 5,H2-Sym-32C,H2,Sym,B3,32C (heat stress),1,7,na,day_7
Plate 5_B3_Sym_32C,Plate 5,H2-Sym-32C,H2,Sym,B3,32C (heat stress),1,8,na,day_8
Plate 5_B3_Sym_32C,Plate 5,H2-Sym-32C,H2,Sym,B3,32C (heat stress),1,9,na,day_9
Plate 5_B3_Sym_32C,Plate 5,H2-Sym-32C,H2,Sym,B3,32C (heat stress),1,10,na,day_10
Plate 5_B3_Sym_32C,Plate 5,H2-Sym-32C,H2,Sym,B3,32C (heat stress),1,11,na,day_11
Plate 5_B3_Sym_32C,Plate 5,H2-Sym-32C,H2,Sym,B3,32C (heat stress),1,13,na,day_13
Plate 5_B3_Sym_32C,Plate 5,H2-Sym-32C,H2,Sym,B3,32C (heat stress),1,14,na,day_14
Plate 5_B3_Sym_32C,Plate 5,H2-Sym-32C,H2,Sym,B3,32C (heat stress),1,21,na,day_21
Plate 5_B4_Sym_32C,Plate 5,H2-Sym-32C,H2,Sym,B4,32C (heat stress),1,0,0,day_0
Plate 5_B4_Sym_32C,Plate 5,H2-Sym-32C,H2,Sym,B4,32C (heat stress),1,3,0,day_3
Plate 5_B4_Sym_32C,Plate 5,H2-Sym-32C,H2,Sym,B4,32C (heat stress),1,4,na,day_4
Plate 5_B4_Sym_32C,Plate 5,H2-Sym-32C,H2,Sym,B4,32C (heat stress),1,5,na,day_5
Plate 5_B4_Sym_32C,Plate 5,H2-Sym-32C,H2,Sym,B4,32C (heat stress),1,6,na,day_6
Plate 5_B4_Sym_32C,Plate 5,H2-Sym-32C,H2,Sym,B4,32C (heat stress),1,7,na,day_7
Plate 5_B4_Sym_32C,Plate 5,H2-Sym-32C,H2,Sym,B4,32C (heat stress),1,8,na,day_8
Plate 5_B4_Sym_32C,Plate 5,H2-Sym-32C,H2,Sym,B4,32C (heat stress),1,9,na,day_9
Plate 5_B4_Sym_32C,Plate 5,H2-Sym-32C,H2,Sym,B4,32C (heat stress),1,10,na,day_10
Plate 5_B4_Sym_32C,Plate 5,H2-Sym-32C,H2,Sym,B4,32C (heat stress),1,11,na,day_11
Plate 5_B4_Sym_32C,Plate 5,H2-Sym-32C,H2,Sym,B4,32C (heat stress),1,13,na,day_13
Plate 5_B4_Sym_32C,Plate 5,H2-Sym-32C,H2,Sym,B4,32C (heat stress),1,14,na,day_14
Plate 5_B4_Sym_32C,Plate 5,H2-Sym-32C,H2,Sym,B4,32C (heat stress),1,21,na,day_21
Plate 5_B4_Sym_32C,Plate 5,H2-Sym-32C,H2,Sym,B4,32C (heat stress),2,0,0,day_0
Plate 5_B4_Sym_32C,Plate 5,H2-Sym-32C,H2,Sym,B4,32C (heat stress),2,3,na,day_3
Plate 5_B4_Sym_32C,Plate 5,H2-Sym-32C,H2,Sym,B4,32C (heat stress),2,4,na,day_4
Plate 5_B4_Sym_32C,Plate 5,H2-Sym-32C,H2,Sym,B4,32C (heat stress),2,5,na,day_5
Plate 5_B4_Sym_32C,Plate 5,H2-Sym-32C,H2,Sym,B4,32C (heat stress),2,6,na,day_6
Plate 5_B4_Sym_32C,Plate 5,H2-Sym-32C,H2,Sym,B4,32C (heat stress),2,7,na,day_7
Plate 5_B4_Sym_32C,Plate 5,H2-Sym-32C,H2,Sym,B4,32C (heat stress),2,8,na,day_8
Plate 5_B4_Sym_32C,Plate 5,H2-Sym-32C,H2,Sym,B4,32C (heat stress),2,9,na,day_9
Plate 5_B4_Sym_32C,Plate 5,H2-Sym-32C,H2,Sym,B4,32C (heat stress),2,10,na,day_10
Plate 5_B4_Sym_32C,Plate 5,H2-Sym-32C,H2,Sym,B4,32C (heat stress),2,11,na,day_11
Plate 5_B4_Sym_32C,Plate 5,H2-Sym-32C,H2,Sym,B4,32C (heat stress),2,13,na,day_13
Plate 5_B4_Sym_32C,Plate 5,H2-Sym-32C,H2,Sym,B4,32C (heat stress),2,14,na,day_14
Plate 5_B4_Sym_32C,Plate 5,H2-Sym-32C,H2,Sym,B4,32C (heat stress),2,21,na,day_21
Plate 5_B5_Sym_32C,Plate 5,H2-Sym-32C,H2,Sym,B5,32C (heat stress),1,0,0,day_0
Plate 5_B5_Sym_32C,Plate 5,H2-Sym-32C,H2,Sym,B5,32C (heat stress),1,3,na,day_3
Plate 5_B5_Sym_32C,Plate 5,H2-Sym-32C,H2,Sym,B5,32C (heat stress),1,4,na,day_4
Plate 5_B5_Sym_32C,Plate 5,H2-Sym-32C,H2,Sym,B5,32C (heat stress),1,5,na,day_5
Plate 5_B5_Sym_32C,Plate 5,H2-Sym-32C,H2,Sym,B5,32C (heat stress),1,6,na,day_6
Plate 5_B5_Sym_32C,Plate 5,H2-Sym-32C,H2,Sym,B5,32C (heat stress),1,7,na,day_7
Plate 5_B5_Sym_32C,Plate 5,H2-Sym-32C,H2,Sym,B5,32C (heat stress),1,8,na,day_8
Plate 5_B5_Sym_32C,Plate 5,H2-Sym-32C,H2,Sym,B5,32C (heat stress),1,9,na,day_9
Plate 5_B5_Sym_32C,Plate 5,H2-Sym-32C,H2,Sym,B5,32C (heat stress),1,10,na,day_10
Plate 5_B5_Sym_32C,Plate 5,H2-Sym-32C,H2,Sym,B5,32C (heat stress),1,11,na,day_11
Plate 5_B5_Sym_32C,Plate 5,H2-Sym-32C,H2,Sym,B5,32C (heat stress),1,13,na,day_13
Plate 5_B5_Sym_32C,Plate 5,H2-Sym-32C,H2,Sym,B5,32C (heat stress),1,14,na,day_14
Plate 5_B5_Sym_32C,Plate 5,H2-Sym-32C,H2,Sym,B5,32C (heat stress),1,21,na,day_21
Plate 5_B6_Sym_32C,Plate 5,H2-Sym-32C,H2,Sym,B6,32C (heat stress),1,0,0,day_0
Plate 5_B6_Sym_32C,Plate 5,H2-Sym-32C,H2,Sym,B6,32C (heat stress),1,3,0,day_3
Plate 5_B6_Sym_32C,Plate 5,H2-Sym-32C,H2,Sym,B6,32C (heat stress),1,4,0,day_4
Plate 5_B6_Sym_32C,Plate 5,H2-Sym-32C,H2,Sym,B6,32C (heat stress),1,5,0,day_5
Plate 5_B6_Sym_32C,Plate 5,H2-Sym-32C,H2,Sym,B6,32C (heat stress),1,6,0,day_6
Plate 5_B6_Sym_32C,Plate 5,H2-Sym-32C,H2,Sym,B6,32C (heat stress),1,7,0,day_7
Plate 5_B6_Sym_32C,Plate 5,H2-Sym-32C,H2,Sym,B6,32C (heat stress),1,8,0,day_8
Plate 5_B6_Sym_32C,Plate 5,H2-Sym-32C,H2,Sym,B6,32C (heat stress),1,9,0,day_9
Plate 5_B6_Sym_32C,Plate 5,H2-Sym-32C,H2,Sym,B6,32C (heat stress),1,10,0,day_10
Plate 5_B6_Sym_32C,Plate 5,H2-Sym-32C,H2,Sym,B6,32C (heat stress),1,11,0,day_11
Plate 5_B6_Sym_32C,Plate 5,H2-Sym-32C,H2,Sym,B6,32C (heat stress),1,13,0,day_13
Plate 5_B6_Sym_32C,Plate 5,H2-Sym-32C,H2,Sym,B6,32C (heat stress),1,14,0,day_14
Plate 5_B6_Sym_32C,Plate 5,H2-Sym-32C,H2,Sym,B6,32C (heat stress),1,21,0,day_21
Plate 5_C1_Sym_32C,Plate 5,H2-Sym-32C,H2,Sym,C1,32C (heat stress),1,0,0,day_0
Plate 5_C1_Sym_32C,Plate 5,H2-Sym-32C,H2,Sym,C1,32C (heat stress),1,3,0,day_3
Plate 5_C1_Sym_32C,Plate 5,H2-Sym-32C,H2,Sym,C1,32C (heat stress),1,4,0,day_4
Plate 5_C1_Sym_32C,Plate 5,H2-Sym-32C,H2,Sym,C1,32C (heat stress),1,5,0,day_5
Plate 5_C1_Sym_32C,Plate 5,H2-Sym-32C,H2,Sym,C1,32C (heat stress),1,6,0,day_6
Plate 5_C1_Sym_32C,Plate 5,H2-Sym-32C,H2,Sym,C1,32C (heat stress),1,7,0,day_7
Plate 5_C1_Sym_32C,Plate 5,H2-Sym-32C,H2,Sym,C1,32C (heat stress),1,8,0,day_8
Plate 5_C1_Sym_32C,Plate 5,H2-Sym-32C,H2,Sym,C1,32C (heat stress),1,9,0,day_9
Plate 5_C1_Sym_32C,Plate 5,H2-Sym-32C,H2,Sym,C1,32C (heat stress),1,10,0,day_10
Plate 5_C1_Sym_32C,Plate 5,H2-Sym-32C,H2,Sym,C1,32C (heat stress),1,11,0,day_11
Plate 5_C1_Sym_32C,Plate 5,H2-Sym-32C,H2,Sym,C1,32C (heat stress),1,13,0,day_13
Plate 5_C1_Sym_32C,Plate 5,H2-Sym-32C,H2,Sym,C1,32C (heat stress),1,14,0,day_14
Plate 5_C1_Sym_32C,Plate 5,H2-Sym-32C,H2,Sym,C1,32C (heat stress),1,21,0,day_21
Plate 5_C2_Sym_32C,Plate 5,H2-Sym-32C,H2,Sym,C2,32C (heat stress),1,0,0,day_0
Plate 5_C2_Sym_32C,Plate 5,H2-Sym-32C,H2,Sym,C2,32C (heat stress),1,3,0,day_3
Plate 5_C2_Sym_32C,Plate 5,H2-Sym-32C,H2,Sym,C2,32C (heat stress),1,4,0,day_4
Plate 5_C2_Sym_32C,Plate 5,H2-Sym-32C,H2,Sym,C2,32C (heat stress),1,5,0,day_5
Plate 5_C2_Sym_32C,Plate 5,H2-Sym-32C,H2,Sym,C2,32C (heat stress),1,6,0,day_6
Plate 5_C2_Sym_32C,Plate 5,H2-Sym-32C,H2,Sym,C2,32C (heat stress),1,7,0,day_7
Plate 5_C2_Sym_32C,Plate 5,H2-Sym-32C,H2,Sym,C2,32C (heat stress),1,8,0,day_8
Plate 5_C2_Sym_32C,Plate 5,H2-Sym-32C,H2,Sym,C2,32C (heat stress),1,9,0,day_9
Plate 5_C2_Sym_32C,Plate 5,H2-Sym-32C,H2,Sym,C2,32C (heat stress),1,10,0,day_10
Plate 5_C2_Sym_32C,Plate 5,H2-Sym-32C,H2,Sym,C2,32C (heat stress),1,11,0,day_11
Plate 5_C2_Sym_32C,Plate 5,H2-Sym-32C,H2,Sym,C2,32C (heat stress),1,13,0,day_13
Plate 5_C2_Sym_32C,Plate 5,H2-Sym-32C,H2,Sym,C2,32C (heat stress),1,14,0,day_14
Plate 5_C2_Sym_32C,Plate 5,H2-Sym-32C,H2,Sym,C2,32C (heat stress),1,21,0,day_21
Plate 5_C3_Sym_32C,Plate 5,H2-Sym-32C,H2,Sym,C3,32C (heat stress),1,0,0,day_0
Plate 5_C3_Sym_32C,Plate 5,H2-Sym-32C,H2,Sym,C3,32C (heat stress),1,3,0,day_3
Plate 5_C3_Sym_32C,Plate 5,H2-Sym-32C,H2,Sym,C3,32C (heat stress),1,4,na,day_4
Plate 5_C3_Sym_32C,Plate 5,H2-Sym-32C,H2,Sym,C3,32C (heat stress),1,5,na,day_5
Plate 5_C3_Sym_32C,Plate 5,H2-Sym-32C,H2,Sym,C3,32C (heat stress),1,6,na,day_6
Plate 5_C3_Sym_32C,Plate 5,H2-Sym-32C,H2,Sym,C3,32C (heat stress),1,7,na,day_7
Plate 5_C3_Sym_32C,Plate 5,H2-Sym-32C,H2,Sym,C3,32C (heat stress),1,8,na,day_8
Plate 5_C3_Sym_32C,Plate 5,H2-Sym-32C,H2,Sym,C3,32C (heat stress),1,9,na,day_9
Plate 5_C3_Sym_32C,Plate 5,H2-Sym-32C,H2,Sym,C3,32C (heat stress),1,10,na,day_10
Plate 5_C3_Sym_32C,Plate 5,H2-Sym-32C,H2,Sym,C3,32C (heat stress),1,11,na,day_11
Plate 5_C3_Sym_32C,Plate 5,H2-Sym-32C,H2,Sym,C3,32C (heat stress),1,13,na,day_13
Plate 5_C3_Sym_32C,Plate 5,H2-Sym-32C,H2,Sym,C3,32C (heat stress),1,14,na,day_14
Plate 5_C3_Sym_32C,Plate 5,H2-Sym-32C,H2,Sym,C3,32C (heat stress),1,21,na,day_21
Plate 5_C3_Sym_32C,Plate 5,H2-Sym-32C,H2,Sym,C3,32C (heat stress),2,0,0,day_0
Plate 5_C3_Sym_32C,Plate 5,H2-Sym-32C,H2,Sym,C3,32C (heat stress),2,3,na,day_3
Plate 5_C3_Sym_32C,Plate 5,H2-Sym-32C,H2,Sym,C3,32C (heat stress),2,4,na,day_4
Plate 5_C3_Sym_32C,Plate 5,H2-Sym-32C,H2,Sym,C3,32C (heat stress),2,5,na,day_5
Plate 5_C3_Sym_32C,Plate 5,H2-Sym-32C,H2,Sym,C3,32C (heat stress),2,6,na,day_6
Plate 5_C3_Sym_32C,Plate 5,H2-Sym-32C,H2,Sym,C3,32C (heat stress),2,7,na,day_7
Plate 5_C3_Sym_32C,Plate 5,H2-Sym-32C,H2,Sym,C3,32C (heat stress),2,8,na,day_8
Plate 5_C3_Sym_32C,Plate 5,H2-Sym-32C,H2,Sym,C3,32C (heat stress),2,9,na,day_9
Plate 5_C3_Sym_32C,Plate 5,H2-Sym-32C,H2,Sym,C3,32C (heat stress),2,10,na,day_10
Plate 5_C3_Sym_32C,Plate 5,H2-Sym-32C,H2,Sym,C3,32C (heat stress),2,11,na,day_11
Plate 5_C3_Sym_32C,Plate 5,H2-Sym-32C,H2,Sym,C3,32C (heat stress),2,13,na,day_13
Plate 5_C3_Sym_32C,Plate 5,H2-Sym-32C,H2,Sym,C3,32C (heat stress),2,14,na,day_14
Plate 5_C3_Sym_32C,Plate 5,H2-Sym-32C,H2,Sym,C3,32C (heat stress),2,21,na,day_21
Plate 5_C4_Sym_32C,Plate 5,H2-Sym-32C,H2,Sym,C4,32C (heat stress),1,0,0,day_0
Plate 5_C4_Sym_32C,Plate 5,H2-Sym-32C,H2,Sym,C4,32C (heat stress),1,3,0,day_3
Plate 5_C4_Sym_32C,Plate 5,H2-Sym-32C,H2,Sym,C4,32C (heat stress),1,4,0,day_4
Plate 5_C4_Sym_32C,Plate 5,H2-Sym-32C,H2,Sym,C4,32C (heat stress),1,5,0,day_5
Plate 5_C4_Sym_32C,Plate 5,H2-Sym-32C,H2,Sym,C4,32C (heat stress),1,6,0,day_6
Plate 5_C4_Sym_32C,Plate 5,H2-Sym-32C,H2,Sym,C4,32C (heat stress),1,7,0,day_7
Plate 5_C4_Sym_32C,Plate 5,H2-Sym-32C,H2,Sym,C4,32C (heat stress),1,8,0,day_8
Plate 5_C4_Sym_32C,Plate 5,H2-Sym-32C,H2,Sym,C4,32C (heat stress),1,9,0,day_9
Plate 5_C4_Sym_32C,Plate 5,H2-Sym-32C,H2,Sym,C4,32C (heat stress),1,10,na,day_10
Plate 5_C4_Sym_32C,Plate 5,H2-Sym-32C,H2,Sym,C4,32C (heat stress),1,11,na,day_11
Plate 5_C4_Sym_32C,Plate 5,H2-Sym-32C,H2,Sym,C4,32C (heat stress),1,13,na,day_13
Plate 5_C4_Sym_32C,Plate 5,H2-Sym-32C,H2,Sym,C4,32C (heat stress),1,14,na,day_14
Plate 5_C4_Sym_32C,Plate 5,H2-Sym-32C,H2,Sym,C4,32C (heat stress),1,21,na,day_21
Plate 5_C5_Sym_32C,Plate 5,H2-Sym-32C,H2,Sym,C5,32C (heat stress),1,0,0,day_0
Plate 5_C5_Sym_32C,Plate 5,H2-Sym-32C,H2,Sym,C5,32C (heat stress),1,3,0,day_3
Plate 5_C5_Sym_32C,Plate 5,H2-Sym-32C,H2,Sym,C5,32C (heat stress),1,4,0,day_4
Plate 5_C5_Sym_32C,Plate 5,H2-Sym-32C,H2,Sym,C5,32C (heat stress),1,5,0,day_5
Plate 5_C5_Sym_32C,Plate 5,H2-Sym-32C,H2,Sym,C5,32C (heat stress),1,6,0,day_6
Plate 5_C5_Sym_32C,Plate 5,H2-Sym-32C,H2,Sym,C5,32C (heat stress),1,7,1,day_7
Plate 5_C5_Sym_32C,Plate 5,H2-Sym-32C,H2,Sym,C5,32C (heat stress),1,8,3,day_8
Plate 5_C5_Sym_32C,Plate 5,H2-Sym-32C,H2,Sym,C5,32C (heat stress),1,9,6,day_9
Plate 5_C5_Sym_32C,Plate 5,H2-Sym-32C,H2,Sym,C5,32C (heat stress),1,10,na,day_10
Plate 5_C5_Sym_32C,Plate 5,H2-Sym-32C,H2,Sym,C5,32C (heat stress),1,11,na,day_11
Plate 5_C5_Sym_32C,Plate 5,H2-Sym-32C,H2,Sym,C5,32C (heat stress),1,13,na,day_13
Plate 5_C5_Sym_32C,Plate 5,H2-Sym-32C,H2,Sym,C5,32C (heat stress),1,14,na,day_14
Plate 5_C5_Sym_32C,Plate 5,H2-Sym-32C,H2,Sym,C5,32C (heat stress),1,21,na,day_21
Plate 5_C6_Sym_32C,Plate 5,H2-Sym-32C,H2,Sym,C6,32C (heat stress),1,0,0,day_0
Plate 5_C6_Sym_32C,Plate 5,H2-Sym-32C,H2,Sym,C6,32C (heat stress),1,3,0,day_3
Plate 5_C6_Sym_32C,Plate 5,H2-Sym-32C,H2,Sym,C6,32C (heat stress),1,4,na,day_4
Plate 5_C6_Sym_32C,Plate 5,H2-Sym-32C,H2,Sym,C6,32C (heat stress),1,5,na,day_5
Plate 5_C6_Sym_32C,Plate 5,H2-Sym-32C,H2,Sym,C6,32C (heat stress),1,6,na,day_6
Plate 5_C6_Sym_32C,Plate 5,H2-Sym-32C,H2,Sym,C6,32C (heat stress),1,7,na,day_7
Plate 5_C6_Sym_32C,Plate 5,H2-Sym-32C,H2,Sym,C6,32C (heat stress),1,8,na,day_8
Plate 5_C6_Sym_32C,Plate 5,H2-Sym-32C,H2,Sym,C6,32C (heat stress),1,9,na,day_9
Plate 5_C6_Sym_32C,Plate 5,H2-Sym-32C,H2,Sym,C6,32C (heat stress),1,10,na,day_10
Plate 5_C6_Sym_32C,Plate 5,H2-Sym-32C,H2,Sym,C6,32C (heat stress),1,11,na,day_11
Plate 5_C6_Sym_32C,Plate 5,H2-Sym-32C,H2,Sym,C6,32C (heat stress),1,13,na,day_13
Plate 5_C6_Sym_32C,Plate 5,H2-Sym-32C,H2,Sym,C6,32C (heat stress),1,14,na,day_14
Plate 5_C6_Sym_32C,Plate 5,H2-Sym-32C,H2,Sym,C6,32C (heat stress),1,21,na,day_21
Plate 5_D1_Sym_32C,Plate 5,H2-Sym-32C,H2,Sym,D1,32C (heat stress),1,0,0,day_0
Plate 5_D1_Sym_32C,Plate 5,H2-Sym-32C,H2,Sym,D1,32C (heat stress),1,3,0,day_3
Plate 5_D1_Sym_32C,Plate 5,H2-Sym-32C,H2,Sym,D1,32C (heat stress),1,4,na,day_4
Plate 5_D1_Sym_32C,Plate 5,H2-Sym-32C,H2,Sym,D1,32C (heat stress),1,5,na,day_5
Plate 5_D1_Sym_32C,Plate 5,H2-Sym-32C,H2,Sym,D1,32C (heat stress),1,6,na,day_6
Plate 5_D1_Sym_32C,Plate 5,H2-Sym-32C,H2,Sym,D1,32C (heat stress),1,7,na,day_7
Plate 5_D1_Sym_32C,Plate 5,H2-Sym-32C,H2,Sym,D1,32C (heat stress),1,8,na,day_8
Plate 5_D1_Sym_32C,Plate 5,H2-Sym-32C,H2,Sym,D1,32C (heat stress),1,9,na,day_9
Plate 5_D1_Sym_32C,Plate 5,H2-Sym-32C,H2,Sym,D1,32C (heat stress),1,10,na,day_10
Plate 5_D1_Sym_32C,Plate 5,H2-Sym-32C,H2,Sym,D1,32C (heat stress),1,11,na,day_11
Plate 5_D1_Sym_32C,Plate 5,H2-Sym-32C,H2,Sym,D1,32C (heat stress),1,13,na,day_13
Plate 5_D1_Sym_32C,Plate 5,H2-Sym-32C,H2,Sym,D1,32C (heat stress),1,14,na,day_14
Plate 5_D1_Sym_32C,Plate 5,H2-Sym-32C,H2,Sym,D1,32C (heat stress),1,21,na,day_21
Plate 5_D2_Sym_32C,Plate 5,H2-Sym-32C,H2,Sym,D2,32C (heat stress),1,0,0,day_0
Plate 5_D2_Sym_32C,Plate 5,H2-Sym-32C,H2,Sym,D2,32C (heat stress),1,3,0,day_3
Plate 5_D2_Sym_32C,Plate 5,H2-Sym-32C,H2,Sym,D2,32C (heat stress),1,4,0,day_4
Plate 5_D2_Sym_32C,Plate 5,H2-Sym-32C,H2,Sym,D2,32C (heat stress),1,5,0,day_5
Plate 5_D2_Sym_32C,Plate 5,H2-Sym-32C,H2,Sym,D2,32C (heat stress),1,6,0,day_6
Plate 5_D2_Sym_32C,Plate 5,H2-Sym-32C,H2,Sym,D2,32C (heat stress),1,7,0,day_7
Plate 5_D2_Sym_32C,Plate 5,H2-Sym-32C,H2,Sym,D2,32C (heat stress),1,8,0,day_8
Plate 5_D2_Sym_32C,Plate 5,H2-Sym-32C,H2,Sym,D2,32C (heat stress),1,9,0,day_9
Plate 5_D2_Sym_32C,Plate 5,H2-Sym-32C,H2,Sym,D2,32C (heat stress),1,10,0,day_10
Plate 5_D2_Sym_32C,Plate 5,H2-Sym-32C,H2,Sym,D2,32C (heat stress),1,11,0,day_11
Plate 5_D2_Sym_32C,Plate 5,H2-Sym-32C,H2,Sym,D2,32C (heat stress),1,13,0,day_13
Plate 5_D2_Sym_32C,Plate 5,H2-Sym-32C,H2,Sym,D2,32C (heat stress),1,14,0,day_14
Plate 5_D2_Sym_32C,Plate 5,H2-Sym-32C,H2,Sym,D2,32C (heat stress),1,21,0,day_21
Plate 5_D3_Sym_32C,Plate 5,H2-Sym-32C,H2,Sym,D3,32C (heat stress),1,0,0,day_0
Plate 5_D3_Sym_32C,Plate 5,H2-Sym-32C,H2,Sym,D3,32C (heat stress),1,3,0,day_3
Plate 5_D3_Sym_32C,Plate 5,H2-Sym-32C,H2,Sym,D3,32C (heat stress),1,4,0,day_4
Plate 5_D3_Sym_32C,Plate 5,H2-Sym-32C,H2,Sym,D3,32C (heat stress),1,5,0,day_5
Plate 5_D3_Sym_32C,Plate 5,H2-Sym-32C,H2,Sym,D3,32C (heat stress),1,6,0,day_6
Plate 5_D3_Sym_32C,Plate 5,H2-Sym-32C,H2,Sym,D3,32C (heat stress),1,7,0,day_7
Plate 5_D3_Sym_32C,Plate 5,H2-Sym-32C,H2,Sym,D3,32C (heat stress),1,8,0,day_8
Plate 5_D3_Sym_32C,Plate 5,H2-Sym-32C,H2,Sym,D3,32C (heat stress),1,9,0,day_9
Plate 5_D3_Sym_32C,Plate 5,H2-Sym-32C,H2,Sym,D3,32C (heat stress),1,10,0,day_10
Plate 5_D3_Sym_32C,Plate 5,H2-Sym-32C,H2,Sym,D3,32C (heat stress),1,11,0,day_11
Plate 5_D3_Sym_32C,Plate 5,H2-Sym-32C,H2,Sym,D3,32C (heat stress),1,13,0,day_13
Plate 5_D3_Sym_32C,Plate 5,H2-Sym-32C,H2,Sym,D3,32C (heat stress),1,14,0,day_14
Plate 5_D3_Sym_32C,Plate 5,H2-Sym-32C,H2,Sym,D3,32C (heat stress),1,21,0,day_21
Plate 5_D4_Sym_32C,Plate 5,H2-Sym-32C,H2,Sym,D4,32C (heat stress),1,0,0,day_0
Plate 5_D4_Sym_32C,Plate 5,H2-Sym-32C,H2,Sym,D4,32C (heat stress),1,3,0,day_3
Plate 5_D4_Sym_32C,Plate 5,H2-Sym-32C,H2,Sym,D4,32C (heat stress),1,4,0,day_4
Plate 5_D4_Sym_32C,Plate 5,H2-Sym-32C,H2,Sym,D4,32C (heat stress),1,5,0,day_5
Plate 5_D4_Sym_32C,Plate 5,H2-Sym-32C,H2,Sym,D4,32C (heat stress),1,6,0,day_6
Plate 5_D4_Sym_32C,Plate 5,H2-Sym-32C,H2,Sym,D4,32C (heat stress),1,7,0,day_7
Plate 5_D4_Sym_32C,Plate 5,H2-Sym-32C,H2,Sym,D4,32C (heat stress),1,8,0,day_8
Plate 5_D4_Sym_32C,Plate 5,H2-Sym-32C,H2,Sym,D4,32C (heat stress),1,9,0,day_9
Plate 5_D4_Sym_32C,Plate 5,H2-Sym-32C,H2,Sym,D4,32C (heat stress),1,10,0,day_10
Plate 5_D4_Sym_32C,Plate 5,H2-Sym-32C,H2,Sym,D4,32C (heat stress),1,11,0,day_11
Plate 5_D4_Sym_32C,Plate 5,H2-Sym-32C,H2,Sym,D4,32C (heat stress),1,13,0,day_13
Plate 5_D4_Sym_32C,Plate 5,H2-Sym-32C,H2,Sym,D4,32C (heat stress),1,14,0,day_14
Plate 5_D4_Sym_32C,Plate 5,H2-Sym-32C,H2,Sym,D4,32C (heat stress),1,21,na,day_21
Plate 5_D5_Sym_32C,Plate 5,H2-Sym-32C,H2,Sym,D5,32C (heat stress),1,0,0,day_0
Plate 5_D5_Sym_32C,Plate 5,H2-Sym-32C,H2,Sym,D5,32C (heat stress),1,3,0,day_3
Plate 5_D5_Sym_32C,Plate 5,H2-Sym-32C,H2,Sym,D5,32C (heat stress),1,4,0,day_4
Plate 5_D5_Sym_32C,Plate 5,H2-Sym-32C,H2,Sym,D5,32C (heat stress),1,5,0,day_5
Plate 5_D5_Sym_32C,Plate 5,H2-Sym-32C,H2,Sym,D5,32C (heat stress),1,6,0,day_6
Plate 5_D5_Sym_32C,Plate 5,H2-Sym-32C,H2,Sym,D5,32C (heat stress),1,7,0,day_7
Plate 5_D5_Sym_32C,Plate 5,H2-Sym-32C,H2,Sym,D5,32C (heat stress),1,8,0,day_8
Plate 5_D5_Sym_32C,Plate 5,H2-Sym-32C,H2,Sym,D5,32C (heat stress),1,9,0,day_9
Plate 5_D5_Sym_32C,Plate 5,H2-Sym-32C,H2,Sym,D5,32C (heat stress),1,10,0,day_10
Plate 5_D5_Sym_32C,Plate 5,H2-Sym-32C,H2,Sym,D5,32C (heat stress),1,11,0,day_11
Plate 5_D5_Sym_32C,Plate 5,H2-Sym-32C,H2,Sym,D5,32C (heat stress),1,13,0,day_13
Plate 5_D5_Sym_32C,Plate 5,H2-Sym-32C,H2,Sym,D5,32C (heat stress),1,14,0,day_14
Plate 5_D5_Sym_32C,Plate 5,H2-Sym-32C,H2,Sym,D5,32C (heat stress),1,21,0,day_21
Plate 5_D6_Sym_32C,Plate 5,H2-Sym-32C,H2,Sym,D6,32C (heat stress),1,0,0,day_0
Plate 5_D6_Sym_32C,Plate 5,H2-Sym-32C,H2,Sym,D6,32C (heat stress),1,3,0,day_3
Plate 5_D6_Sym_32C,Plate 5,H2-Sym-32C,H2,Sym,D6,32C (heat stress),1,4,0,day_4
Plate 5_D6_Sym_32C,Plate 5,H2-Sym-32C,H2,Sym,D6,32C (heat stress),1,5,0,day_5
Plate 5_D6_Sym_32C,Plate 5,H2-Sym-32C,H2,Sym,D6,32C (heat stress),1,6,0,day_6
Plate 5_D6_Sym_32C,Plate 5,H2-Sym-32C,H2,Sym,D6,32C (heat stress),1,7,0,day_7
Plate 5_D6_Sym_32C,Plate 5,H2-Sym-32C,H2,Sym,D6,32C (heat stress),1,8,0,day_8
Plate 5_D6_Sym_32C,Plate 5,H2-Sym-32C,H2,Sym,D6,32C (heat stress),1,9,0,day_9
Plate 5_D6_Sym_32C,Plate 5,H2-Sym-32C,H2,Sym,D6,32C (heat stress),1,10,0,day_10
Plate 5_D6_Sym_32C,Plate 5,H2-Sym-32C,H2,Sym,D6,32C (heat stress),1,11,0,day_11
Plate 5_D6_Sym_32C,Plate 5,H2-Sym-32C,H2,Sym,D6,32C (heat stress),1,13,na,day_13
Plate 5_D6_Sym_32C,Plate 5,H2-Sym-32C,H2,Sym,D6,32C (heat stress),1,14,na,day_14
Plate 5_D6_Sym_32C,Plate 5,H2-Sym-32C,H2,Sym,D6,32C (heat stress),1,21,na,day_21
Plate 5_D6_Sym_32C,Plate 5,H2-Sym-32C,H2,Sym,D6,32C (heat stress),2,0,0,day_0
Plate 5_D6_Sym_32C,Plate 5,H2-Sym-32C,H2,Sym,D6,32C (heat stress),2,3,0,day_3
Plate 5_D6_Sym_32C,Plate 5,H2-Sym-32C,H2,Sym,D6,32C (heat stress),2,4,0,day_4
Plate 5_D6_Sym_32C,Plate 5,H2-Sym-32C,H2,Sym,D6,32C (heat stress),2,5,0,day_5
Plate 5_D6_Sym_32C,Plate 5,H2-Sym-32C,H2,Sym,D6,32C (heat stress),2,6,0,day_6
Plate 5_D6_Sym_32C,Plate 5,H2-Sym-32C,H2,Sym,D6,32C (heat stress),2,7,0,day_7
Plate 5_D6_Sym_32C,Plate 5,H2-Sym-32C,H2,Sym,D6,32C (heat stress),2,8,0,day_8
Plate 5_D6_Sym_32C,Plate 5,H2-Sym-32C,H2,Sym,D6,32C (heat stress),2,9,0,day_9
Plate 5_D6_Sym_32C,Plate 5,H2-Sym-32C,H2,Sym,D6,32C (heat stress),2,10,0,day_10
Plate 5_D6_Sym_32C,Plate 5,H2-Sym-32C,H2,Sym,D6,32C (heat stress),2,11,0,day_11
Plate 5_D6_Sym_32C,Plate 5,H2-Sym-32C,H2,Sym,D6,32C (heat stress),2,13,na,day_13
Plate 5_D6_Sym_32C,Plate 5,H2-Sym-32C,H2,Sym,D6,32C (heat stress),2,14,na,day_14
Plate 5_D6_Sym_32C,Plate 5,H2-Sym-32C,H2,Sym,D6,32C (heat stress),2,21,na,day_21
Plate 6_A1_Sym_32C,Plate 6,H2-Sym-32C,H2,Sym,A1,32C (heat stress),1,0,0,day_0
Plate 6_A1_Sym_32C,Plate 6,H2-Sym-32C,H2,Sym,A1,32C (heat stress),1,3,edu,day_3
Plate 6_A1_Sym_32C,Plate 6,H2-Sym-32C,H2,Sym,A1,32C (heat stress),1,4,edu,day_4
Plate 6_A1_Sym_32C,Plate 6,H2-Sym-32C,H2,Sym,A1,32C (heat stress),1,5,edu,day_5
Plate 6_A1_Sym_32C,Plate 6,H2-Sym-32C,H2,Sym,A1,32C (heat stress),1,6,edu,day_6
Plate 6_A1_Sym_32C,Plate 6,H2-Sym-32C,H2,Sym,A1,32C (heat stress),1,7,edu,day_7
Plate 6_A1_Sym_32C,Plate 6,H2-Sym-32C,H2,Sym,A1,32C (heat stress),1,8,edu,day_8
Plate 6_A1_Sym_32C,Plate 6,H2-Sym-32C,H2,Sym,A1,32C (heat stress),1,9,edu,day_9
Plate 6_A1_Sym_32C,Plate 6,H2-Sym-32C,H2,Sym,A1,32C (heat stress),1,10,edu,day_10
Plate 6_A1_Sym_32C,Plate 6,H2-Sym-32C,H2,Sym,A1,32C (heat stress),1,11,edu,day_11
Plate 6_A1_Sym_32C,Plate 6,H2-Sym-32C,H2,Sym,A1,32C (heat stress),1,13,edu,day_13
Plate 6_A1_Sym_32C,Plate 6,H2-Sym-32C,H2,Sym,A1,32C (heat stress),1,14,edu,day_14
Plate 6_A1_Sym_32C,Plate 6,H2-Sym-32C,H2,Sym,A1,32C (heat stress),1,21,edu,day_21
Plate 6_A1_Sym_32C,Plate 6,H2-Sym-32C,H2,Sym,A1,32C (heat stress),2,0,0,day_0
Plate 6_A1_Sym_32C,Plate 6,H2-Sym-32C,H2,Sym,A1,32C (heat stress),2,3,edu,day_3
Plate 6_A1_Sym_32C,Plate 6,H2-Sym-32C,H2,Sym,A1,32C (heat stress),2,4,edu,day_4
Plate 6_A1_Sym_32C,Plate 6,H2-Sym-32C,H2,Sym,A1,32C (heat stress),2,5,edu,day_5
Plate 6_A1_Sym_32C,Plate 6,H2-Sym-32C,H2,Sym,A1,32C (heat stress),2,6,edu,day_6
Plate 6_A1_Sym_32C,Plate 6,H2-Sym-32C,H2,Sym,A1,32C (heat stress),2,7,edu,day_7
Plate 6_A1_Sym_32C,Plate 6,H2-Sym-32C,H2,Sym,A1,32C (heat stress),2,8,edu,day_8
Plate 6_A1_Sym_32C,Plate 6,H2-Sym-32C,H2,Sym,A1,32C (heat stress),2,9,edu,day_9
Plate 6_A1_Sym_32C,Plate 6,H2-Sym-32C,H2,Sym,A1,32C (heat stress),2,10,edu,day_10
Plate 6_A1_Sym_32C,Plate 6,H2-Sym-32C,H2,Sym,A1,32C (heat stress),2,11,edu,day_11
Plate 6_A1_Sym_32C,Plate 6,H2-Sym-32C,H2,Sym,A1,32C (heat stress),2,13,edu,day_13
Plate 6_A1_Sym_32C,Plate 6,H2-Sym-32C,H2,Sym,A1,32C (heat stress),2,14,edu,day_14
Plate 6_A1_Sym_32C,Plate 6,H2-Sym-32C,H2,Sym,A1,32C (heat stress),2,21,edu,day_21
Plate 6_A2_Sym_32C,Plate 6,H2-Sym-32C,H2,Sym,A2,32C (heat stress),1,0,0,day_0
Plate 6_A2_Sym_32C,Plate 6,H2-Sym-32C,H2,Sym,A2,32C (heat stress),1,3,edu,day_3
Plate 6_A2_Sym_32C,Plate 6,H2-Sym-32C,H2,Sym,A2,32C (heat stress),1,4,edu,day_4
Plate 6_A2_Sym_32C,Plate 6,H2-Sym-32C,H2,Sym,A2,32C (heat stress),1,5,edu,day_5
Plate 6_A2_Sym_32C,Plate 6,H2-Sym-32C,H2,Sym,A2,32C (heat stress),1,6,edu,day_6
Plate 6_A2_Sym_32C,Plate 6,H2-Sym-32C,H2,Sym,A2,32C (heat stress),1,7,edu,day_7
Plate 6_A2_Sym_32C,Plate 6,H2-Sym-32C,H2,Sym,A2,32C (heat stress),1,8,edu,day_8
Plate 6_A2_Sym_32C,Plate 6,H2-Sym-32C,H2,Sym,A2,32C (heat stress),1,9,edu,day_9
Plate 6_A2_Sym_32C,Plate 6,H2-Sym-32C,H2,Sym,A2,32C (heat stress),1,10,edu,day_10
Plate 6_A2_Sym_32C,Plate 6,H2-Sym-32C,H2,Sym,A2,32C (heat stress),1,11,edu,day_11
Plate 6_A2_Sym_32C,Plate 6,H2-Sym-32C,H2,Sym,A2,32C (heat stress),1,13,edu,day_13
Plate 6_A2_Sym_32C,Plate 6,H2-Sym-32C,H2,Sym,A2,32C (heat stress),1,14,edu,day_14
Plate 6_A2_Sym_32C,Plate 6,H2-Sym-32C,H2,Sym,A2,32C (heat stress),1,21,edu,day_21
Plate 6_A3_Sym_32C,Plate 6,H2-Sym-32C,H2,Sym,A3,32C (heat stress),1,0,0,day_0
Plate 6_A3_Sym_32C,Plate 6,H2-Sym-32C,H2,Sym,A3,32C (heat stress),1,3,edu,day_3
Plate 6_A3_Sym_32C,Plate 6,H2-Sym-32C,H2,Sym,A3,32C (heat stress),1,4,edu,day_4
Plate 6_A3_Sym_32C,Plate 6,H2-Sym-32C,H2,Sym,A3,32C (heat stress),1,5,edu,day_5
Plate 6_A3_Sym_32C,Plate 6,H2-Sym-32C,H2,Sym,A3,32C (heat stress),1,6,edu,day_6
Plate 6_A3_Sym_32C,Plate 6,H2-Sym-32C,H2,Sym,A3,32C (heat stress),1,7,edu,day_7
Plate 6_A3_Sym_32C,Plate 6,H2-Sym-32C,H2,Sym,A3,32C (heat stress),1,8,edu,day_8
Plate 6_A3_Sym_32C,Plate 6,H2-Sym-32C,H2,Sym,A3,32C (heat stress),1,9,edu,day_9
Plate 6_A3_Sym_32C,Plate 6,H2-Sym-32C,H2,Sym,A3,32C (heat stress),1,10,edu,day_10
Plate 6_A3_Sym_32C,Plate 6,H2-Sym-32C,H2,Sym,A3,32C (heat stress),1,11,edu,day_11
Plate 6_A3_Sym_32C,Plate 6,H2-Sym-32C,H2,Sym,A3,32C (heat stress),1,13,edu,day_13
Plate 6_A3_Sym_32C,Plate 6,H2-Sym-32C,H2,Sym,A3,32C (heat stress),1,14,edu,day_14
Plate 6_A3_Sym_32C,Plate 6,H2-Sym-32C,H2,Sym,A3,32C (heat stress),1,21,edu,day_21
Plate 6_A3_Sym_32C,Plate 6,H2-Sym-32C,H2,Sym,A3,32C (heat stress),2,0,0,day_0
Plate 6_A3_Sym_32C,Plate 6,H2-Sym-32C,H2,Sym,A3,32C (heat stress),2,3,edu,day_3
Plate 6_A3_Sym_32C,Plate 6,H2-Sym-32C,H2,Sym,A3,32C (heat stress),2,4,edu,day_4
Plate 6_A3_Sym_32C,Plate 6,H2-Sym-32C,H2,Sym,A3,32C (heat stress),2,5,edu,day_5
Plate 6_A3_Sym_32C,Plate 6,H2-Sym-32C,H2,Sym,A3,32C (heat stress),2,6,edu,day_6
Plate 6_A3_Sym_32C,Plate 6,H2-Sym-32C,H2,Sym,A3,32C (heat stress),2,7,edu,day_7
Plate 6_A3_Sym_32C,Plate 6,H2-Sym-32C,H2,Sym,A3,32C (heat stress),2,8,edu,day_8
Plate 6_A3_Sym_32C,Plate 6,H2-Sym-32C,H2,Sym,A3,32C (heat stress),2,9,edu,day_9
Plate 6_A3_Sym_32C,Plate 6,H2-Sym-32C,H2,Sym,A3,32C (heat stress),2,10,edu,day_10
Plate 6_A3_Sym_32C,Plate 6,H2-Sym-32C,H2,Sym,A3,32C (heat stress),2,11,edu,day_11
Plate 6_A3_Sym_32C,Plate 6,H2-Sym-32C,H2,Sym,A3,32C (heat stress),2,13,edu,day_13
Plate 6_A3_Sym_32C,Plate 6,H2-Sym-32C,H2,Sym,A3,32C (heat stress),2,14,edu,day_14
Plate 6_A3_Sym_32C,Plate 6,H2-Sym-32C,H2,Sym,A3,32C (heat stress),2,21,edu,day_21
Plate 6_A3_Sym_32C,Plate 6,H2-Sym-32C,H2,Sym,A3,32C (heat stress),3,0,0,day_0
Plate 6_A3_Sym_32C,Plate 6,H2-Sym-32C,H2,Sym,A3,32C (heat stress),3,3,edu,day_3
Plate 6_A3_Sym_32C,Plate 6,H2-Sym-32C,H2,Sym,A3,32C (heat stress),3,4,edu,day_4
Plate 6_A3_Sym_32C,Plate 6,H2-Sym-32C,H2,Sym,A3,32C (heat stress),3,5,edu,day_5
Plate 6_A3_Sym_32C,Plate 6,H2-Sym-32C,H2,Sym,A3,32C (heat stress),3,6,edu,day_6
Plate 6_A3_Sym_32C,Plate 6,H2-Sym-32C,H2,Sym,A3,32C (heat stress),3,7,edu,day_7
Plate 6_A3_Sym_32C,Plate 6,H2-Sym-32C,H2,Sym,A3,32C (heat stress),3,8,edu,day_8
Plate 6_A3_Sym_32C,Plate 6,H2-Sym-32C,H2,Sym,A3,32C (heat stress),3,9,edu,day_9
Plate 6_A3_Sym_32C,Plate 6,H2-Sym-32C,H2,Sym,A3,32C (heat stress),3,10,edu,day_10
Plate 6_A3_Sym_32C,Plate 6,H2-Sym-32C,H2,Sym,A3,32C (heat stress),3,11,edu,day_11
Plate 6_A3_Sym_32C,Plate 6,H2-Sym-32C,H2,Sym,A3,32C (heat stress),3,13,edu,day_13
Plate 6_A3_Sym_32C,Plate 6,H2-Sym-32C,H2,Sym,A3,32C (heat stress),3,14,edu,day_14
Plate 6_A3_Sym_32C,Plate 6,H2-Sym-32C,H2,Sym,A3,32C (heat stress),3,21,edu,day_21
Plate 6_A4_Sym_32C,Plate 6,H2-Sym-32C,H2,Sym,A4,32C (heat stress),1,0,0,day_0
Plate 6_A4_Sym_32C,Plate 6,H2-Sym-32C,H2,Sym,A4,32C (heat stress),1,3,edu,day_3
Plate 6_A4_Sym_32C,Plate 6,H2-Sym-32C,H2,Sym,A4,32C (heat stress),1,4,edu,day_4
Plate 6_A4_Sym_32C,Plate 6,H2-Sym-32C,H2,Sym,A4,32C (heat stress),1,5,edu,day_5
Plate 6_A4_Sym_32C,Plate 6,H2-Sym-32C,H2,Sym,A4,32C (heat stress),1,6,edu,day_6
Plate 6_A4_Sym_32C,Plate 6,H2-Sym-32C,H2,Sym,A4,32C (heat stress),1,7,edu,day_7
Plate 6_A4_Sym_32C,Plate 6,H2-Sym-32C,H2,Sym,A4,32C (heat stress),1,8,edu,day_8
Plate 6_A4_Sym_32C,Plate 6,H2-Sym-32C,H2,Sym,A4,32C (heat stress),1,9,edu,day_9
Plate 6_A4_Sym_32C,Plate 6,H2-Sym-32C,H2,Sym,A4,32C (heat stress),1,10,edu,day_10
Plate 6_A4_Sym_32C,Plate 6,H2-Sym-32C,H2,Sym,A4,32C (heat stress),1,11,edu,day_11
Plate 6_A4_Sym_32C,Plate 6,H2-Sym-32C,H2,Sym,A4,32C (heat stress),1,13,edu,day_13
Plate 6_A4_Sym_32C,Plate 6,H2-Sym-32C,H2,Sym,A4,32C (heat stress),1,14,edu,day_14
Plate 6_A4_Sym_32C,Plate 6,H2-Sym-32C,H2,Sym,A4,32C (heat stress),1,21,edu,day_21
Plate 6_A5_Sym_32C,Plate 6,H2-Sym-32C,H2,Sym,A5,32C (heat stress),1,0,0,day_0
Plate 6_A5_Sym_32C,Plate 6,H2-Sym-32C,H2,Sym,A5,32C (heat stress),1,3,edu,day_3
Plate 6_A5_Sym_32C,Plate 6,H2-Sym-32C,H2,Sym,A5,32C (heat stress),1,4,edu,day_4
Plate 6_A5_Sym_32C,Plate 6,H2-Sym-32C,H2,Sym,A5,32C (heat stress),1,5,edu,day_5
Plate 6_A5_Sym_32C,Plate 6,H2-Sym-32C,H2,Sym,A5,32C (heat stress),1,6,edu,day_6
Plate 6_A5_Sym_32C,Plate 6,H2-Sym-32C,H2,Sym,A5,32C (heat stress),1,7,edu,day_7
Plate 6_A5_Sym_32C,Plate 6,H2-Sym-32C,H2,Sym,A5,32C (heat stress),1,8,edu,day_8
Plate 6_A5_Sym_32C,Plate 6,H2-Sym-32C,H2,Sym,A5,32C (heat stress),1,9,edu,day_9
Plate 6_A5_Sym_32C,Plate 6,H2-Sym-32C,H2,Sym,A5,32C (heat stress),1,10,edu,day_10
Plate 6_A5_Sym_32C,Plate 6,H2-Sym-32C,H2,Sym,A5,32C (heat stress),1,11,edu,day_11
Plate 6_A5_Sym_32C,Plate 6,H2-Sym-32C,H2,Sym,A5,32C (heat stress),1,13,edu,day_13
Plate 6_A5_Sym_32C,Plate 6,H2-Sym-32C,H2,Sym,A5,32C (heat stress),1,14,edu,day_14
Plate 6_A5_Sym_32C,Plate 6,H2-Sym-32C,H2,Sym,A5,32C (heat stress),1,21,edu,day_21
Plate 6_A6_Sym_32C,Plate 6,H2-Sym-32C,H2,Sym,A6,32C (heat stress),1,0,0,day_0
Plate 6_A6_Sym_32C,Plate 6,H2-Sym-32C,H2,Sym,A6,32C (heat stress),1,3,edu,day_3
Plate 6_A6_Sym_32C,Plate 6,H2-Sym-32C,H2,Sym,A6,32C (heat stress),1,4,edu,day_4
Plate 6_A6_Sym_32C,Plate 6,H2-Sym-32C,H2,Sym,A6,32C (heat stress),1,5,edu,day_5
Plate 6_A6_Sym_32C,Plate 6,H2-Sym-32C,H2,Sym,A6,32C (heat stress),1,6,edu,day_6
Plate 6_A6_Sym_32C,Plate 6,H2-Sym-32C,H2,Sym,A6,32C (heat stress),1,7,edu,day_7
Plate 6_A6_Sym_32C,Plate 6,H2-Sym-32C,H2,Sym,A6,32C (heat stress),1,8,edu,day_8
Plate 6_A6_Sym_32C,Plate 6,H2-Sym-32C,H2,Sym,A6,32C (heat stress),1,9,edu,day_9
Plate 6_A6_Sym_32C,Plate 6,H2-Sym-32C,H2,Sym,A6,32C (heat stress),1,10,edu,day_10
Plate 6_A6_Sym_32C,Plate 6,H2-Sym-32C,H2,Sym,A6,32C (heat stress),1,11,edu,day_11
Plate 6_A6_Sym_32C,Plate 6,H2-Sym-32C,H2,Sym,A6,32C (heat stress),1,13,edu,day_13
Plate 6_A6_Sym_32C,Plate 6,H2-Sym-32C,H2,Sym,A6,32C (heat stress),1,14,edu,day_14
Plate 6_A6_Sym_32C,Plate 6,H2-Sym-32C,H2,Sym,A6,32C (heat stress),1,21,edu,day_21
Plate 6_B1_Sym_32C,Plate 6,H2-Sym-32C,H2,Sym,B1,32C (heat stress),1,0,0,day_0
Plate 6_B1_Sym_32C,Plate 6,H2-Sym-32C,H2,Sym,B1,32C (heat stress),1,3,na,day_3
Plate 6_B1_Sym_32C,Plate 6,H2-Sym-32C,H2,Sym,B1,32C (heat stress),1,4,na,day_4
Plate 6_B1_Sym_32C,Plate 6,H2-Sym-32C,H2,Sym,B1,32C (heat stress),1,5,na,day_5
Plate 6_B1_Sym_32C,Plate 6,H2-Sym-32C,H2,Sym,B1,32C (heat stress),1,6,na,day_6
Plate 6_B1_Sym_32C,Plate 6,H2-Sym-32C,H2,Sym,B1,32C (heat stress),1,7,na,day_7
Plate 6_B1_Sym_32C,Plate 6,H2-Sym-32C,H2,Sym,B1,32C (heat stress),1,8,na,day_8
Plate 6_B1_Sym_32C,Plate 6,H2-Sym-32C,H2,Sym,B1,32C (heat stress),1,9,na,day_9
Plate 6_B1_Sym_32C,Plate 6,H2-Sym-32C,H2,Sym,B1,32C (heat stress),1,10,na,day_10
Plate 6_B1_Sym_32C,Plate 6,H2-Sym-32C,H2,Sym,B1,32C (heat stress),1,11,na,day_11
Plate 6_B1_Sym_32C,Plate 6,H2-Sym-32C,H2,Sym,B1,32C (heat stress),1,13,na,day_13
Plate 6_B1_Sym_32C,Plate 6,H2-Sym-32C,H2,Sym,B1,32C (heat stress),1,14,na,day_14
Plate 6_B1_Sym_32C,Plate 6,H2-Sym-32C,H2,Sym,B1,32C (heat stress),1,21,na,day_21
Plate 6_B2_Sym_32C,Plate 6,H2-Sym-32C,H2,Sym,B2,32C (heat stress),1,0,0,day_0
Plate 6_B2_Sym_32C,Plate 6,H2-Sym-32C,H2,Sym,B2,32C (heat stress),1,3,0,day_3
Plate 6_B2_Sym_32C,Plate 6,H2-Sym-32C,H2,Sym,B2,32C (heat stress),1,4,0,day_4
Plate 6_B2_Sym_32C,Plate 6,H2-Sym-32C,H2,Sym,B2,32C (heat stress),1,5,edu,day_5
Plate 6_B2_Sym_32C,Plate 6,H2-Sym-32C,H2,Sym,B2,32C (heat stress),1,6,edu,day_6
Plate 6_B2_Sym_32C,Plate 6,H2-Sym-32C,H2,Sym,B2,32C (heat stress),1,7,edu,day_7
Plate 6_B2_Sym_32C,Plate 6,H2-Sym-32C,H2,Sym,B2,32C (heat stress),1,8,edu,day_8
Plate 6_B2_Sym_32C,Plate 6,H2-Sym-32C,H2,Sym,B2,32C (heat stress),1,9,edu,day_9
Plate 6_B2_Sym_32C,Plate 6,H2-Sym-32C,H2,Sym,B2,32C (heat stress),1,10,edu,day_10
Plate 6_B2_Sym_32C,Plate 6,H2-Sym-32C,H2,Sym,B2,32C (heat stress),1,11,edu,day_11
Plate 6_B2_Sym_32C,Plate 6,H2-Sym-32C,H2,Sym,B2,32C (heat stress),1,13,edu,day_13
Plate 6_B2_Sym_32C,Plate 6,H2-Sym-32C,H2,Sym,B2,32C (heat stress),1,14,edu,day_14
Plate 6_B2_Sym_32C,Plate 6,H2-Sym-32C,H2,Sym,B2,32C (heat stress),1,21,edu,day_21
Plate 6_B3_Sym_32C,Plate 6,H2-Sym-32C,H2,Sym,B3,32C (heat stress),1,0,0,day_0
Plate 6_B3_Sym_32C,Plate 6,H2-Sym-32C,H2,Sym,B3,32C (heat stress),1,3,0,day_3
Plate 6_B3_Sym_32C,Plate 6,H2-Sym-32C,H2,Sym,B3,32C (heat stress),1,4,0,day_4
Plate 6_B3_Sym_32C,Plate 6,H2-Sym-32C,H2,Sym,B3,32C (heat stress),1,5,edu,day_5
Plate 6_B3_Sym_32C,Plate 6,H2-Sym-32C,H2,Sym,B3,32C (heat stress),1,6,edu,day_6
Plate 6_B3_Sym_32C,Plate 6,H2-Sym-32C,H2,Sym,B3,32C (heat stress),1,7,edu,day_7
Plate 6_B3_Sym_32C,Plate 6,H2-Sym-32C,H2,Sym,B3,32C (heat stress),1,8,edu,day_8
Plate 6_B3_Sym_32C,Plate 6,H2-Sym-32C,H2,Sym,B3,32C (heat stress),1,9,edu,day_9
Plate 6_B3_Sym_32C,Plate 6,H2-Sym-32C,H2,Sym,B3,32C (heat stress),1,10,edu,day_10
Plate 6_B3_Sym_32C,Plate 6,H2-Sym-32C,H2,Sym,B3,32C (heat stress),1,11,edu,day_11
Plate 6_B3_Sym_32C,Plate 6,H2-Sym-32C,H2,Sym,B3,32C (heat stress),1,13,edu,day_13
Plate 6_B3_Sym_32C,Plate 6,H2-Sym-32C,H2,Sym,B3,32C (heat stress),1,14,edu,day_14
Plate 6_B3_Sym_32C,Plate 6,H2-Sym-32C,H2,Sym,B3,32C (heat stress),1,21,edu,day_21
Plate 6_B4_Sym_32C,Plate 6,H2-Sym-32C,H2,Sym,B4,32C (heat stress),1,0,0,day_0
Plate 6_B4_Sym_32C,Plate 6,H2-Sym-32C,H2,Sym,B4,32C (heat stress),1,3,0,day_3
Plate 6_B4_Sym_32C,Plate 6,H2-Sym-32C,H2,Sym,B4,32C (heat stress),1,4,0,day_4
Plate 6_B4_Sym_32C,Plate 6,H2-Sym-32C,H2,Sym,B4,32C (heat stress),1,5,edu,day_5
Plate 6_B4_Sym_32C,Plate 6,H2-Sym-32C,H2,Sym,B4,32C (heat stress),1,6,edu,day_6
Plate 6_B4_Sym_32C,Plate 6,H2-Sym-32C,H2,Sym,B4,32C (heat stress),1,7,edu,day_7
Plate 6_B4_Sym_32C,Plate 6,H2-Sym-32C,H2,Sym,B4,32C (heat stress),1,8,edu,day_8
Plate 6_B4_Sym_32C,Plate 6,H2-Sym-32C,H2,Sym,B4,32C (heat stress),1,9,edu,day_9
Plate 6_B4_Sym_32C,Plate 6,H2-Sym-32C,H2,Sym,B4,32C (heat stress),1,10,edu,day_10
Plate 6_B4_Sym_32C,Plate 6,H2-Sym-32C,H2,Sym,B4,32C (heat stress),1,11,edu,day_11
Plate 6_B4_Sym_32C,Plate 6,H2-Sym-32C,H2,Sym,B4,32C (heat stress),1,13,edu,day_13
Plate 6_B4_Sym_32C,Plate 6,H2-Sym-32C,H2,Sym,B4,32C (heat stress),1,14,edu,day_14
Plate 6_B4_Sym_32C,Plate 6,H2-Sym-32C,H2,Sym,B4,32C (heat stress),1,21,edu,day_21
Plate 6_B5_Sym_32C,Plate 6,H2-Sym-32C,H2,Sym,B5,32C (heat stress),1,0,0,day_0
Plate 6_B5_Sym_32C,Plate 6,H2-Sym-32C,H2,Sym,B5,32C (heat stress),1,3,na,day_3
Plate 6_B5_Sym_32C,Plate 6,H2-Sym-32C,H2,Sym,B5,32C (heat stress),1,4,na,day_4
Plate 6_B5_Sym_32C,Plate 6,H2-Sym-32C,H2,Sym,B5,32C (heat stress),1,5,na,day_5
Plate 6_B5_Sym_32C,Plate 6,H2-Sym-32C,H2,Sym,B5,32C (heat stress),1,6,na,day_6
Plate 6_B5_Sym_32C,Plate 6,H2-Sym-32C,H2,Sym,B5,32C (heat stress),1,7,na,day_7
Plate 6_B5_Sym_32C,Plate 6,H2-Sym-32C,H2,Sym,B5,32C (heat stress),1,8,na,day_8
Plate 6_B5_Sym_32C,Plate 6,H2-Sym-32C,H2,Sym,B5,32C (heat stress),1,9,na,day_9
Plate 6_B5_Sym_32C,Plate 6,H2-Sym-32C,H2,Sym,B5,32C (heat stress),1,10,na,day_10
Plate 6_B5_Sym_32C,Plate 6,H2-Sym-32C,H2,Sym,B5,32C (heat stress),1,11,na,day_11
Plate 6_B5_Sym_32C,Plate 6,H2-Sym-32C,H2,Sym,B5,32C (heat stress),1,13,na,day_13
Plate 6_B5_Sym_32C,Plate 6,H2-Sym-32C,H2,Sym,B5,32C (heat stress),1,14,na,day_14
Plate 6_B5_Sym_32C,Plate 6,H2-Sym-32C,H2,Sym,B5,32C (heat stress),1,21,na,day_21
Plate 6_B6_Sym_32C,Plate 6,H2-Sym-32C,H2,Sym,B6,32C (heat stress),1,0,0,day_0
Plate 6_B6_Sym_32C,Plate 6,H2-Sym-32C,H2,Sym,B6,32C (heat stress),1,3,0,day_3
Plate 6_B6_Sym_32C,Plate 6,H2-Sym-32C,H2,Sym,B6,32C (heat stress),1,4,0,day_4
Plate 6_B6_Sym_32C,Plate 6,H2-Sym-32C,H2,Sym,B6,32C (heat stress),1,5,edu,day_5
Plate 6_B6_Sym_32C,Plate 6,H2-Sym-32C,H2,Sym,B6,32C (heat stress),1,6,edu,day_6
Plate 6_B6_Sym_32C,Plate 6,H2-Sym-32C,H2,Sym,B6,32C (heat stress),1,7,edu,day_7
Plate 6_B6_Sym_32C,Plate 6,H2-Sym-32C,H2,Sym,B6,32C (heat stress),1,8,edu,day_8
Plate 6_B6_Sym_32C,Plate 6,H2-Sym-32C,H2,Sym,B6,32C (heat stress),1,9,edu,day_9
Plate 6_B6_Sym_32C,Plate 6,H2-Sym-32C,H2,Sym,B6,32C (heat stress),1,10,edu,day_10
Plate 6_B6_Sym_32C,Plate 6,H2-Sym-32C,H2,Sym,B6,32C (heat stress),1,11,edu,day_11
Plate 6_B6_Sym_32C,Plate 6,H2-Sym-32C,H2,Sym,B6,32C (heat stress),1,13,edu,day_13
Plate 6_B6_Sym_32C,Plate 6,H2-Sym-32C,H2,Sym,B6,32C (heat stress),1,14,edu,day_14
Plate 6_B6_Sym_32C,Plate 6,H2-Sym-32C,H2,Sym,B6,32C (heat stress),1,21,edu,day_21
Plate 6_C1_Sym_32C,Plate 6,H2-Sym-32C,H2,Sym,C1,32C (heat stress),1,0,0,day_0
Plate 6_C1_Sym_32C,Plate 6,H2-Sym-32C,H2,Sym,C1,32C (heat stress),1,3,0,day_3
Plate 6_C1_Sym_32C,Plate 6,H2-Sym-32C,H2,Sym,C1,32C (heat stress),1,4,0,day_4
Plate 6_C1_Sym_32C,Plate 6,H2-Sym-32C,H2,Sym,C1,32C (heat stress),1,5,0,day_5
Plate 6_C1_Sym_32C,Plate 6,H2-Sym-32C,H2,Sym,C1,32C (heat stress),1,6,0,day_6
Plate 6_C1_Sym_32C,Plate 6,H2-Sym-32C,H2,Sym,C1,32C (heat stress),1,7,0,day_7
Plate 6_C1_Sym_32C,Plate 6,H2-Sym-32C,H2,Sym,C1,32C (heat stress),1,8,0,day_8
Plate 6_C1_Sym_32C,Plate 6,H2-Sym-32C,H2,Sym,C1,32C (heat stress),1,9,0,day_9
Plate 6_C1_Sym_32C,Plate 6,H2-Sym-32C,H2,Sym,C1,32C (heat stress),1,10,0,day_10
Plate 6_C1_Sym_32C,Plate 6,H2-Sym-32C,H2,Sym,C1,32C (heat stress),1,11,0,day_11
Plate 6_C1_Sym_32C,Plate 6,H2-Sym-32C,H2,Sym,C1,32C (heat stress),1,13,0,day_13
Plate 6_C1_Sym_32C,Plate 6,H2-Sym-32C,H2,Sym,C1,32C (heat stress),1,14,na,day_14
Plate 6_C1_Sym_32C,Plate 6,H2-Sym-32C,H2,Sym,C1,32C (heat stress),1,21,na,day_21
Plate 6_C2_Sym_32C,Plate 6,H2-Sym-32C,H2,Sym,C2,32C (heat stress),1,0,0,day_0
Plate 6_C2_Sym_32C,Plate 6,H2-Sym-32C,H2,Sym,C2,32C (heat stress),1,3,0,day_3
Plate 6_C2_Sym_32C,Plate 6,H2-Sym-32C,H2,Sym,C2,32C (heat stress),1,4,0,day_4
Plate 6_C2_Sym_32C,Plate 6,H2-Sym-32C,H2,Sym,C2,32C (heat stress),1,5,0,day_5
Plate 6_C2_Sym_32C,Plate 6,H2-Sym-32C,H2,Sym,C2,32C (heat stress),1,6,1,day_6
Plate 6_C2_Sym_32C,Plate 6,H2-Sym-32C,H2,Sym,C2,32C (heat stress),1,7,1,day_7
Plate 6_C2_Sym_32C,Plate 6,H2-Sym-32C,H2,Sym,C2,32C (heat stress),1,8,edu,day_8
Plate 6_C2_Sym_32C,Plate 6,H2-Sym-32C,H2,Sym,C2,32C (heat stress),1,9,edu,day_9
Plate 6_C2_Sym_32C,Plate 6,H2-Sym-32C,H2,Sym,C2,32C (heat stress),1,10,edu,day_10
Plate 6_C2_Sym_32C,Plate 6,H2-Sym-32C,H2,Sym,C2,32C (heat stress),1,11,edu,day_11
Plate 6_C2_Sym_32C,Plate 6,H2-Sym-32C,H2,Sym,C2,32C (heat stress),1,13,edu,day_13
Plate 6_C2_Sym_32C,Plate 6,H2-Sym-32C,H2,Sym,C2,32C (heat stress),1,14,edu,day_14
Plate 6_C2_Sym_32C,Plate 6,H2-Sym-32C,H2,Sym,C2,32C (heat stress),1,21,edu,day_21
Plate 6_C3_Sym_32C,Plate 6,H2-Sym-32C,H2,Sym,C3,32C (heat stress),1,0,0,day_0
Plate 6_C3_Sym_32C,Plate 6,H2-Sym-32C,H2,Sym,C3,32C (heat stress),1,3,0,day_3
Plate 6_C3_Sym_32C,Plate 6,H2-Sym-32C,H2,Sym,C3,32C (heat stress),1,4,0,day_4
Plate 6_C3_Sym_32C,Plate 6,H2-Sym-32C,H2,Sym,C3,32C (heat stress),1,5,0,day_5
Plate 6_C3_Sym_32C,Plate 6,H2-Sym-32C,H2,Sym,C3,32C (heat stress),1,6,0,day_6
Plate 6_C3_Sym_32C,Plate 6,H2-Sym-32C,H2,Sym,C3,32C (heat stress),1,7,0,day_7
Plate 6_C3_Sym_32C,Plate 6,H2-Sym-32C,H2,Sym,C3,32C (heat stress),1,8,edu,day_8
Plate 6_C3_Sym_32C,Plate 6,H2-Sym-32C,H2,Sym,C3,32C (heat stress),1,9,edu,day_9
Plate 6_C3_Sym_32C,Plate 6,H2-Sym-32C,H2,Sym,C3,32C (heat stress),1,10,edu,day_10
Plate 6_C3_Sym_32C,Plate 6,H2-Sym-32C,H2,Sym,C3,32C (heat stress),1,11,edu,day_11
Plate 6_C3_Sym_32C,Plate 6,H2-Sym-32C,H2,Sym,C3,32C (heat stress),1,13,edu,day_13
Plate 6_C3_Sym_32C,Plate 6,H2-Sym-32C,H2,Sym,C3,32C (heat stress),1,14,edu,day_14
Plate 6_C3_Sym_32C,Plate 6,H2-Sym-32C,H2,Sym,C3,32C (heat stress),1,21,edu,day_21
Plate 6_C4_Sym_32C,Plate 6,H2-Sym-32C,H2,Sym,C4,32C (heat stress),1,0,0,day_0
Plate 6_C4_Sym_32C,Plate 6,H2-Sym-32C,H2,Sym,C4,32C (heat stress),1,3,0,day_3
Plate 6_C4_Sym_32C,Plate 6,H2-Sym-32C,H2,Sym,C4,32C (heat stress),1,4,0,day_4
Plate 6_C4_Sym_32C,Plate 6,H2-Sym-32C,H2,Sym,C4,32C (heat stress),1,5,0,day_5
Plate 6_C4_Sym_32C,Plate 6,H2-Sym-32C,H2,Sym,C4,32C (heat stress),1,6,0,day_6
Plate 6_C4_Sym_32C,Plate 6,H2-Sym-32C,H2,Sym,C4,32C (heat stress),1,7,0,day_7
Plate 6_C4_Sym_32C,Plate 6,H2-Sym-32C,H2,Sym,C4,32C (heat stress),1,8,edu,day_8
Plate 6_C4_Sym_32C,Plate 6,H2-Sym-32C,H2,Sym,C4,32C (heat stress),1,9,edu,day_9
Plate 6_C4_Sym_32C,Plate 6,H2-Sym-32C,H2,Sym,C4,32C (heat stress),1,10,edu,day_10
Plate 6_C4_Sym_32C,Plate 6,H2-Sym-32C,H2,Sym,C4,32C (heat stress),1,11,edu,day_11
Plate 6_C4_Sym_32C,Plate 6,H2-Sym-32C,H2,Sym,C4,32C (heat stress),1,13,edu,day_13
Plate 6_C4_Sym_32C,Plate 6,H2-Sym-32C,H2,Sym,C4,32C (heat stress),1,14,edu,day_14
Plate 6_C4_Sym_32C,Plate 6,H2-Sym-32C,H2,Sym,C4,32C (heat stress),1,21,edu,day_21
Plate 6_C5_Sym_32C,Plate 6,H2-Sym-32C,H2,Sym,C5,32C (heat stress),1,0,0,day_0
Plate 6_C5_Sym_32C,Plate 6,H2-Sym-32C,H2,Sym,C5,32C (heat stress),1,3,0,day_3
Plate 6_C5_Sym_32C,Plate 6,H2-Sym-32C,H2,Sym,C5,32C (heat stress),1,4,0,day_4
Plate 6_C5_Sym_32C,Plate 6,H2-Sym-32C,H2,Sym,C5,32C (heat stress),1,5,0,day_5
Plate 6_C5_Sym_32C,Plate 6,H2-Sym-32C,H2,Sym,C5,32C (heat stress),1,6,0,day_6
Plate 6_C5_Sym_32C,Plate 6,H2-Sym-32C,H2,Sym,C5,32C (heat stress),1,7,0,day_7
Plate 6_C5_Sym_32C,Plate 6,H2-Sym-32C,H2,Sym,C5,32C (heat stress),1,8,edu,day_8
Plate 6_C5_Sym_32C,Plate 6,H2-Sym-32C,H2,Sym,C5,32C (heat stress),1,9,edu,day_9
Plate 6_C5_Sym_32C,Plate 6,H2-Sym-32C,H2,Sym,C5,32C (heat stress),1,10,edu,day_10
Plate 6_C5_Sym_32C,Plate 6,H2-Sym-32C,H2,Sym,C5,32C (heat stress),1,11,edu,day_11
Plate 6_C5_Sym_32C,Plate 6,H2-Sym-32C,H2,Sym,C5,32C (heat stress),1,13,edu,day_13
Plate 6_C5_Sym_32C,Plate 6,H2-Sym-32C,H2,Sym,C5,32C (heat stress),1,14,edu,day_14
Plate 6_C5_Sym_32C,Plate 6,H2-Sym-32C,H2,Sym,C5,32C (heat stress),1,21,edu,day_21
Plate 6_C6_Sym_32C,Plate 6,H2-Sym-32C,H2,Sym,C6,32C (heat stress),1,0,0,day_0
Plate 6_C6_Sym_32C,Plate 6,H2-Sym-32C,H2,Sym,C6,32C (heat stress),1,3,na,day_3
Plate 6_C6_Sym_32C,Plate 6,H2-Sym-32C,H2,Sym,C6,32C (heat stress),1,4,na,day_4
Plate 6_C6_Sym_32C,Plate 6,H2-Sym-32C,H2,Sym,C6,32C (heat stress),1,5,na,day_5
Plate 6_C6_Sym_32C,Plate 6,H2-Sym-32C,H2,Sym,C6,32C (heat stress),1,6,na,day_6
Plate 6_C6_Sym_32C,Plate 6,H2-Sym-32C,H2,Sym,C6,32C (heat stress),1,7,na,day_7
Plate 6_C6_Sym_32C,Plate 6,H2-Sym-32C,H2,Sym,C6,32C (heat stress),1,8,na,day_8
Plate 6_C6_Sym_32C,Plate 6,H2-Sym-32C,H2,Sym,C6,32C (heat stress),1,9,na,day_9
Plate 6_C6_Sym_32C,Plate 6,H2-Sym-32C,H2,Sym,C6,32C (heat stress),1,10,na,day_10
Plate 6_C6_Sym_32C,Plate 6,H2-Sym-32C,H2,Sym,C6,32C (heat stress),1,11,na,day_11
Plate 6_C6_Sym_32C,Plate 6,H2-Sym-32C,H2,Sym,C6,32C (heat stress),1,13,na,day_13
Plate 6_C6_Sym_32C,Plate 6,H2-Sym-32C,H2,Sym,C6,32C (heat stress),1,14,na,day_14
Plate 6_C6_Sym_32C,Plate 6,H2-Sym-32C,H2,Sym,C6,32C (heat stress),1,21,na,day_21
Plate 6_D1_Sym_32C,Plate 6,H2-Sym-32C,H2,Sym,D1,32C (heat stress),1,0,0,day_0
Plate 6_D1_Sym_32C,Plate 6,H2-Sym-32C,H2,Sym,D1,32C (heat stress),1,3,0,day_3
Plate 6_D1_Sym_32C,Plate 6,H2-Sym-32C,H2,Sym,D1,32C (heat stress),1,4,0,day_4
Plate 6_D1_Sym_32C,Plate 6,H2-Sym-32C,H2,Sym,D1,32C (heat stress),1,5,0,day_5
Plate 6_D1_Sym_32C,Plate 6,H2-Sym-32C,H2,Sym,D1,32C (heat stress),1,6,0,day_6
Plate 6_D1_Sym_32C,Plate 6,H2-Sym-32C,H2,Sym,D1,32C (heat stress),1,7,0,day_7
Plate 6_D1_Sym_32C,Plate 6,H2-Sym-32C,H2,Sym,D1,32C (heat stress),1,8,0,day_8
Plate 6_D1_Sym_32C,Plate 6,H2-Sym-32C,H2,Sym,D1,32C (heat stress),1,9,0,day_9
Plate 6_D1_Sym_32C,Plate 6,H2-Sym-32C,H2,Sym,D1,32C (heat stress),1,10,0,day_10
Plate 6_D1_Sym_32C,Plate 6,H2-Sym-32C,H2,Sym,D1,32C (heat stress),1,11,0,day_11
Plate 6_D1_Sym_32C,Plate 6,H2-Sym-32C,H2,Sym,D1,32C (heat stress),1,13,0,day_13
Plate 6_D1_Sym_32C,Plate 6,H2-Sym-32C,H2,Sym,D1,32C (heat stress),1,14,na,day_14
Plate 6_D1_Sym_32C,Plate 6,H2-Sym-32C,H2,Sym,D1,32C (heat stress),1,21,na,day_21
Plate 6_D2_Sym_32C,Plate 6,H2-Sym-32C,H2,Sym,D2,32C (heat stress),1,0,0,day_0
Plate 6_D2_Sym_32C,Plate 6,H2-Sym-32C,H2,Sym,D2,32C (heat stress),1,3,0,day_3
Plate 6_D2_Sym_32C,Plate 6,H2-Sym-32C,H2,Sym,D2,32C (heat stress),1,4,0,day_4
Plate 6_D2_Sym_32C,Plate 6,H2-Sym-32C,H2,Sym,D2,32C (heat stress),1,5,0,day_5
Plate 6_D2_Sym_32C,Plate 6,H2-Sym-32C,H2,Sym,D2,32C (heat stress),1,6,0,day_6
Plate 6_D2_Sym_32C,Plate 6,H2-Sym-32C,H2,Sym,D2,32C (heat stress),1,7,0,day_7
Plate 6_D2_Sym_32C,Plate 6,H2-Sym-32C,H2,Sym,D2,32C (heat stress),1,8,0,day_8
Plate 6_D2_Sym_32C,Plate 6,H2-Sym-32C,H2,Sym,D2,32C (heat stress),1,9,0,day_9
Plate 6_D2_Sym_32C,Plate 6,H2-Sym-32C,H2,Sym,D2,32C (heat stress),1,10,0,day_10
Plate 6_D2_Sym_32C,Plate 6,H2-Sym-32C,H2,Sym,D2,32C (heat stress),1,11,0,day_11
Plate 6_D2_Sym_32C,Plate 6,H2-Sym-32C,H2,Sym,D2,32C (heat stress),1,13,0,day_13
Plate 6_D2_Sym_32C,Plate 6,H2-Sym-32C,H2,Sym,D2,32C (heat stress),1,14,na,day_14
Plate 6_D2_Sym_32C,Plate 6,H2-Sym-32C,H2,Sym,D2,32C (heat stress),1,21,na,day_21
Plate 6_D3_Sym_32C,Plate 6,H2-Sym-32C,H2,Sym,D3,32C (heat stress),1,0,0,day_0
Plate 6_D3_Sym_32C,Plate 6,H2-Sym-32C,H2,Sym,D3,32C (heat stress),1,3,0,day_3
Plate 6_D3_Sym_32C,Plate 6,H2-Sym-32C,H2,Sym,D3,32C (heat stress),1,4,0,day_4
Plate 6_D3_Sym_32C,Plate 6,H2-Sym-32C,H2,Sym,D3,32C (heat stress),1,5,0,day_5
Plate 6_D3_Sym_32C,Plate 6,H2-Sym-32C,H2,Sym,D3,32C (heat stress),1,6,0,day_6
Plate 6_D3_Sym_32C,Plate 6,H2-Sym-32C,H2,Sym,D3,32C (heat stress),1,7,0,day_7
Plate 6_D3_Sym_32C,Plate 6,H2-Sym-32C,H2,Sym,D3,32C (heat stress),1,8,0,day_8
Plate 6_D3_Sym_32C,Plate 6,H2-Sym-32C,H2,Sym,D3,32C (heat stress),1,9,0,day_9
Plate 6_D3_Sym_32C,Plate 6,H2-Sym-32C,H2,Sym,D3,32C (heat stress),1,10,0,day_10
Plate 6_D3_Sym_32C,Plate 6,H2-Sym-32C,H2,Sym,D3,32C (heat stress),1,11,0,day_11
Plate 6_D3_Sym_32C,Plate 6,H2-Sym-32C,H2,Sym,D3,32C (heat stress),1,13,0,day_13
Plate 6_D3_Sym_32C,Plate 6,H2-Sym-32C,H2,Sym,D3,32C (heat stress),1,14,0,day_14
Plate 6_D3_Sym_32C,Plate 6,H2-Sym-32C,H2,Sym,D3,32C (heat stress),1,21,0,day_21
Plate 6_D3_Sym_32C,Plate 6,H2-Sym-32C,H2,Sym,D3,32C (heat stress),2,0,0,day_0
Plate 6_D3_Sym_32C,Plate 6,H2-Sym-32C,H2,Sym,D3,32C (heat stress),2,3,0,day_3
Plate 6_D3_Sym_32C,Plate 6,H2-Sym-32C,H2,Sym,D3,32C (heat stress),2,4,0,day_4
Plate 6_D3_Sym_32C,Plate 6,H2-Sym-32C,H2,Sym,D3,32C (heat stress),2,5,na,day_5
Plate 6_D3_Sym_32C,Plate 6,H2-Sym-32C,H2,Sym,D3,32C (heat stress),2,6,na,day_6
Plate 6_D3_Sym_32C,Plate 6,H2-Sym-32C,H2,Sym,D3,32C (heat stress),2,7,na,day_7
Plate 6_D3_Sym_32C,Plate 6,H2-Sym-32C,H2,Sym,D3,32C (heat stress),2,8,na,day_8
Plate 6_D3_Sym_32C,Plate 6,H2-Sym-32C,H2,Sym,D3,32C (heat stress),2,9,na,day_9
Plate 6_D3_Sym_32C,Plate 6,H2-Sym-32C,H2,Sym,D3,32C (heat stress),2,10,na,day_10
Plate 6_D3_Sym_32C,Plate 6,H2-Sym-32C,H2,Sym,D3,32C (heat stress),2,11,na,day_11
Plate 6_D3_Sym_32C,Plate 6,H2-Sym-32C,H2,Sym,D3,32C (heat stress),2,13,na,day_13
Plate 6_D3_Sym_32C,Plate 6,H2-Sym-32C,H2,Sym,D3,32C (heat stress),2,14,na,day_14
Plate 6_D3_Sym_32C,Plate 6,H2-Sym-32C,H2,Sym,D3,32C (heat stress),2,21,na,day_21
Plate 6_D4_Sym_32C,Plate 6,H2-Sym-32C,H2,Sym,D4,32C (heat stress),1,0,0,day_0
Plate 6_D4_Sym_32C,Plate 6,H2-Sym-32C,H2,Sym,D4,32C (heat stress),1,3,0,day_3
Plate 6_D4_Sym_32C,Plate 6,H2-Sym-32C,H2,Sym,D4,32C (heat stress),1,4,0,day_4
Plate 6_D4_Sym_32C,Plate 6,H2-Sym-32C,H2,Sym,D4,32C (heat stress),1,5,0,day_5
Plate 6_D4_Sym_32C,Plate 6,H2-Sym-32C,H2,Sym,D4,32C (heat stress),1,6,0,day_6
Plate 6_D4_Sym_32C,Plate 6,H2-Sym-32C,H2,Sym,D4,32C (heat stress),1,7,0,day_7
Plate 6_D4_Sym_32C,Plate 6,H2-Sym-32C,H2,Sym,D4,32C (heat stress),1,8,0,day_8
Plate 6_D4_Sym_32C,Plate 6,H2-Sym-32C,H2,Sym,D4,32C (heat stress),1,9,0,day_9
Plate 6_D4_Sym_32C,Plate 6,H2-Sym-32C,H2,Sym,D4,32C (heat stress),1,10,0,day_10
Plate 6_D4_Sym_32C,Plate 6,H2-Sym-32C,H2,Sym,D4,32C (heat stress),1,11,0,day_11
Plate 6_D4_Sym_32C,Plate 6,H2-Sym-32C,H2,Sym,D4,32C (heat stress),1,13,0,day_13
Plate 6_D4_Sym_32C,Plate 6,H2-Sym-32C,H2,Sym,D4,32C (heat stress),1,14,na,day_14
Plate 6_D4_Sym_32C,Plate 6,H2-Sym-32C,H2,Sym,D4,32C (heat stress),1,21,na,day_21
Plate 6_D5_Sym_32C,Plate 6,H2-Sym-32C,H2,Sym,D5,32C (heat stress),1,0,0,day_0
Plate 6_D5_Sym_32C,Plate 6,H2-Sym-32C,H2,Sym,D5,32C (heat stress),1,3,0,day_3
Plate 6_D5_Sym_32C,Plate 6,H2-Sym-32C,H2,Sym,D5,32C (heat stress),1,4,0,day_4
Plate 6_D5_Sym_32C,Plate 6,H2-Sym-32C,H2,Sym,D5,32C (heat stress),1,5,2,day_5
Plate 6_D5_Sym_32C,Plate 6,H2-Sym-32C,H2,Sym,D5,32C (heat stress),1,6,9,day_6
Plate 6_D5_Sym_32C,Plate 6,H2-Sym-32C,H2,Sym,D5,32C (heat stress),1,7,11,day_7
Plate 6_D5_Sym_32C,Plate 6,H2-Sym-32C,H2,Sym,D5,32C (heat stress),1,8,11,day_8
Plate 6_D5_Sym_32C,Plate 6,H2-Sym-32C,H2,Sym,D5,32C (heat stress),1,9,11,day_9
Plate 6_D5_Sym_32C,Plate 6,H2-Sym-32C,H2,Sym,D5,32C (heat stress),1,10,11,day_10
Plate 6_D5_Sym_32C,Plate 6,H2-Sym-32C,H2,Sym,D5,32C (heat stress),1,11,11,day_11
Plate 6_D5_Sym_32C,Plate 6,H2-Sym-32C,H2,Sym,D5,32C (heat stress),1,13,11,day_13
Plate 6_D5_Sym_32C,Plate 6,H2-Sym-32C,H2,Sym,D5,32C (heat stress),1,14,na,day_14
Plate 6_D5_Sym_32C,Plate 6,H2-Sym-32C,H2,Sym,D5,32C (heat stress),1,21,na,day_21
Plate 6_D6_Sym_32C,Plate 6,H2-Sym-32C,H2,Sym,D6,32C (heat stress),1,0,0,day_0
Plate 6_D6_Sym_32C,Plate 6,H2-Sym-32C,H2,Sym,D6,32C (heat stress),1,3,0,day_3
Plate 6_D6_Sym_32C,Plate 6,H2-Sym-32C,H2,Sym,D6,32C (heat stress),1,4,0,day_4
Plate 6_D6_Sym_32C,Plate 6,H2-Sym-32C,H2,Sym,D6,32C (heat stress),1,5,0,day_5
Plate 6_D6_Sym_32C,Plate 6,H2-Sym-32C,H2,Sym,D6,32C (heat stress),1,6,0,day_6
Plate 6_D6_Sym_32C,Plate 6,H2-Sym-32C,H2,Sym,D6,32C (heat stress),1,7,0,day_7
Plate 6_D6_Sym_32C,Plate 6,H2-Sym-32C,H2,Sym,D6,32C (heat stress),1,8,0,day_8
Plate 6_D6_Sym_32C,Plate 6,H2-Sym-32C,H2,Sym,D6,32C (heat stress),1,9,0,day_9
Plate 6_D6_Sym_32C,Plate 6,H2-Sym-32C,H2,Sym,D6,32C (heat stress),1,10,0,day_10
Plate 6_D6_Sym_32C,Plate 6,H2-Sym-32C,H2,Sym,D6,32C (heat stress),1,11,8,day_11
Plate 6_D6_Sym_32C,Plate 6,H2-Sym-32C,H2,Sym,D6,32C (heat stress),1,13,8,day_13
Plate 6_D6_Sym_32C,Plate 6,H2-Sym-32C,H2,Sym,D6,32C (heat stress),1,14,8,day_14
Plate 6_D6_Sym_32C,Plate 6,H2-Sym-32C,H2,Sym,D6,32C (heat stress),1,21,na,day_21
Plate 6_D6_Sym_32C,Plate 6,H2-Sym-32C,H2,Sym,D6,32C (heat stress),2,0,0,day_0
Plate 6_D6_Sym_32C,Plate 6,H2-Sym-32C,H2,Sym,D6,32C (heat stress),2,3,na,day_3
Plate 6_D6_Sym_32C,Plate 6,H2-Sym-32C,H2,Sym,D6,32C (heat stress),2,4,na,day_4
Plate 6_D6_Sym_32C,Plate 6,H2-Sym-32C,H2,Sym,D6,32C (heat stress),2,5,na,day_5
Plate 6_D6_Sym_32C,Plate 6,H2-Sym-32C,H2,Sym,D6,32C (heat stress),2,6,na,day_6
Plate 6_D6_Sym_32C,Plate 6,H2-Sym-32C,H2,Sym,D6,32C (heat stress),2,7,na,day_7
Plate 6_D6_Sym_32C,Plate 6,H2-Sym-32C,H2,Sym,D6,32C (heat stress),2,8,na,day_8
Plate 6_D6_Sym_32C,Plate 6,H2-Sym-32C,H2,Sym,D6,32C (heat stress),2,9,na,day_9
Plate 6_D6_Sym_32C,Plate 6,H2-Sym-32C,H2,Sym,D6,32C (heat stress),2,10,na,day_10
Plate 6_D6_Sym_32C,Plate 6,H2-Sym-32C,H2,Sym,D6,32C (heat stress),2,11,na,day_11
Plate 6_D6_Sym_32C,Plate 6,H2-Sym-32C,H2,Sym,D6,32C (heat stress),2,13,na,day_13
Plate 6_D6_Sym_32C,Plate 6,H2-Sym-32C,H2,Sym,D6,32C (heat stress),2,14,na,day_14
Plate 6_D6_Sym_32C,Plate 6,H2-Sym-32C,H2,Sym,D6,32C (heat stress),2,21,na,day_21
Plate 7_A1_Apo_25C,Plate 7,H2-Apo-25C,H2,Apo,A1,25C (ambient),1,0,0,day_0
Plate 7_A1_Apo_25C,Plate 7,H2-Apo-25C,H2,Apo,A1,25C (ambient),1,3,0,day_3
Plate 7_A1_Apo_25C,Plate 7,H2-Apo-25C,H2,Apo,A1,25C (ambient),1,4,0,day_4
Plate 7_A1_Apo_25C,Plate 7,H2-Apo-25C,H2,Apo,A1,25C (ambient),1,5,0,day_5
Plate 7_A1_Apo_25C,Plate 7,H2-Apo-25C,H2,Apo,A1,25C (ambient),1,6,0,day_6
Plate 7_A1_Apo_25C,Plate 7,H2-Apo-25C,H2,Apo,A1,25C (ambient),1,7,0,day_7
Plate 7_A1_Apo_25C,Plate 7,H2-Apo-25C,H2,Apo,A1,25C (ambient),1,8,0,day_8
Plate 7_A1_Apo_25C,Plate 7,H2-Apo-25C,H2,Apo,A1,25C (ambient),1,9,0,day_9
Plate 7_A1_Apo_25C,Plate 7,H2-Apo-25C,H2,Apo,A1,25C (ambient),1,10,0,day_10
Plate 7_A1_Apo_25C,Plate 7,H2-Apo-25C,H2,Apo,A1,25C (ambient),1,11,0,day_11
Plate 7_A1_Apo_25C,Plate 7,H2-Apo-25C,H2,Apo,A1,25C (ambient),1,13,0,day_13
Plate 7_A1_Apo_25C,Plate 7,H2-Apo-25C,H2,Apo,A1,25C (ambient),1,14,0,day_14
Plate 7_A1_Apo_25C,Plate 7,H2-Apo-25C,H2,Apo,A1,25C (ambient),1,21,0,day_21
Plate 7_A2_Apo_25C,Plate 7,H2-Apo-25C,H2,Apo,A2,25C (ambient),1,0,0,day_0
Plate 7_A2_Apo_25C,Plate 7,H2-Apo-25C,H2,Apo,A2,25C (ambient),1,3,0,day_3
Plate 7_A2_Apo_25C,Plate 7,H2-Apo-25C,H2,Apo,A2,25C (ambient),1,4,0,day_4
Plate 7_A2_Apo_25C,Plate 7,H2-Apo-25C,H2,Apo,A2,25C (ambient),1,5,0,day_5
Plate 7_A2_Apo_25C,Plate 7,H2-Apo-25C,H2,Apo,A2,25C (ambient),1,6,0,day_6
Plate 7_A2_Apo_25C,Plate 7,H2-Apo-25C,H2,Apo,A2,25C (ambient),1,7,3,day_7
Plate 7_A2_Apo_25C,Plate 7,H2-Apo-25C,H2,Apo,A2,25C (ambient),1,8,5,day_8
Plate 7_A2_Apo_25C,Plate 7,H2-Apo-25C,H2,Apo,A2,25C (ambient),1,9,5,day_9
Plate 7_A2_Apo_25C,Plate 7,H2-Apo-25C,H2,Apo,A2,25C (ambient),1,10,5,day_10
Plate 7_A2_Apo_25C,Plate 7,H2-Apo-25C,H2,Apo,A2,25C (ambient),1,11,5,day_11
Plate 7_A2_Apo_25C,Plate 7,H2-Apo-25C,H2,Apo,A2,25C (ambient),1,13,na,day_13
Plate 7_A2_Apo_25C,Plate 7,H2-Apo-25C,H2,Apo,A2,25C (ambient),1,14,na,day_14
Plate 7_A2_Apo_25C,Plate 7,H2-Apo-25C,H2,Apo,A2,25C (ambient),1,21,na,day_21
Plate 7_A3_Apo_25C,Plate 7,H2-Apo-25C,H2,Apo,A3,25C (ambient),1,0,0,day_0
Plate 7_A3_Apo_25C,Plate 7,H2-Apo-25C,H2,Apo,A3,25C (ambient),1,3,0,day_3
Plate 7_A3_Apo_25C,Plate 7,H2-Apo-25C,H2,Apo,A3,25C (ambient),1,4,0,day_4
Plate 7_A3_Apo_25C,Plate 7,H2-Apo-25C,H2,Apo,A3,25C (ambient),1,5,0,day_5
Plate 7_A3_Apo_25C,Plate 7,H2-Apo-25C,H2,Apo,A3,25C (ambient),1,6,0,day_6
Plate 7_A3_Apo_25C,Plate 7,H2-Apo-25C,H2,Apo,A3,25C (ambient),1,7,0,day_7
Plate 7_A3_Apo_25C,Plate 7,H2-Apo-25C,H2,Apo,A3,25C (ambient),1,8,0,day_8
Plate 7_A3_Apo_25C,Plate 7,H2-Apo-25C,H2,Apo,A3,25C (ambient),1,9,0,day_9
Plate 7_A3_Apo_25C,Plate 7,H2-Apo-25C,H2,Apo,A3,25C (ambient),1,10,3,day_10
Plate 7_A3_Apo_25C,Plate 7,H2-Apo-25C,H2,Apo,A3,25C (ambient),1,11,3,day_11
Plate 7_A3_Apo_25C,Plate 7,H2-Apo-25C,H2,Apo,A3,25C (ambient),1,13,3,day_13
Plate 7_A3_Apo_25C,Plate 7,H2-Apo-25C,H2,Apo,A3,25C (ambient),1,14,3,day_14
Plate 7_A3_Apo_25C,Plate 7,H2-Apo-25C,H2,Apo,A3,25C (ambient),1,21,3,day_21
Plate 7_A4_Apo_25C,Plate 7,H2-Apo-25C,H2,Apo,A4,25C (ambient),1,0,0,day_0
Plate 7_A4_Apo_25C,Plate 7,H2-Apo-25C,H2,Apo,A4,25C (ambient),1,3,0,day_3
Plate 7_A4_Apo_25C,Plate 7,H2-Apo-25C,H2,Apo,A4,25C (ambient),1,4,0,day_4
Plate 7_A4_Apo_25C,Plate 7,H2-Apo-25C,H2,Apo,A4,25C (ambient),1,5,0,day_5
Plate 7_A4_Apo_25C,Plate 7,H2-Apo-25C,H2,Apo,A4,25C (ambient),1,6,0,day_6
Plate 7_A4_Apo_25C,Plate 7,H2-Apo-25C,H2,Apo,A4,25C (ambient),1,7,0,day_7
Plate 7_A4_Apo_25C,Plate 7,H2-Apo-25C,H2,Apo,A4,25C (ambient),1,8,0,day_8
Plate 7_A4_Apo_25C,Plate 7,H2-Apo-25C,H2,Apo,A4,25C (ambient),1,9,0,day_9
Plate 7_A4_Apo_25C,Plate 7,H2-Apo-25C,H2,Apo,A4,25C (ambient),1,10,0,day_10
Plate 7_A4_Apo_25C,Plate 7,H2-Apo-25C,H2,Apo,A4,25C (ambient),1,11,0,day_11
Plate 7_A4_Apo_25C,Plate 7,H2-Apo-25C,H2,Apo,A4,25C (ambient),1,13,na,day_13
Plate 7_A4_Apo_25C,Plate 7,H2-Apo-25C,H2,Apo,A4,25C (ambient),1,14,na,day_14
Plate 7_A4_Apo_25C,Plate 7,H2-Apo-25C,H2,Apo,A4,25C (ambient),1,21,na,day_21
Plate 7_A5_Apo_25C,Plate 7,H2-Apo-25C,H2,Apo,A5,25C (ambient),1,0,0,day_0
Plate 7_A5_Apo_25C,Plate 7,H2-Apo-25C,H2,Apo,A5,25C (ambient),1,3,0,day_3
Plate 7_A5_Apo_25C,Plate 7,H2-Apo-25C,H2,Apo,A5,25C (ambient),1,4,0,day_4
Plate 7_A5_Apo_25C,Plate 7,H2-Apo-25C,H2,Apo,A5,25C (ambient),1,5,0,day_5
Plate 7_A5_Apo_25C,Plate 7,H2-Apo-25C,H2,Apo,A5,25C (ambient),1,6,0,day_6
Plate 7_A5_Apo_25C,Plate 7,H2-Apo-25C,H2,Apo,A5,25C (ambient),1,7,0,day_7
Plate 7_A5_Apo_25C,Plate 7,H2-Apo-25C,H2,Apo,A5,25C (ambient),1,8,0,day_8
Plate 7_A5_Apo_25C,Plate 7,H2-Apo-25C,H2,Apo,A5,25C (ambient),1,9,0,day_9
Plate 7_A5_Apo_25C,Plate 7,H2-Apo-25C,H2,Apo,A5,25C (ambient),1,10,0,day_10
Plate 7_A5_Apo_25C,Plate 7,H2-Apo-25C,H2,Apo,A5,25C (ambient),1,11,0,day_11
Plate 7_A5_Apo_25C,Plate 7,H2-Apo-25C,H2,Apo,A5,25C (ambient),1,13,0,day_13
Plate 7_A5_Apo_25C,Plate 7,H2-Apo-25C,H2,Apo,A5,25C (ambient),1,14,0,day_14
Plate 7_A5_Apo_25C,Plate 7,H2-Apo-25C,H2,Apo,A5,25C (ambient),1,21,0,day_21
Plate 7_A6_Apo_25C,Plate 7,H2-Apo-25C,H2,Apo,A6,25C (ambient),1,0,0,day_0
Plate 7_A6_Apo_25C,Plate 7,H2-Apo-25C,H2,Apo,A6,25C (ambient),1,3,0,day_3
Plate 7_A6_Apo_25C,Plate 7,H2-Apo-25C,H2,Apo,A6,25C (ambient),1,4,0,day_4
Plate 7_A6_Apo_25C,Plate 7,H2-Apo-25C,H2,Apo,A6,25C (ambient),1,5,0,day_5
Plate 7_A6_Apo_25C,Plate 7,H2-Apo-25C,H2,Apo,A6,25C (ambient),1,6,0,day_6
Plate 7_A6_Apo_25C,Plate 7,H2-Apo-25C,H2,Apo,A6,25C (ambient),1,7,0,day_7
Plate 7_A6_Apo_25C,Plate 7,H2-Apo-25C,H2,Apo,A6,25C (ambient),1,8,5,day_8
Plate 7_A6_Apo_25C,Plate 7,H2-Apo-25C,H2,Apo,A6,25C (ambient),1,9,5,day_9
Plate 7_A6_Apo_25C,Plate 7,H2-Apo-25C,H2,Apo,A6,25C (ambient),1,10,5,day_10
Plate 7_A6_Apo_25C,Plate 7,H2-Apo-25C,H2,Apo,A6,25C (ambient),1,11,na,day_11
Plate 7_A6_Apo_25C,Plate 7,H2-Apo-25C,H2,Apo,A6,25C (ambient),1,13,na,day_13
Plate 7_A6_Apo_25C,Plate 7,H2-Apo-25C,H2,Apo,A6,25C (ambient),1,14,na,day_14
Plate 7_A6_Apo_25C,Plate 7,H2-Apo-25C,H2,Apo,A6,25C (ambient),1,21,na,day_21
Plate 7_B1_Apo_25C,Plate 7,H2-Apo-25C,H2,Apo,B1,25C (ambient),1,0,0,day_0
Plate 7_B1_Apo_25C,Plate 7,H2-Apo-25C,H2,Apo,B1,25C (ambient),1,3,0,day_3
Plate 7_B1_Apo_25C,Plate 7,H2-Apo-25C,H2,Apo,B1,25C (ambient),1,4,0,day_4
Plate 7_B1_Apo_25C,Plate 7,H2-Apo-25C,H2,Apo,B1,25C (ambient),1,5,0,day_5
Plate 7_B1_Apo_25C,Plate 7,H2-Apo-25C,H2,Apo,B1,25C (ambient),1,6,3,day_6
Plate 7_B1_Apo_25C,Plate 7,H2-Apo-25C,H2,Apo,B1,25C (ambient),1,7,3,day_7
Plate 7_B1_Apo_25C,Plate 7,H2-Apo-25C,H2,Apo,B1,25C (ambient),1,8,6,day_8
Plate 7_B1_Apo_25C,Plate 7,H2-Apo-25C,H2,Apo,B1,25C (ambient),1,9,6,day_9
Plate 7_B1_Apo_25C,Plate 7,H2-Apo-25C,H2,Apo,B1,25C (ambient),1,10,?,day_10
Plate 7_B1_Apo_25C,Plate 7,H2-Apo-25C,H2,Apo,B1,25C (ambient),1,11,na,day_11
Plate 7_B1_Apo_25C,Plate 7,H2-Apo-25C,H2,Apo,B1,25C (ambient),1,13,na,day_13
Plate 7_B1_Apo_25C,Plate 7,H2-Apo-25C,H2,Apo,B1,25C (ambient),1,14,na,day_14
Plate 7_B1_Apo_25C,Plate 7,H2-Apo-25C,H2,Apo,B1,25C (ambient),1,21,na,day_21
Plate 7_B1_Apo_25C,Plate 7,H2-Apo-25C,H2,Apo,B1,25C (ambient),2,0,0,day_0
Plate 7_B1_Apo_25C,Plate 7,H2-Apo-25C,H2,Apo,B1,25C (ambient),2,3,0,day_3
Plate 7_B1_Apo_25C,Plate 7,H2-Apo-25C,H2,Apo,B1,25C (ambient),2,4,0,day_4
Plate 7_B1_Apo_25C,Plate 7,H2-Apo-25C,H2,Apo,B1,25C (ambient),2,5,na,day_5
Plate 7_B1_Apo_25C,Plate 7,H2-Apo-25C,H2,Apo,B1,25C (ambient),2,6,na,day_6
Plate 7_B1_Apo_25C,Plate 7,H2-Apo-25C,H2,Apo,B1,25C (ambient),2,7,na,day_7
Plate 7_B1_Apo_25C,Plate 7,H2-Apo-25C,H2,Apo,B1,25C (ambient),2,8,na,day_8
Plate 7_B1_Apo_25C,Plate 7,H2-Apo-25C,H2,Apo,B1,25C (ambient),2,9,na,day_9
Plate 7_B1_Apo_25C,Plate 7,H2-Apo-25C,H2,Apo,B1,25C (ambient),2,10,na,day_10
Plate 7_B1_Apo_25C,Plate 7,H2-Apo-25C,H2,Apo,B1,25C (ambient),2,11,na,day_11
Plate 7_B1_Apo_25C,Plate 7,H2-Apo-25C,H2,Apo,B1,25C (ambient),2,13,na,day_13
Plate 7_B1_Apo_25C,Plate 7,H2-Apo-25C,H2,Apo,B1,25C (ambient),2,14,na,day_14
Plate 7_B1_Apo_25C,Plate 7,H2-Apo-25C,H2,Apo,B1,25C (ambient),2,21,na,day_21
Plate 7_B2_Apo_25C,Plate 7,H2-Apo-25C,H2,Apo,B2,25C (ambient),1,0,0,day_0
Plate 7_B2_Apo_25C,Plate 7,H2-Apo-25C,H2,Apo,B2,25C (ambient),1,3,0,day_3
Plate 7_B2_Apo_25C,Plate 7,H2-Apo-25C,H2,Apo,B2,25C (ambient),1,4,0,day_4
Plate 7_B2_Apo_25C,Plate 7,H2-Apo-25C,H2,Apo,B2,25C (ambient),1,5,0,day_5
Plate 7_B2_Apo_25C,Plate 7,H2-Apo-25C,H2,Apo,B2,25C (ambient),1,6,0,day_6
Plate 7_B2_Apo_25C,Plate 7,H2-Apo-25C,H2,Apo,B2,25C (ambient),1,7,0,day_7
Plate 7_B2_Apo_25C,Plate 7,H2-Apo-25C,H2,Apo,B2,25C (ambient),1,8,0,day_8
Plate 7_B2_Apo_25C,Plate 7,H2-Apo-25C,H2,Apo,B2,25C (ambient),1,9,0,day_9
Plate 7_B2_Apo_25C,Plate 7,H2-Apo-25C,H2,Apo,B2,25C (ambient),1,10,0,day_10
Plate 7_B2_Apo_25C,Plate 7,H2-Apo-25C,H2,Apo,B2,25C (ambient),1,11,0,day_11
Plate 7_B2_Apo_25C,Plate 7,H2-Apo-25C,H2,Apo,B2,25C (ambient),1,13,0,day_13
Plate 7_B2_Apo_25C,Plate 7,H2-Apo-25C,H2,Apo,B2,25C (ambient),1,14,0,day_14
Plate 7_B2_Apo_25C,Plate 7,H2-Apo-25C,H2,Apo,B2,25C (ambient),1,21,0,day_21
Plate 7_B3_Apo_25C,Plate 7,H2-Apo-25C,H2,Apo,B3,25C (ambient),1,0,0,day_0
Plate 7_B3_Apo_25C,Plate 7,H2-Apo-25C,H2,Apo,B3,25C (ambient),1,3,0,day_3
Plate 7_B3_Apo_25C,Plate 7,H2-Apo-25C,H2,Apo,B3,25C (ambient),1,4,0,day_4
Plate 7_B3_Apo_25C,Plate 7,H2-Apo-25C,H2,Apo,B3,25C (ambient),1,5,0,day_5
Plate 7_B3_Apo_25C,Plate 7,H2-Apo-25C,H2,Apo,B3,25C (ambient),1,6,0,day_6
Plate 7_B3_Apo_25C,Plate 7,H2-Apo-25C,H2,Apo,B3,25C (ambient),1,7,11,day_7
Plate 7_B3_Apo_25C,Plate 7,H2-Apo-25C,H2,Apo,B3,25C (ambient),1,8,11,day_8
Plate 7_B3_Apo_25C,Plate 7,H2-Apo-25C,H2,Apo,B3,25C (ambient),1,9,11,day_9
Plate 7_B3_Apo_25C,Plate 7,H2-Apo-25C,H2,Apo,B3,25C (ambient),1,10,na,day_10
Plate 7_B3_Apo_25C,Plate 7,H2-Apo-25C,H2,Apo,B3,25C (ambient),1,11,na,day_11
Plate 7_B3_Apo_25C,Plate 7,H2-Apo-25C,H2,Apo,B3,25C (ambient),1,13,na,day_13
Plate 7_B3_Apo_25C,Plate 7,H2-Apo-25C,H2,Apo,B3,25C (ambient),1,14,na,day_14
Plate 7_B3_Apo_25C,Plate 7,H2-Apo-25C,H2,Apo,B3,25C (ambient),1,21,na,day_21
Plate 7_B4_Apo_25C,Plate 7,H2-Apo-25C,H2,Apo,B4,25C (ambient),1,0,0,day_0
Plate 7_B4_Apo_25C,Plate 7,H2-Apo-25C,H2,Apo,B4,25C (ambient),1,3,0,day_3
Plate 7_B4_Apo_25C,Plate 7,H2-Apo-25C,H2,Apo,B4,25C (ambient),1,4,0,day_4
Plate 7_B4_Apo_25C,Plate 7,H2-Apo-25C,H2,Apo,B4,25C (ambient),1,5,0,day_5
Plate 7_B4_Apo_25C,Plate 7,H2-Apo-25C,H2,Apo,B4,25C (ambient),1,6,0,day_6
Plate 7_B4_Apo_25C,Plate 7,H2-Apo-25C,H2,Apo,B4,25C (ambient),1,7,0,day_7
Plate 7_B4_Apo_25C,Plate 7,H2-Apo-25C,H2,Apo,B4,25C (ambient),1,8,1,day_8
Plate 7_B4_Apo_25C,Plate 7,H2-Apo-25C,H2,Apo,B4,25C (ambient),1,9,1,day_9
Plate 7_B4_Apo_25C,Plate 7,H2-Apo-25C,H2,Apo,B4,25C (ambient),1,10,2,day_10
Plate 7_B4_Apo_25C,Plate 7,H2-Apo-25C,H2,Apo,B4,25C (ambient),1,11,2,day_11
Plate 7_B4_Apo_25C,Plate 7,H2-Apo-25C,H2,Apo,B4,25C (ambient),1,13,2,day_13
Plate 7_B4_Apo_25C,Plate 7,H2-Apo-25C,H2,Apo,B4,25C (ambient),1,14,2,day_14
Plate 7_B4_Apo_25C,Plate 7,H2-Apo-25C,H2,Apo,B4,25C (ambient),1,21,2,day_21
Plate 7_B5_Apo_25C,Plate 7,H2-Apo-25C,H2,Apo,B5,25C (ambient),1,0,0,day_0
Plate 7_B5_Apo_25C,Plate 7,H2-Apo-25C,H2,Apo,B5,25C (ambient),1,3,0,day_3
Plate 7_B5_Apo_25C,Plate 7,H2-Apo-25C,H2,Apo,B5,25C (ambient),1,4,0,day_4
Plate 7_B5_Apo_25C,Plate 7,H2-Apo-25C,H2,Apo,B5,25C (ambient),1,5,0,day_5
Plate 7_B5_Apo_25C,Plate 7,H2-Apo-25C,H2,Apo,B5,25C (ambient),1,6,4,day_6
Plate 7_B5_Apo_25C,Plate 7,H2-Apo-25C,H2,Apo,B5,25C (ambient),1,7,4,day_7
Plate 7_B5_Apo_25C,Plate 7,H2-Apo-25C,H2,Apo,B5,25C (ambient),1,8,4,day_8
Plate 7_B5_Apo_25C,Plate 7,H2-Apo-25C,H2,Apo,B5,25C (ambient),1,9,4,day_9
Plate 7_B5_Apo_25C,Plate 7,H2-Apo-25C,H2,Apo,B5,25C (ambient),1,10,4,day_10
Plate 7_B5_Apo_25C,Plate 7,H2-Apo-25C,H2,Apo,B5,25C (ambient),1,11,4,day_11
Plate 7_B5_Apo_25C,Plate 7,H2-Apo-25C,H2,Apo,B5,25C (ambient),1,13,4,day_13
Plate 7_B5_Apo_25C,Plate 7,H2-Apo-25C,H2,Apo,B5,25C (ambient),1,14,4,day_14
Plate 7_B5_Apo_25C,Plate 7,H2-Apo-25C,H2,Apo,B5,25C (ambient),1,21,4,day_21
Plate 7_B6_Apo_25C,Plate 7,H2-Apo-25C,H2,Apo,B6,25C (ambient),1,0,0,day_0
Plate 7_B6_Apo_25C,Plate 7,H2-Apo-25C,H2,Apo,B6,25C (ambient),1,3,0,day_3
Plate 7_B6_Apo_25C,Plate 7,H2-Apo-25C,H2,Apo,B6,25C (ambient),1,4,0,day_4
Plate 7_B6_Apo_25C,Plate 7,H2-Apo-25C,H2,Apo,B6,25C (ambient),1,5,0,day_5
Plate 7_B6_Apo_25C,Plate 7,H2-Apo-25C,H2,Apo,B6,25C (ambient),1,6,0,day_6
Plate 7_B6_Apo_25C,Plate 7,H2-Apo-25C,H2,Apo,B6,25C (ambient),1,7,1,day_7
Plate 7_B6_Apo_25C,Plate 7,H2-Apo-25C,H2,Apo,B6,25C (ambient),1,8,12,day_8
Plate 7_B6_Apo_25C,Plate 7,H2-Apo-25C,H2,Apo,B6,25C (ambient),1,9,12,day_9
Plate 7_B6_Apo_25C,Plate 7,H2-Apo-25C,H2,Apo,B6,25C (ambient),1,10,12,day_10
Plate 7_B6_Apo_25C,Plate 7,H2-Apo-25C,H2,Apo,B6,25C (ambient),1,11,12,day_11
Plate 7_B6_Apo_25C,Plate 7,H2-Apo-25C,H2,Apo,B6,25C (ambient),1,13,12,day_13
Plate 7_B6_Apo_25C,Plate 7,H2-Apo-25C,H2,Apo,B6,25C (ambient),1,14,12,day_14
Plate 7_B6_Apo_25C,Plate 7,H2-Apo-25C,H2,Apo,B6,25C (ambient),1,21,12,day_21
Plate 7_C1_Apo_25C,Plate 7,H2-Apo-25C,H2,Apo,C1,25C (ambient),1,0,0,day_0
Plate 7_C1_Apo_25C,Plate 7,H2-Apo-25C,H2,Apo,C1,25C (ambient),1,3,0,day_3
Plate 7_C1_Apo_25C,Plate 7,H2-Apo-25C,H2,Apo,C1,25C (ambient),1,4,0,day_4
Plate 7_C1_Apo_25C,Plate 7,H2-Apo-25C,H2,Apo,C1,25C (ambient),1,5,0,day_5
Plate 7_C1_Apo_25C,Plate 7,H2-Apo-25C,H2,Apo,C1,25C (ambient),1,6,0,day_6
Plate 7_C1_Apo_25C,Plate 7,H2-Apo-25C,H2,Apo,C1,25C (ambient),1,7,0,day_7
Plate 7_C1_Apo_25C,Plate 7,H2-Apo-25C,H2,Apo,C1,25C (ambient),1,8,5,day_8
Plate 7_C1_Apo_25C,Plate 7,H2-Apo-25C,H2,Apo,C1,25C (ambient),1,9,5,day_9
Plate 7_C1_Apo_25C,Plate 7,H2-Apo-25C,H2,Apo,C1,25C (ambient),1,10,5,day_10
Plate 7_C1_Apo_25C,Plate 7,H2-Apo-25C,H2,Apo,C1,25C (ambient),1,11,5,day_11
Plate 7_C1_Apo_25C,Plate 7,H2-Apo-25C,H2,Apo,C1,25C (ambient),1,13,na,day_13
Plate 7_C1_Apo_25C,Plate 7,H2-Apo-25C,H2,Apo,C1,25C (ambient),1,14,na,day_14
Plate 7_C1_Apo_25C,Plate 7,H2-Apo-25C,H2,Apo,C1,25C (ambient),1,21,na,day_21
Plate 7_C2_Apo_25C,Plate 7,H2-Apo-25C,H2,Apo,C2,25C (ambient),1,0,0,day_0
Plate 7_C2_Apo_25C,Plate 7,H2-Apo-25C,H2,Apo,C2,25C (ambient),1,3,0,day_3
Plate 7_C2_Apo_25C,Plate 7,H2-Apo-25C,H2,Apo,C2,25C (ambient),1,4,0,day_4
Plate 7_C2_Apo_25C,Plate 7,H2-Apo-25C,H2,Apo,C2,25C (ambient),1,5,0,day_5
Plate 7_C2_Apo_25C,Plate 7,H2-Apo-25C,H2,Apo,C2,25C (ambient),1,6,0,day_6
Plate 7_C2_Apo_25C,Plate 7,H2-Apo-25C,H2,Apo,C2,25C (ambient),1,7,0,day_7
Plate 7_C2_Apo_25C,Plate 7,H2-Apo-25C,H2,Apo,C2,25C (ambient),1,8,9,day_8
Plate 7_C2_Apo_25C,Plate 7,H2-Apo-25C,H2,Apo,C2,25C (ambient),1,9,9,day_9
Plate 7_C2_Apo_25C,Plate 7,H2-Apo-25C,H2,Apo,C2,25C (ambient),1,10,9,day_10
Plate 7_C2_Apo_25C,Plate 7,H2-Apo-25C,H2,Apo,C2,25C (ambient),1,11,9,day_11
Plate 7_C2_Apo_25C,Plate 7,H2-Apo-25C,H2,Apo,C2,25C (ambient),1,13,na,day_13
Plate 7_C2_Apo_25C,Plate 7,H2-Apo-25C,H2,Apo,C2,25C (ambient),1,14,na,day_14
Plate 7_C2_Apo_25C,Plate 7,H2-Apo-25C,H2,Apo,C2,25C (ambient),1,21,na,day_21
Plate 7_C3_Apo_25C,Plate 7,H2-Apo-25C,H2,Apo,C3,25C (ambient),1,0,0,day_0
Plate 7_C3_Apo_25C,Plate 7,H2-Apo-25C,H2,Apo,C3,25C (ambient),1,3,0,day_3
Plate 7_C3_Apo_25C,Plate 7,H2-Apo-25C,H2,Apo,C3,25C (ambient),1,4,0,day_4
Plate 7_C3_Apo_25C,Plate 7,H2-Apo-25C,H2,Apo,C3,25C (ambient),1,5,0,day_5
Plate 7_C3_Apo_25C,Plate 7,H2-Apo-25C,H2,Apo,C3,25C (ambient),1,6,0,day_6
Plate 7_C3_Apo_25C,Plate 7,H2-Apo-25C,H2,Apo,C3,25C (ambient),1,7,0,day_7
Plate 7_C3_Apo_25C,Plate 7,H2-Apo-25C,H2,Apo,C3,25C (ambient),1,8,0,day_8
Plate 7_C3_Apo_25C,Plate 7,H2-Apo-25C,H2,Apo,C3,25C (ambient),1,9,0,day_9
Plate 7_C3_Apo_25C,Plate 7,H2-Apo-25C,H2,Apo,C3,25C (ambient),1,10,0,day_10
Plate 7_C3_Apo_25C,Plate 7,H2-Apo-25C,H2,Apo,C3,25C (ambient),1,11,0,day_11
Plate 7_C3_Apo_25C,Plate 7,H2-Apo-25C,H2,Apo,C3,25C (ambient),1,13,0,day_13
Plate 7_C3_Apo_25C,Plate 7,H2-Apo-25C,H2,Apo,C3,25C (ambient),1,14,0,day_14
Plate 7_C3_Apo_25C,Plate 7,H2-Apo-25C,H2,Apo,C3,25C (ambient),1,21,0,day_21
Plate 7_C3_Apo_25C,Plate 7,H2-Apo-25C,H2,Apo,C3,25C (ambient),2,0,na,day_0
Plate 7_C3_Apo_25C,Plate 7,H2-Apo-25C,H2,Apo,C3,25C (ambient),2,3,na,day_3
Plate 7_C3_Apo_25C,Plate 7,H2-Apo-25C,H2,Apo,C3,25C (ambient),2,4,na,day_4
Plate 7_C3_Apo_25C,Plate 7,H2-Apo-25C,H2,Apo,C3,25C (ambient),2,5,na,day_5
Plate 7_C3_Apo_25C,Plate 7,H2-Apo-25C,H2,Apo,C3,25C (ambient),2,6,na,day_6
Plate 7_C3_Apo_25C,Plate 7,H2-Apo-25C,H2,Apo,C3,25C (ambient),2,7,na,day_7
Plate 7_C3_Apo_25C,Plate 7,H2-Apo-25C,H2,Apo,C3,25C (ambient),2,8,na,day_8
Plate 7_C3_Apo_25C,Plate 7,H2-Apo-25C,H2,Apo,C3,25C (ambient),2,9,na,day_9
Plate 7_C3_Apo_25C,Plate 7,H2-Apo-25C,H2,Apo,C3,25C (ambient),2,10,na,day_10
Plate 7_C3_Apo_25C,Plate 7,H2-Apo-25C,H2,Apo,C3,25C (ambient),2,11,na,day_11
Plate 7_C3_Apo_25C,Plate 7,H2-Apo-25C,H2,Apo,C3,25C (ambient),2,13,na,day_13
Plate 7_C3_Apo_25C,Plate 7,H2-Apo-25C,H2,Apo,C3,25C (ambient),2,14,na,day_14
Plate 7_C3_Apo_25C,Plate 7,H2-Apo-25C,H2,Apo,C3,25C (ambient),2,21,na,day_21
Plate 7_C4_Apo_25C,Plate 7,H2-Apo-25C,H2,Apo,C4,25C (ambient),1,0,0,day_0
Plate 7_C4_Apo_25C,Plate 7,H2-Apo-25C,H2,Apo,C4,25C (ambient),1,3,0,day_3
Plate 7_C4_Apo_25C,Plate 7,H2-Apo-25C,H2,Apo,C4,25C (ambient),1,4,0,day_4
Plate 7_C4_Apo_25C,Plate 7,H2-Apo-25C,H2,Apo,C4,25C (ambient),1,5,0,day_5
Plate 7_C4_Apo_25C,Plate 7,H2-Apo-25C,H2,Apo,C4,25C (ambient),1,6,0,day_6
Plate 7_C4_Apo_25C,Plate 7,H2-Apo-25C,H2,Apo,C4,25C (ambient),1,7,0,day_7
Plate 7_C4_Apo_25C,Plate 7,H2-Apo-25C,H2,Apo,C4,25C (ambient),1,8,0,day_8
Plate 7_C4_Apo_25C,Plate 7,H2-Apo-25C,H2,Apo,C4,25C (ambient),1,9,0,day_9
Plate 7_C4_Apo_25C,Plate 7,H2-Apo-25C,H2,Apo,C4,25C (ambient),1,10,0,day_10
Plate 7_C4_Apo_25C,Plate 7,H2-Apo-25C,H2,Apo,C4,25C (ambient),1,11,0,day_11
Plate 7_C4_Apo_25C,Plate 7,H2-Apo-25C,H2,Apo,C4,25C (ambient),1,13,0,day_13
Plate 7_C4_Apo_25C,Plate 7,H2-Apo-25C,H2,Apo,C4,25C (ambient),1,14,?,day_14
Plate 7_C4_Apo_25C,Plate 7,H2-Apo-25C,H2,Apo,C4,25C (ambient),1,21,?,day_21
Plate 7_C5_Apo_25C,Plate 7,H2-Apo-25C,H2,Apo,C5,25C (ambient),1,0,0,day_0
Plate 7_C5_Apo_25C,Plate 7,H2-Apo-25C,H2,Apo,C5,25C (ambient),1,3,0,day_3
Plate 7_C5_Apo_25C,Plate 7,H2-Apo-25C,H2,Apo,C5,25C (ambient),1,4,0,day_4
Plate 7_C5_Apo_25C,Plate 7,H2-Apo-25C,H2,Apo,C5,25C (ambient),1,5,0,day_5
Plate 7_C5_Apo_25C,Plate 7,H2-Apo-25C,H2,Apo,C5,25C (ambient),1,6,0,day_6
Plate 7_C5_Apo_25C,Plate 7,H2-Apo-25C,H2,Apo,C5,25C (ambient),1,7,0,day_7
Plate 7_C5_Apo_25C,Plate 7,H2-Apo-25C,H2,Apo,C5,25C (ambient),1,8,0,day_8
Plate 7_C5_Apo_25C,Plate 7,H2-Apo-25C,H2,Apo,C5,25C (ambient),1,9,0,day_9
Plate 7_C5_Apo_25C,Plate 7,H2-Apo-25C,H2,Apo,C5,25C (ambient),1,10,0,day_10
Plate 7_C5_Apo_25C,Plate 7,H2-Apo-25C,H2,Apo,C5,25C (ambient),1,11,0,day_11
Plate 7_C5_Apo_25C,Plate 7,H2-Apo-25C,H2,Apo,C5,25C (ambient),1,13,0,day_13
Plate 7_C5_Apo_25C,Plate 7,H2-Apo-25C,H2,Apo,C5,25C (ambient),1,14,0,day_14
Plate 7_C5_Apo_25C,Plate 7,H2-Apo-25C,H2,Apo,C5,25C (ambient),1,21,?,day_21
Plate 7_C6_Apo_25C,Plate 7,H2-Apo-25C,H2,Apo,C6,25C (ambient),1,0,0,day_0
Plate 7_C6_Apo_25C,Plate 7,H2-Apo-25C,H2,Apo,C6,25C (ambient),1,3,0,day_3
Plate 7_C6_Apo_25C,Plate 7,H2-Apo-25C,H2,Apo,C6,25C (ambient),1,4,0,day_4
Plate 7_C6_Apo_25C,Plate 7,H2-Apo-25C,H2,Apo,C6,25C (ambient),1,5,0,day_5
Plate 7_C6_Apo_25C,Plate 7,H2-Apo-25C,H2,Apo,C6,25C (ambient),1,6,0,day_6
Plate 7_C6_Apo_25C,Plate 7,H2-Apo-25C,H2,Apo,C6,25C (ambient),1,7,0,day_7
Plate 7_C6_Apo_25C,Plate 7,H2-Apo-25C,H2,Apo,C6,25C (ambient),1,8,0,day_8
Plate 7_C6_Apo_25C,Plate 7,H2-Apo-25C,H2,Apo,C6,25C (ambient),1,9,0,day_9
Plate 7_C6_Apo_25C,Plate 7,H2-Apo-25C,H2,Apo,C6,25C (ambient),1,10,0,day_10
Plate 7_C6_Apo_25C,Plate 7,H2-Apo-25C,H2,Apo,C6,25C (ambient),1,11,0,day_11
Plate 7_C6_Apo_25C,Plate 7,H2-Apo-25C,H2,Apo,C6,25C (ambient),1,13,0,day_13
Plate 7_C6_Apo_25C,Plate 7,H2-Apo-25C,H2,Apo,C6,25C (ambient),1,14,0,day_14
Plate 7_C6_Apo_25C,Plate 7,H2-Apo-25C,H2,Apo,C6,25C (ambient),1,21,0,day_21
Plate 7_D1_Apo_25C,Plate 7,H2-Apo-25C,H2,Apo,D1,25C (ambient),1,0,0,day_0
Plate 7_D1_Apo_25C,Plate 7,H2-Apo-25C,H2,Apo,D1,25C (ambient),1,3,0,day_3
Plate 7_D1_Apo_25C,Plate 7,H2-Apo-25C,H2,Apo,D1,25C (ambient),1,4,0,day_4
Plate 7_D1_Apo_25C,Plate 7,H2-Apo-25C,H2,Apo,D1,25C (ambient),1,5,0,day_5
Plate 7_D1_Apo_25C,Plate 7,H2-Apo-25C,H2,Apo,D1,25C (ambient),1,6,0,day_6
Plate 7_D1_Apo_25C,Plate 7,H2-Apo-25C,H2,Apo,D1,25C (ambient),1,7,0,day_7
Plate 7_D1_Apo_25C,Plate 7,H2-Apo-25C,H2,Apo,D1,25C (ambient),1,8,1,day_8
Plate 7_D1_Apo_25C,Plate 7,H2-Apo-25C,H2,Apo,D1,25C (ambient),1,9,1,day_9
Plate 7_D1_Apo_25C,Plate 7,H2-Apo-25C,H2,Apo,D1,25C (ambient),1,10,1,day_10
Plate 7_D1_Apo_25C,Plate 7,H2-Apo-25C,H2,Apo,D1,25C (ambient),1,11,1,day_11
Plate 7_D1_Apo_25C,Plate 7,H2-Apo-25C,H2,Apo,D1,25C (ambient),1,13,1,day_13
Plate 7_D1_Apo_25C,Plate 7,H2-Apo-25C,H2,Apo,D1,25C (ambient),1,14,1,day_14
Plate 7_D1_Apo_25C,Plate 7,H2-Apo-25C,H2,Apo,D1,25C (ambient),1,21,1,day_21
Plate 7_D2_Apo_25C,Plate 7,H2-Apo-25C,H2,Apo,D2,25C (ambient),1,0,0,day_0
Plate 7_D2_Apo_25C,Plate 7,H2-Apo-25C,H2,Apo,D2,25C (ambient),1,3,0,day_3
Plate 7_D2_Apo_25C,Plate 7,H2-Apo-25C,H2,Apo,D2,25C (ambient),1,4,0,day_4
Plate 7_D2_Apo_25C,Plate 7,H2-Apo-25C,H2,Apo,D2,25C (ambient),1,5,0,day_5
Plate 7_D2_Apo_25C,Plate 7,H2-Apo-25C,H2,Apo,D2,25C (ambient),1,6,0,day_6
Plate 7_D2_Apo_25C,Plate 7,H2-Apo-25C,H2,Apo,D2,25C (ambient),1,7,0,day_7
Plate 7_D2_Apo_25C,Plate 7,H2-Apo-25C,H2,Apo,D2,25C (ambient),1,8,8,day_8
Plate 7_D2_Apo_25C,Plate 7,H2-Apo-25C,H2,Apo,D2,25C (ambient),1,9,10,day_9
Plate 7_D2_Apo_25C,Plate 7,H2-Apo-25C,H2,Apo,D2,25C (ambient),1,10,10,day_10
Plate 7_D2_Apo_25C,Plate 7,H2-Apo-25C,H2,Apo,D2,25C (ambient),1,11,na,day_11
Plate 7_D2_Apo_25C,Plate 7,H2-Apo-25C,H2,Apo,D2,25C (ambient),1,13,na,day_13
Plate 7_D2_Apo_25C,Plate 7,H2-Apo-25C,H2,Apo,D2,25C (ambient),1,14,na,day_14
Plate 7_D2_Apo_25C,Plate 7,H2-Apo-25C,H2,Apo,D2,25C (ambient),1,21,na,day_21
Plate 7_D3_Apo_25C,Plate 7,H2-Apo-25C,H2,Apo,D3,25C (ambient),1,0,0,day_0
Plate 7_D3_Apo_25C,Plate 7,H2-Apo-25C,H2,Apo,D3,25C (ambient),1,3,0,day_3
Plate 7_D3_Apo_25C,Plate 7,H2-Apo-25C,H2,Apo,D3,25C (ambient),1,4,0,day_4
Plate 7_D3_Apo_25C,Plate 7,H2-Apo-25C,H2,Apo,D3,25C (ambient),1,5,0,day_5
Plate 7_D3_Apo_25C,Plate 7,H2-Apo-25C,H2,Apo,D3,25C (ambient),1,6,0,day_6
Plate 7_D3_Apo_25C,Plate 7,H2-Apo-25C,H2,Apo,D3,25C (ambient),1,7,0,day_7
Plate 7_D3_Apo_25C,Plate 7,H2-Apo-25C,H2,Apo,D3,25C (ambient),1,8,0,day_8
Plate 7_D3_Apo_25C,Plate 7,H2-Apo-25C,H2,Apo,D3,25C (ambient),1,9,0,day_9
Plate 7_D3_Apo_25C,Plate 7,H2-Apo-25C,H2,Apo,D3,25C (ambient),1,10,0,day_10
Plate 7_D3_Apo_25C,Plate 7,H2-Apo-25C,H2,Apo,D3,25C (ambient),1,11,0,day_11
Plate 7_D3_Apo_25C,Plate 7,H2-Apo-25C,H2,Apo,D3,25C (ambient),1,13,0,day_13
Plate 7_D3_Apo_25C,Plate 7,H2-Apo-25C,H2,Apo,D3,25C (ambient),1,14,0,day_14
Plate 7_D3_Apo_25C,Plate 7,H2-Apo-25C,H2,Apo,D3,25C (ambient),1,21,0,day_21
Plate 7_D4_Apo_25C,Plate 7,H2-Apo-25C,H2,Apo,D4,25C (ambient),1,0,0,day_0
Plate 7_D4_Apo_25C,Plate 7,H2-Apo-25C,H2,Apo,D4,25C (ambient),1,3,0,day_3
Plate 7_D4_Apo_25C,Plate 7,H2-Apo-25C,H2,Apo,D4,25C (ambient),1,4,0,day_4
Plate 7_D4_Apo_25C,Plate 7,H2-Apo-25C,H2,Apo,D4,25C (ambient),1,5,0,day_5
Plate 7_D4_Apo_25C,Plate 7,H2-Apo-25C,H2,Apo,D4,25C (ambient),1,6,0,day_6
Plate 7_D4_Apo_25C,Plate 7,H2-Apo-25C,H2,Apo,D4,25C (ambient),1,7,0,day_7
Plate 7_D4_Apo_25C,Plate 7,H2-Apo-25C,H2,Apo,D4,25C (ambient),1,8,0,day_8
Plate 7_D4_Apo_25C,Plate 7,H2-Apo-25C,H2,Apo,D4,25C (ambient),1,9,0,day_9
Plate 7_D4_Apo_25C,Plate 7,H2-Apo-25C,H2,Apo,D4,25C (ambient),1,10,0,day_10
Plate 7_D4_Apo_25C,Plate 7,H2-Apo-25C,H2,Apo,D4,25C (ambient),1,11,0,day_11
Plate 7_D4_Apo_25C,Plate 7,H2-Apo-25C,H2,Apo,D4,25C (ambient),1,13,0,day_13
Plate 7_D4_Apo_25C,Plate 7,H2-Apo-25C,H2,Apo,D4,25C (ambient),1,14,0,day_14
Plate 7_D4_Apo_25C,Plate 7,H2-Apo-25C,H2,Apo,D4,25C (ambient),1,21,0,day_21
Plate 7_D5_Apo_25C,Plate 7,H2-Apo-25C,H2,Apo,D5,25C (ambient),1,0,0,day_0
Plate 7_D5_Apo_25C,Plate 7,H2-Apo-25C,H2,Apo,D5,25C (ambient),1,3,0,day_3
Plate 7_D5_Apo_25C,Plate 7,H2-Apo-25C,H2,Apo,D5,25C (ambient),1,4,0,day_4
Plate 7_D5_Apo_25C,Plate 7,H2-Apo-25C,H2,Apo,D5,25C (ambient),1,5,0,day_5
Plate 7_D5_Apo_25C,Plate 7,H2-Apo-25C,H2,Apo,D5,25C (ambient),1,6,0,day_6
Plate 7_D5_Apo_25C,Plate 7,H2-Apo-25C,H2,Apo,D5,25C (ambient),1,7,0,day_7
Plate 7_D5_Apo_25C,Plate 7,H2-Apo-25C,H2,Apo,D5,25C (ambient),1,8,1,day_8
Plate 7_D5_Apo_25C,Plate 7,H2-Apo-25C,H2,Apo,D5,25C (ambient),1,9,1,day_9
Plate 7_D5_Apo_25C,Plate 7,H2-Apo-25C,H2,Apo,D5,25C (ambient),1,10,1,day_10
Plate 7_D5_Apo_25C,Plate 7,H2-Apo-25C,H2,Apo,D5,25C (ambient),1,11,1,day_11
Plate 7_D5_Apo_25C,Plate 7,H2-Apo-25C,H2,Apo,D5,25C (ambient),1,13,na,day_13
Plate 7_D5_Apo_25C,Plate 7,H2-Apo-25C,H2,Apo,D5,25C (ambient),1,14,na,day_14
Plate 7_D5_Apo_25C,Plate 7,H2-Apo-25C,H2,Apo,D5,25C (ambient),1,21,na,day_21
Plate 7_D6_Apo_25C,Plate 7,H2-Apo-25C,H2,Apo,D6,25C (ambient),1,0,0,day_0
Plate 7_D6_Apo_25C,Plate 7,H2-Apo-25C,H2,Apo,D6,25C (ambient),1,3,0,day_3
Plate 7_D6_Apo_25C,Plate 7,H2-Apo-25C,H2,Apo,D6,25C (ambient),1,4,0,day_4
Plate 7_D6_Apo_25C,Plate 7,H2-Apo-25C,H2,Apo,D6,25C (ambient),1,5,0,day_5
Plate 7_D6_Apo_25C,Plate 7,H2-Apo-25C,H2,Apo,D6,25C (ambient),1,6,0,day_6
Plate 7_D6_Apo_25C,Plate 7,H2-Apo-25C,H2,Apo,D6,25C (ambient),1,7,0,day_7
Plate 7_D6_Apo_25C,Plate 7,H2-Apo-25C,H2,Apo,D6,25C (ambient),1,8,na,day_8
Plate 7_D6_Apo_25C,Plate 7,H2-Apo-25C,H2,Apo,D6,25C (ambient),1,9,na,day_9
Plate 7_D6_Apo_25C,Plate 7,H2-Apo-25C,H2,Apo,D6,25C (ambient),1,10,na,day_10
Plate 7_D6_Apo_25C,Plate 7,H2-Apo-25C,H2,Apo,D6,25C (ambient),1,11,na,day_11
Plate 7_D6_Apo_25C,Plate 7,H2-Apo-25C,H2,Apo,D6,25C (ambient),1,13,na,day_13
Plate 7_D6_Apo_25C,Plate 7,H2-Apo-25C,H2,Apo,D6,25C (ambient),1,14,na,day_14
Plate 7_D6_Apo_25C,Plate 7,H2-Apo-25C,H2,Apo,D6,25C (ambient),1,21,na,day_21
Plate 8_A1_Apo_25C,Plate 8,H2-Apo-25C,H2,Apo,A1,25C (ambient),1,0,0,day_0
Plate 8_A1_Apo_25C,Plate 8,H2-Apo-25C,H2,Apo,A1,25C (ambient),1,3,edu,day_3
Plate 8_A1_Apo_25C,Plate 8,H2-Apo-25C,H2,Apo,A1,25C (ambient),1,4,edu,day_4
Plate 8_A1_Apo_25C,Plate 8,H2-Apo-25C,H2,Apo,A1,25C (ambient),1,5,edu,day_5
Plate 8_A1_Apo_25C,Plate 8,H2-Apo-25C,H2,Apo,A1,25C (ambient),1,6,edu,day_6
Plate 8_A1_Apo_25C,Plate 8,H2-Apo-25C,H2,Apo,A1,25C (ambient),1,7,edu,day_7
Plate 8_A1_Apo_25C,Plate 8,H2-Apo-25C,H2,Apo,A1,25C (ambient),1,8,edu,day_8
Plate 8_A1_Apo_25C,Plate 8,H2-Apo-25C,H2,Apo,A1,25C (ambient),1,9,edu,day_9
Plate 8_A1_Apo_25C,Plate 8,H2-Apo-25C,H2,Apo,A1,25C (ambient),1,10,edu,day_10
Plate 8_A1_Apo_25C,Plate 8,H2-Apo-25C,H2,Apo,A1,25C (ambient),1,11,edu,day_11
Plate 8_A1_Apo_25C,Plate 8,H2-Apo-25C,H2,Apo,A1,25C (ambient),1,13,edu,day_13
Plate 8_A1_Apo_25C,Plate 8,H2-Apo-25C,H2,Apo,A1,25C (ambient),1,14,edu,day_14
Plate 8_A1_Apo_25C,Plate 8,H2-Apo-25C,H2,Apo,A1,25C (ambient),1,21,edu,day_21
Plate 8_A2_Apo_25C,Plate 8,H2-Apo-25C,H2,Apo,A2,25C (ambient),1,0,0,day_0
Plate 8_A2_Apo_25C,Plate 8,H2-Apo-25C,H2,Apo,A2,25C (ambient),1,3,edu,day_3
Plate 8_A2_Apo_25C,Plate 8,H2-Apo-25C,H2,Apo,A2,25C (ambient),1,4,edu,day_4
Plate 8_A2_Apo_25C,Plate 8,H2-Apo-25C,H2,Apo,A2,25C (ambient),1,5,edu,day_5
Plate 8_A2_Apo_25C,Plate 8,H2-Apo-25C,H2,Apo,A2,25C (ambient),1,6,edu,day_6
Plate 8_A2_Apo_25C,Plate 8,H2-Apo-25C,H2,Apo,A2,25C (ambient),1,7,edu,day_7
Plate 8_A2_Apo_25C,Plate 8,H2-Apo-25C,H2,Apo,A2,25C (ambient),1,8,edu,day_8
Plate 8_A2_Apo_25C,Plate 8,H2-Apo-25C,H2,Apo,A2,25C (ambient),1,9,edu,day_9
Plate 8_A2_Apo_25C,Plate 8,H2-Apo-25C,H2,Apo,A2,25C (ambient),1,10,edu,day_10
Plate 8_A2_Apo_25C,Plate 8,H2-Apo-25C,H2,Apo,A2,25C (ambient),1,11,edu,day_11
Plate 8_A2_Apo_25C,Plate 8,H2-Apo-25C,H2,Apo,A2,25C (ambient),1,13,edu,day_13
Plate 8_A2_Apo_25C,Plate 8,H2-Apo-25C,H2,Apo,A2,25C (ambient),1,14,edu,day_14
Plate 8_A2_Apo_25C,Plate 8,H2-Apo-25C,H2,Apo,A2,25C (ambient),1,21,edu,day_21
Plate 8_A3_Apo_25C,Plate 8,H2-Apo-25C,H2,Apo,A3,25C (ambient),1,0,0,day_0
Plate 8_A3_Apo_25C,Plate 8,H2-Apo-25C,H2,Apo,A3,25C (ambient),1,3,edu,day_3
Plate 8_A3_Apo_25C,Plate 8,H2-Apo-25C,H2,Apo,A3,25C (ambient),1,4,edu,day_4
Plate 8_A3_Apo_25C,Plate 8,H2-Apo-25C,H2,Apo,A3,25C (ambient),1,5,edu,day_5
Plate 8_A3_Apo_25C,Plate 8,H2-Apo-25C,H2,Apo,A3,25C (ambient),1,6,edu,day_6
Plate 8_A3_Apo_25C,Plate 8,H2-Apo-25C,H2,Apo,A3,25C (ambient),1,7,edu,day_7
Plate 8_A3_Apo_25C,Plate 8,H2-Apo-25C,H2,Apo,A3,25C (ambient),1,8,edu,day_8
Plate 8_A3_Apo_25C,Plate 8,H2-Apo-25C,H2,Apo,A3,25C (ambient),1,9,edu,day_9
Plate 8_A3_Apo_25C,Plate 8,H2-Apo-25C,H2,Apo,A3,25C (ambient),1,10,edu,day_10
Plate 8_A3_Apo_25C,Plate 8,H2-Apo-25C,H2,Apo,A3,25C (ambient),1,11,edu,day_11
Plate 8_A3_Apo_25C,Plate 8,H2-Apo-25C,H2,Apo,A3,25C (ambient),1,13,edu,day_13
Plate 8_A3_Apo_25C,Plate 8,H2-Apo-25C,H2,Apo,A3,25C (ambient),1,14,edu,day_14
Plate 8_A3_Apo_25C,Plate 8,H2-Apo-25C,H2,Apo,A3,25C (ambient),1,21,edu,day_21
Plate 8_A4_Apo_25C,Plate 8,H2-Apo-25C,H2,Apo,A4,25C (ambient),1,0,0,day_0
Plate 8_A4_Apo_25C,Plate 8,H2-Apo-25C,H2,Apo,A4,25C (ambient),1,3,edu,day_3
Plate 8_A4_Apo_25C,Plate 8,H2-Apo-25C,H2,Apo,A4,25C (ambient),1,4,edu,day_4
Plate 8_A4_Apo_25C,Plate 8,H2-Apo-25C,H2,Apo,A4,25C (ambient),1,5,edu,day_5
Plate 8_A4_Apo_25C,Plate 8,H2-Apo-25C,H2,Apo,A4,25C (ambient),1,6,edu,day_6
Plate 8_A4_Apo_25C,Plate 8,H2-Apo-25C,H2,Apo,A4,25C (ambient),1,7,edu,day_7
Plate 8_A4_Apo_25C,Plate 8,H2-Apo-25C,H2,Apo,A4,25C (ambient),1,8,edu,day_8
Plate 8_A4_Apo_25C,Plate 8,H2-Apo-25C,H2,Apo,A4,25C (ambient),1,9,edu,day_9
Plate 8_A4_Apo_25C,Plate 8,H2-Apo-25C,H2,Apo,A4,25C (ambient),1,10,edu,day_10
Plate 8_A4_Apo_25C,Plate 8,H2-Apo-25C,H2,Apo,A4,25C (ambient),1,11,edu,day_11
Plate 8_A4_Apo_25C,Plate 8,H2-Apo-25C,H2,Apo,A4,25C (ambient),1,13,edu,day_13
Plate 8_A4_Apo_25C,Plate 8,H2-Apo-25C,H2,Apo,A4,25C (ambient),1,14,edu,day_14
Plate 8_A4_Apo_25C,Plate 8,H2-Apo-25C,H2,Apo,A4,25C (ambient),1,21,edu,day_21
Plate 8_A5_Apo_25C,Plate 8,H2-Apo-25C,H2,Apo,A5,25C (ambient),1,0,0,day_0
Plate 8_A5_Apo_25C,Plate 8,H2-Apo-25C,H2,Apo,A5,25C (ambient),1,3,edu,day_3
Plate 8_A5_Apo_25C,Plate 8,H2-Apo-25C,H2,Apo,A5,25C (ambient),1,4,edu,day_4
Plate 8_A5_Apo_25C,Plate 8,H2-Apo-25C,H2,Apo,A5,25C (ambient),1,5,edu,day_5
Plate 8_A5_Apo_25C,Plate 8,H2-Apo-25C,H2,Apo,A5,25C (ambient),1,6,edu,day_6
Plate 8_A5_Apo_25C,Plate 8,H2-Apo-25C,H2,Apo,A5,25C (ambient),1,7,edu,day_7
Plate 8_A5_Apo_25C,Plate 8,H2-Apo-25C,H2,Apo,A5,25C (ambient),1,8,edu,day_8
Plate 8_A5_Apo_25C,Plate 8,H2-Apo-25C,H2,Apo,A5,25C (ambient),1,9,edu,day_9
Plate 8_A5_Apo_25C,Plate 8,H2-Apo-25C,H2,Apo,A5,25C (ambient),1,10,edu,day_10
Plate 8_A5_Apo_25C,Plate 8,H2-Apo-25C,H2,Apo,A5,25C (ambient),1,11,edu,day_11
Plate 8_A5_Apo_25C,Plate 8,H2-Apo-25C,H2,Apo,A5,25C (ambient),1,13,edu,day_13
Plate 8_A5_Apo_25C,Plate 8,H2-Apo-25C,H2,Apo,A5,25C (ambient),1,14,edu,day_14
Plate 8_A5_Apo_25C,Plate 8,H2-Apo-25C,H2,Apo,A5,25C (ambient),1,21,edu,day_21
Plate 8_A6_Apo_25C,Plate 8,H2-Apo-25C,H2,Apo,A6,25C (ambient),1,0,0,day_0
Plate 8_A6_Apo_25C,Plate 8,H2-Apo-25C,H2,Apo,A6,25C (ambient),1,3,na,day_3
Plate 8_A6_Apo_25C,Plate 8,H2-Apo-25C,H2,Apo,A6,25C (ambient),1,4,na,day_4
Plate 8_A6_Apo_25C,Plate 8,H2-Apo-25C,H2,Apo,A6,25C (ambient),1,5,na,day_5
Plate 8_A6_Apo_25C,Plate 8,H2-Apo-25C,H2,Apo,A6,25C (ambient),1,6,na,day_6
Plate 8_A6_Apo_25C,Plate 8,H2-Apo-25C,H2,Apo,A6,25C (ambient),1,7,na,day_7
Plate 8_A6_Apo_25C,Plate 8,H2-Apo-25C,H2,Apo,A6,25C (ambient),1,8,na,day_8
Plate 8_A6_Apo_25C,Plate 8,H2-Apo-25C,H2,Apo,A6,25C (ambient),1,9,na,day_9
Plate 8_A6_Apo_25C,Plate 8,H2-Apo-25C,H2,Apo,A6,25C (ambient),1,10,na,day_10
Plate 8_A6_Apo_25C,Plate 8,H2-Apo-25C,H2,Apo,A6,25C (ambient),1,11,na,day_11
Plate 8_A6_Apo_25C,Plate 8,H2-Apo-25C,H2,Apo,A6,25C (ambient),1,13,na,day_13
Plate 8_A6_Apo_25C,Plate 8,H2-Apo-25C,H2,Apo,A6,25C (ambient),1,14,na,day_14
Plate 8_A6_Apo_25C,Plate 8,H2-Apo-25C,H2,Apo,A6,25C (ambient),1,21,na,day_21
Plate 8_B1_Apo_25C,Plate 8,H2-Apo-25C,H2,Apo,B1,25C (ambient),1,0,0,day_0
Plate 8_B1_Apo_25C,Plate 8,H2-Apo-25C,H2,Apo,B1,25C (ambient),1,3,0,day_3
Plate 8_B1_Apo_25C,Plate 8,H2-Apo-25C,H2,Apo,B1,25C (ambient),1,4,0,day_4
Plate 8_B1_Apo_25C,Plate 8,H2-Apo-25C,H2,Apo,B1,25C (ambient),1,5,0,day_5
Plate 8_B1_Apo_25C,Plate 8,H2-Apo-25C,H2,Apo,B1,25C (ambient),1,6,0,day_6
Plate 8_B1_Apo_25C,Plate 8,H2-Apo-25C,H2,Apo,B1,25C (ambient),1,7,0,day_7
Plate 8_B1_Apo_25C,Plate 8,H2-Apo-25C,H2,Apo,B1,25C (ambient),1,8,0,day_8
Plate 8_B1_Apo_25C,Plate 8,H2-Apo-25C,H2,Apo,B1,25C (ambient),1,9,0,day_9
Plate 8_B1_Apo_25C,Plate 8,H2-Apo-25C,H2,Apo,B1,25C (ambient),1,10,0,day_10
Plate 8_B1_Apo_25C,Plate 8,H2-Apo-25C,H2,Apo,B1,25C (ambient),1,11,0,day_11
Plate 8_B1_Apo_25C,Plate 8,H2-Apo-25C,H2,Apo,B1,25C (ambient),1,13,0,day_13
Plate 8_B1_Apo_25C,Plate 8,H2-Apo-25C,H2,Apo,B1,25C (ambient),1,14,0,day_14
Plate 8_B1_Apo_25C,Plate 8,H2-Apo-25C,H2,Apo,B1,25C (ambient),1,21,0,day_21
Plate 8_B2_Apo_25C,Plate 8,H2-Apo-25C,H2,Apo,B2,25C (ambient),1,0,0,day_0
Plate 8_B2_Apo_25C,Plate 8,H2-Apo-25C,H2,Apo,B2,25C (ambient),1,3,0,day_3
Plate 8_B2_Apo_25C,Plate 8,H2-Apo-25C,H2,Apo,B2,25C (ambient),1,4,0,day_4
Plate 8_B2_Apo_25C,Plate 8,H2-Apo-25C,H2,Apo,B2,25C (ambient),1,5,na,day_5
Plate 8_B2_Apo_25C,Plate 8,H2-Apo-25C,H2,Apo,B2,25C (ambient),1,6,na,day_6
Plate 8_B2_Apo_25C,Plate 8,H2-Apo-25C,H2,Apo,B2,25C (ambient),1,7,na,day_7
Plate 8_B2_Apo_25C,Plate 8,H2-Apo-25C,H2,Apo,B2,25C (ambient),1,8,na,day_8
Plate 8_B2_Apo_25C,Plate 8,H2-Apo-25C,H2,Apo,B2,25C (ambient),1,9,na,day_9
Plate 8_B2_Apo_25C,Plate 8,H2-Apo-25C,H2,Apo,B2,25C (ambient),1,10,na,day_10
Plate 8_B2_Apo_25C,Plate 8,H2-Apo-25C,H2,Apo,B2,25C (ambient),1,11,na,day_11
Plate 8_B2_Apo_25C,Plate 8,H2-Apo-25C,H2,Apo,B2,25C (ambient),1,13,na,day_13
Plate 8_B2_Apo_25C,Plate 8,H2-Apo-25C,H2,Apo,B2,25C (ambient),1,14,na,day_14
Plate 8_B2_Apo_25C,Plate 8,H2-Apo-25C,H2,Apo,B2,25C (ambient),1,21,na,day_21
Plate 8_B3_Apo_25C,Plate 8,H2-Apo-25C,H2,Apo,B3,25C (ambient),1,0,0,day_0
Plate 8_B3_Apo_25C,Plate 8,H2-Apo-25C,H2,Apo,B3,25C (ambient),1,3,0,day_3
Plate 8_B3_Apo_25C,Plate 8,H2-Apo-25C,H2,Apo,B3,25C (ambient),1,4,0,day_4
Plate 8_B3_Apo_25C,Plate 8,H2-Apo-25C,H2,Apo,B3,25C (ambient),1,5,edu,day_5
Plate 8_B3_Apo_25C,Plate 8,H2-Apo-25C,H2,Apo,B3,25C (ambient),1,6,edu,day_6
Plate 8_B3_Apo_25C,Plate 8,H2-Apo-25C,H2,Apo,B3,25C (ambient),1,7,edu,day_7
Plate 8_B3_Apo_25C,Plate 8,H2-Apo-25C,H2,Apo,B3,25C (ambient),1,8,edu,day_8
Plate 8_B3_Apo_25C,Plate 8,H2-Apo-25C,H2,Apo,B3,25C (ambient),1,9,edu,day_9
Plate 8_B3_Apo_25C,Plate 8,H2-Apo-25C,H2,Apo,B3,25C (ambient),1,10,edu,day_10
Plate 8_B3_Apo_25C,Plate 8,H2-Apo-25C,H2,Apo,B3,25C (ambient),1,11,edu,day_11
Plate 8_B3_Apo_25C,Plate 8,H2-Apo-25C,H2,Apo,B3,25C (ambient),1,13,edu,day_13
Plate 8_B3_Apo_25C,Plate 8,H2-Apo-25C,H2,Apo,B3,25C (ambient),1,14,edu,day_14
Plate 8_B3_Apo_25C,Plate 8,H2-Apo-25C,H2,Apo,B3,25C (ambient),1,21,edu,day_21
Plate 8_B4_Apo_25C,Plate 8,H2-Apo-25C,H2,Apo,B4,25C (ambient),1,0,0,day_0
Plate 8_B4_Apo_25C,Plate 8,H2-Apo-25C,H2,Apo,B4,25C (ambient),1,3,0,day_3
Plate 8_B4_Apo_25C,Plate 8,H2-Apo-25C,H2,Apo,B4,25C (ambient),1,4,0,day_4
Plate 8_B4_Apo_25C,Plate 8,H2-Apo-25C,H2,Apo,B4,25C (ambient),1,5,edu,day_5
Plate 8_B4_Apo_25C,Plate 8,H2-Apo-25C,H2,Apo,B4,25C (ambient),1,6,edu,day_6
Plate 8_B4_Apo_25C,Plate 8,H2-Apo-25C,H2,Apo,B4,25C (ambient),1,7,edu,day_7
Plate 8_B4_Apo_25C,Plate 8,H2-Apo-25C,H2,Apo,B4,25C (ambient),1,8,edu,day_8
Plate 8_B4_Apo_25C,Plate 8,H2-Apo-25C,H2,Apo,B4,25C (ambient),1,9,edu,day_9
Plate 8_B4_Apo_25C,Plate 8,H2-Apo-25C,H2,Apo,B4,25C (ambient),1,10,edu,day_10
Plate 8_B4_Apo_25C,Plate 8,H2-Apo-25C,H2,Apo,B4,25C (ambient),1,11,edu,day_11
Plate 8_B4_Apo_25C,Plate 8,H2-Apo-25C,H2,Apo,B4,25C (ambient),1,13,edu,day_13
Plate 8_B4_Apo_25C,Plate 8,H2-Apo-25C,H2,Apo,B4,25C (ambient),1,14,edu,day_14
Plate 8_B4_Apo_25C,Plate 8,H2-Apo-25C,H2,Apo,B4,25C (ambient),1,21,edu,day_21
Plate 8_B5_Apo_25C,Plate 8,H2-Apo-25C,H2,Apo,B5,25C (ambient),1,0,0,day_0
Plate 8_B5_Apo_25C,Plate 8,H2-Apo-25C,H2,Apo,B5,25C (ambient),1,3,na,day_3
Plate 8_B5_Apo_25C,Plate 8,H2-Apo-25C,H2,Apo,B5,25C (ambient),1,4,na,day_4
Plate 8_B5_Apo_25C,Plate 8,H2-Apo-25C,H2,Apo,B5,25C (ambient),1,5,na,day_5
Plate 8_B5_Apo_25C,Plate 8,H2-Apo-25C,H2,Apo,B5,25C (ambient),1,6,na,day_6
Plate 8_B5_Apo_25C,Plate 8,H2-Apo-25C,H2,Apo,B5,25C (ambient),1,7,na,day_7
Plate 8_B5_Apo_25C,Plate 8,H2-Apo-25C,H2,Apo,B5,25C (ambient),1,8,na,day_8
Plate 8_B5_Apo_25C,Plate 8,H2-Apo-25C,H2,Apo,B5,25C (ambient),1,9,na,day_9
Plate 8_B5_Apo_25C,Plate 8,H2-Apo-25C,H2,Apo,B5,25C (ambient),1,10,na,day_10
Plate 8_B5_Apo_25C,Plate 8,H2-Apo-25C,H2,Apo,B5,25C (ambient),1,11,na,day_11
Plate 8_B5_Apo_25C,Plate 8,H2-Apo-25C,H2,Apo,B5,25C (ambient),1,13,na,day_13
Plate 8_B5_Apo_25C,Plate 8,H2-Apo-25C,H2,Apo,B5,25C (ambient),1,14,na,day_14
Plate 8_B5_Apo_25C,Plate 8,H2-Apo-25C,H2,Apo,B5,25C (ambient),1,21,na,day_21
Plate 8_B6_Apo_25C,Plate 8,H2-Apo-25C,H2,Apo,B6,25C (ambient),1,0,0,day_0
Plate 8_B6_Apo_25C,Plate 8,H2-Apo-25C,H2,Apo,B6,25C (ambient),1,3,0,day_3
Plate 8_B6_Apo_25C,Plate 8,H2-Apo-25C,H2,Apo,B6,25C (ambient),1,4,0,day_4
Plate 8_B6_Apo_25C,Plate 8,H2-Apo-25C,H2,Apo,B6,25C (ambient),1,5,edu,day_5
Plate 8_B6_Apo_25C,Plate 8,H2-Apo-25C,H2,Apo,B6,25C (ambient),1,6,edu,day_6
Plate 8_B6_Apo_25C,Plate 8,H2-Apo-25C,H2,Apo,B6,25C (ambient),1,7,edu,day_7
Plate 8_B6_Apo_25C,Plate 8,H2-Apo-25C,H2,Apo,B6,25C (ambient),1,8,edu,day_8
Plate 8_B6_Apo_25C,Plate 8,H2-Apo-25C,H2,Apo,B6,25C (ambient),1,9,edu,day_9
Plate 8_B6_Apo_25C,Plate 8,H2-Apo-25C,H2,Apo,B6,25C (ambient),1,10,edu,day_10
Plate 8_B6_Apo_25C,Plate 8,H2-Apo-25C,H2,Apo,B6,25C (ambient),1,11,edu,day_11
Plate 8_B6_Apo_25C,Plate 8,H2-Apo-25C,H2,Apo,B6,25C (ambient),1,13,edu,day_13
Plate 8_B6_Apo_25C,Plate 8,H2-Apo-25C,H2,Apo,B6,25C (ambient),1,14,edu,day_14
Plate 8_B6_Apo_25C,Plate 8,H2-Apo-25C,H2,Apo,B6,25C (ambient),1,21,edu,day_21
Plate 8_C1_Apo_25C,Plate 8,H2-Apo-25C,H2,Apo,C1,25C (ambient),1,0,0,day_0
Plate 8_C1_Apo_25C,Plate 8,H2-Apo-25C,H2,Apo,C1,25C (ambient),1,3,0,day_3
Plate 8_C1_Apo_25C,Plate 8,H2-Apo-25C,H2,Apo,C1,25C (ambient),1,4,0,day_4
Plate 8_C1_Apo_25C,Plate 8,H2-Apo-25C,H2,Apo,C1,25C (ambient),1,5,0,day_5
Plate 8_C1_Apo_25C,Plate 8,H2-Apo-25C,H2,Apo,C1,25C (ambient),1,6,0,day_6
Plate 8_C1_Apo_25C,Plate 8,H2-Apo-25C,H2,Apo,C1,25C (ambient),1,7,0,day_7
Plate 8_C1_Apo_25C,Plate 8,H2-Apo-25C,H2,Apo,C1,25C (ambient),1,8,0,day_8
Plate 8_C1_Apo_25C,Plate 8,H2-Apo-25C,H2,Apo,C1,25C (ambient),1,9,0,day_9
Plate 8_C1_Apo_25C,Plate 8,H2-Apo-25C,H2,Apo,C1,25C (ambient),1,10,0,day_10
Plate 8_C1_Apo_25C,Plate 8,H2-Apo-25C,H2,Apo,C1,25C (ambient),1,11,0,day_11
Plate 8_C1_Apo_25C,Plate 8,H2-Apo-25C,H2,Apo,C1,25C (ambient),1,13,0,day_13
Plate 8_C1_Apo_25C,Plate 8,H2-Apo-25C,H2,Apo,C1,25C (ambient),1,14,0,day_14
Plate 8_C1_Apo_25C,Plate 8,H2-Apo-25C,H2,Apo,C1,25C (ambient),1,21,0,day_21
Plate 8_C2_Apo_25C,Plate 8,H2-Apo-25C,H2,Apo,C2,25C (ambient),1,0,0,day_0
Plate 8_C2_Apo_25C,Plate 8,H2-Apo-25C,H2,Apo,C2,25C (ambient),1,3,0,day_3
Plate 8_C2_Apo_25C,Plate 8,H2-Apo-25C,H2,Apo,C2,25C (ambient),1,4,0,day_4
Plate 8_C2_Apo_25C,Plate 8,H2-Apo-25C,H2,Apo,C2,25C (ambient),1,5,0,day_5
Plate 8_C2_Apo_25C,Plate 8,H2-Apo-25C,H2,Apo,C2,25C (ambient),1,6,0,day_6
Plate 8_C2_Apo_25C,Plate 8,H2-Apo-25C,H2,Apo,C2,25C (ambient),1,7,na,day_7
Plate 8_C2_Apo_25C,Plate 8,H2-Apo-25C,H2,Apo,C2,25C (ambient),1,8,na,day_8
Plate 8_C2_Apo_25C,Plate 8,H2-Apo-25C,H2,Apo,C2,25C (ambient),1,9,na,day_9
Plate 8_C2_Apo_25C,Plate 8,H2-Apo-25C,H2,Apo,C2,25C (ambient),1,10,na,day_10
Plate 8_C2_Apo_25C,Plate 8,H2-Apo-25C,H2,Apo,C2,25C (ambient),1,11,na,day_11
Plate 8_C2_Apo_25C,Plate 8,H2-Apo-25C,H2,Apo,C2,25C (ambient),1,13,na,day_13
Plate 8_C2_Apo_25C,Plate 8,H2-Apo-25C,H2,Apo,C2,25C (ambient),1,14,na,day_14
Plate 8_C2_Apo_25C,Plate 8,H2-Apo-25C,H2,Apo,C2,25C (ambient),1,21,na,day_21
Plate 8_C3_Apo_25C,Plate 8,H2-Apo-25C,H2,Apo,C3,25C (ambient),1,0,0,day_0
Plate 8_C3_Apo_25C,Plate 8,H2-Apo-25C,H2,Apo,C3,25C (ambient),1,3,0,day_3
Plate 8_C3_Apo_25C,Plate 8,H2-Apo-25C,H2,Apo,C3,25C (ambient),1,4,0,day_4
Plate 8_C3_Apo_25C,Plate 8,H2-Apo-25C,H2,Apo,C3,25C (ambient),1,5,0,day_5
Plate 8_C3_Apo_25C,Plate 8,H2-Apo-25C,H2,Apo,C3,25C (ambient),1,6,0,day_6
Plate 8_C3_Apo_25C,Plate 8,H2-Apo-25C,H2,Apo,C3,25C (ambient),1,7,0,day_7
Plate 8_C3_Apo_25C,Plate 8,H2-Apo-25C,H2,Apo,C3,25C (ambient),1,8,?,day_8
Plate 8_C3_Apo_25C,Plate 8,H2-Apo-25C,H2,Apo,C3,25C (ambient),1,9,?,day_9
Plate 8_C3_Apo_25C,Plate 8,H2-Apo-25C,H2,Apo,C3,25C (ambient),1,10,?,day_10
Plate 8_C3_Apo_25C,Plate 8,H2-Apo-25C,H2,Apo,C3,25C (ambient),1,11,na,day_11
Plate 8_C3_Apo_25C,Plate 8,H2-Apo-25C,H2,Apo,C3,25C (ambient),1,13,na,day_13
Plate 8_C3_Apo_25C,Plate 8,H2-Apo-25C,H2,Apo,C3,25C (ambient),1,14,na,day_14
Plate 8_C3_Apo_25C,Plate 8,H2-Apo-25C,H2,Apo,C3,25C (ambient),1,21,na,day_21
Plate 8_C4_Apo_25C,Plate 8,H2-Apo-25C,H2,Apo,C4,25C (ambient),1,0,0,day_0
Plate 8_C4_Apo_25C,Plate 8,H2-Apo-25C,H2,Apo,C4,25C (ambient),1,3,0,day_3
Plate 8_C4_Apo_25C,Plate 8,H2-Apo-25C,H2,Apo,C4,25C (ambient),1,4,0,day_4
Plate 8_C4_Apo_25C,Plate 8,H2-Apo-25C,H2,Apo,C4,25C (ambient),1,5,0,day_5
Plate 8_C4_Apo_25C,Plate 8,H2-Apo-25C,H2,Apo,C4,25C (ambient),1,6,0,day_6
Plate 8_C4_Apo_25C,Plate 8,H2-Apo-25C,H2,Apo,C4,25C (ambient),1,7,0,day_7
Plate 8_C4_Apo_25C,Plate 8,H2-Apo-25C,H2,Apo,C4,25C (ambient),1,8,0,day_8
Plate 8_C4_Apo_25C,Plate 8,H2-Apo-25C,H2,Apo,C4,25C (ambient),1,9,0,day_9
Plate 8_C4_Apo_25C,Plate 8,H2-Apo-25C,H2,Apo,C4,25C (ambient),1,10,0,day_10
Plate 8_C4_Apo_25C,Plate 8,H2-Apo-25C,H2,Apo,C4,25C (ambient),1,11,0,day_11
Plate 8_C4_Apo_25C,Plate 8,H2-Apo-25C,H2,Apo,C4,25C (ambient),1,13,0,day_13
Plate 8_C4_Apo_25C,Plate 8,H2-Apo-25C,H2,Apo,C4,25C (ambient),1,14,na,day_14
Plate 8_C4_Apo_25C,Plate 8,H2-Apo-25C,H2,Apo,C4,25C (ambient),1,21,na,day_21
Plate 8_C5_Apo_25C,Plate 8,H2-Apo-25C,H2,Apo,C5,25C (ambient),1,0,0,day_0
Plate 8_C5_Apo_25C,Plate 8,H2-Apo-25C,H2,Apo,C5,25C (ambient),1,3,0,day_3
Plate 8_C5_Apo_25C,Plate 8,H2-Apo-25C,H2,Apo,C5,25C (ambient),1,4,0,day_4
Plate 8_C5_Apo_25C,Plate 8,H2-Apo-25C,H2,Apo,C5,25C (ambient),1,5,0,day_5
Plate 8_C5_Apo_25C,Plate 8,H2-Apo-25C,H2,Apo,C5,25C (ambient),1,6,0,day_6
Plate 8_C5_Apo_25C,Plate 8,H2-Apo-25C,H2,Apo,C5,25C (ambient),1,7,0,day_7
Plate 8_C5_Apo_25C,Plate 8,H2-Apo-25C,H2,Apo,C5,25C (ambient),1,8,0,day_8
Plate 8_C5_Apo_25C,Plate 8,H2-Apo-25C,H2,Apo,C5,25C (ambient),1,9,0,day_9
Plate 8_C5_Apo_25C,Plate 8,H2-Apo-25C,H2,Apo,C5,25C (ambient),1,10,0,day_10
Plate 8_C5_Apo_25C,Plate 8,H2-Apo-25C,H2,Apo,C5,25C (ambient),1,11,0,day_11
Plate 8_C5_Apo_25C,Plate 8,H2-Apo-25C,H2,Apo,C5,25C (ambient),1,13,0,day_13
Plate 8_C5_Apo_25C,Plate 8,H2-Apo-25C,H2,Apo,C5,25C (ambient),1,14,na,day_14
Plate 8_C5_Apo_25C,Plate 8,H2-Apo-25C,H2,Apo,C5,25C (ambient),1,21,na,day_21
Plate 8_C6_Apo_25C,Plate 8,H2-Apo-25C,H2,Apo,C6,25C (ambient),1,0,0,day_0
Plate 8_C6_Apo_25C,Plate 8,H2-Apo-25C,H2,Apo,C6,25C (ambient),1,3,0,day_3
Plate 8_C6_Apo_25C,Plate 8,H2-Apo-25C,H2,Apo,C6,25C (ambient),1,4,0,day_4
Plate 8_C6_Apo_25C,Plate 8,H2-Apo-25C,H2,Apo,C6,25C (ambient),1,5,0,day_5
Plate 8_C6_Apo_25C,Plate 8,H2-Apo-25C,H2,Apo,C6,25C (ambient),1,6,0,day_6
Plate 8_C6_Apo_25C,Plate 8,H2-Apo-25C,H2,Apo,C6,25C (ambient),1,7,0,day_7
Plate 8_C6_Apo_25C,Plate 8,H2-Apo-25C,H2,Apo,C6,25C (ambient),1,8,0,day_8
Plate 8_C6_Apo_25C,Plate 8,H2-Apo-25C,H2,Apo,C6,25C (ambient),1,9,0,day_9
Plate 8_C6_Apo_25C,Plate 8,H2-Apo-25C,H2,Apo,C6,25C (ambient),1,10,0,day_10
Plate 8_C6_Apo_25C,Plate 8,H2-Apo-25C,H2,Apo,C6,25C (ambient),1,11,0,day_11
Plate 8_C6_Apo_25C,Plate 8,H2-Apo-25C,H2,Apo,C6,25C (ambient),1,13,0,day_13
Plate 8_C6_Apo_25C,Plate 8,H2-Apo-25C,H2,Apo,C6,25C (ambient),1,14,na,day_14
Plate 8_C6_Apo_25C,Plate 8,H2-Apo-25C,H2,Apo,C6,25C (ambient),1,21,na,day_21
Plate 8_D1_Apo_25C,Plate 8,H2-Apo-25C,H2,Apo,D1,25C (ambient),1,0,0,day_0
Plate 8_D1_Apo_25C,Plate 8,H2-Apo-25C,H2,Apo,D1,25C (ambient),1,3,0,day_3
Plate 8_D1_Apo_25C,Plate 8,H2-Apo-25C,H2,Apo,D1,25C (ambient),1,4,0,day_4
Plate 8_D1_Apo_25C,Plate 8,H2-Apo-25C,H2,Apo,D1,25C (ambient),1,5,0,day_5
Plate 8_D1_Apo_25C,Plate 8,H2-Apo-25C,H2,Apo,D1,25C (ambient),1,6,0,day_6
Plate 8_D1_Apo_25C,Plate 8,H2-Apo-25C,H2,Apo,D1,25C (ambient),1,7,0,day_7
Plate 8_D1_Apo_25C,Plate 8,H2-Apo-25C,H2,Apo,D1,25C (ambient),1,8,edu,day_8
Plate 8_D1_Apo_25C,Plate 8,H2-Apo-25C,H2,Apo,D1,25C (ambient),1,9,edu,day_9
Plate 8_D1_Apo_25C,Plate 8,H2-Apo-25C,H2,Apo,D1,25C (ambient),1,10,edu,day_10
Plate 8_D1_Apo_25C,Plate 8,H2-Apo-25C,H2,Apo,D1,25C (ambient),1,11,edu,day_11
Plate 8_D1_Apo_25C,Plate 8,H2-Apo-25C,H2,Apo,D1,25C (ambient),1,13,edu,day_13
Plate 8_D1_Apo_25C,Plate 8,H2-Apo-25C,H2,Apo,D1,25C (ambient),1,14,edu,day_14
Plate 8_D1_Apo_25C,Plate 8,H2-Apo-25C,H2,Apo,D1,25C (ambient),1,21,edu,day_21
Plate 8_D2_Apo_25C,Plate 8,H2-Apo-25C,H2,Apo,D2,25C (ambient),1,0,0,day_0
Plate 8_D2_Apo_25C,Plate 8,H2-Apo-25C,H2,Apo,D2,25C (ambient),1,3,0,day_3
Plate 8_D2_Apo_25C,Plate 8,H2-Apo-25C,H2,Apo,D2,25C (ambient),1,4,0,day_4
Plate 8_D2_Apo_25C,Plate 8,H2-Apo-25C,H2,Apo,D2,25C (ambient),1,5,0,day_5
Plate 8_D2_Apo_25C,Plate 8,H2-Apo-25C,H2,Apo,D2,25C (ambient),1,6,0,day_6
Plate 8_D2_Apo_25C,Plate 8,H2-Apo-25C,H2,Apo,D2,25C (ambient),1,7,0,day_7
Plate 8_D2_Apo_25C,Plate 8,H2-Apo-25C,H2,Apo,D2,25C (ambient),1,8,edu,day_8
Plate 8_D2_Apo_25C,Plate 8,H2-Apo-25C,H2,Apo,D2,25C (ambient),1,9,edu,day_9
Plate 8_D2_Apo_25C,Plate 8,H2-Apo-25C,H2,Apo,D2,25C (ambient),1,10,edu,day_10
Plate 8_D2_Apo_25C,Plate 8,H2-Apo-25C,H2,Apo,D2,25C (ambient),1,11,edu,day_11
Plate 8_D2_Apo_25C,Plate 8,H2-Apo-25C,H2,Apo,D2,25C (ambient),1,13,edu,day_13
Plate 8_D2_Apo_25C,Plate 8,H2-Apo-25C,H2,Apo,D2,25C (ambient),1,14,edu,day_14
Plate 8_D2_Apo_25C,Plate 8,H2-Apo-25C,H2,Apo,D2,25C (ambient),1,21,edu,day_21
Plate 8_D3_Apo_25C,Plate 8,H2-Apo-25C,H2,Apo,D3,25C (ambient),1,0,0,day_0
Plate 8_D3_Apo_25C,Plate 8,H2-Apo-25C,H2,Apo,D3,25C (ambient),1,3,0,day_3
Plate 8_D3_Apo_25C,Plate 8,H2-Apo-25C,H2,Apo,D3,25C (ambient),1,4,0,day_4
Plate 8_D3_Apo_25C,Plate 8,H2-Apo-25C,H2,Apo,D3,25C (ambient),1,5,0,day_5
Plate 8_D3_Apo_25C,Plate 8,H2-Apo-25C,H2,Apo,D3,25C (ambient),1,6,0,day_6
Plate 8_D3_Apo_25C,Plate 8,H2-Apo-25C,H2,Apo,D3,25C (ambient),1,7,0,day_7
Plate 8_D3_Apo_25C,Plate 8,H2-Apo-25C,H2,Apo,D3,25C (ambient),1,8,edu,day_8
Plate 8_D3_Apo_25C,Plate 8,H2-Apo-25C,H2,Apo,D3,25C (ambient),1,9,edu,day_9
Plate 8_D3_Apo_25C,Plate 8,H2-Apo-25C,H2,Apo,D3,25C (ambient),1,10,edu,day_10
Plate 8_D3_Apo_25C,Plate 8,H2-Apo-25C,H2,Apo,D3,25C (ambient),1,11,edu,day_11
Plate 8_D3_Apo_25C,Plate 8,H2-Apo-25C,H2,Apo,D3,25C (ambient),1,13,edu,day_13
Plate 8_D3_Apo_25C,Plate 8,H2-Apo-25C,H2,Apo,D3,25C (ambient),1,14,edu,day_14
Plate 8_D3_Apo_25C,Plate 8,H2-Apo-25C,H2,Apo,D3,25C (ambient),1,21,edu,day_21
Plate 8_D4_Apo_25C,Plate 8,H2-Apo-25C,H2,Apo,D4,25C (ambient),1,0,0,day_0
Plate 8_D4_Apo_25C,Plate 8,H2-Apo-25C,H2,Apo,D4,25C (ambient),1,3,0,day_3
Plate 8_D4_Apo_25C,Plate 8,H2-Apo-25C,H2,Apo,D4,25C (ambient),1,4,0,day_4
Plate 8_D4_Apo_25C,Plate 8,H2-Apo-25C,H2,Apo,D4,25C (ambient),1,5,0,day_5
Plate 8_D4_Apo_25C,Plate 8,H2-Apo-25C,H2,Apo,D4,25C (ambient),1,6,0,day_6
Plate 8_D4_Apo_25C,Plate 8,H2-Apo-25C,H2,Apo,D4,25C (ambient),1,7,na,day_7
Plate 8_D4_Apo_25C,Plate 8,H2-Apo-25C,H2,Apo,D4,25C (ambient),1,8,na,day_8
Plate 8_D4_Apo_25C,Plate 8,H2-Apo-25C,H2,Apo,D4,25C (ambient),1,9,na,day_9
Plate 8_D4_Apo_25C,Plate 8,H2-Apo-25C,H2,Apo,D4,25C (ambient),1,10,na,day_10
Plate 8_D4_Apo_25C,Plate 8,H2-Apo-25C,H2,Apo,D4,25C (ambient),1,11,na,day_11
Plate 8_D4_Apo_25C,Plate 8,H2-Apo-25C,H2,Apo,D4,25C (ambient),1,13,na,day_13
Plate 8_D4_Apo_25C,Plate 8,H2-Apo-25C,H2,Apo,D4,25C (ambient),1,14,na,day_14
Plate 8_D4_Apo_25C,Plate 8,H2-Apo-25C,H2,Apo,D4,25C (ambient),1,21,na,day_21
Plate 8_D5_Apo_25C,Plate 8,H2-Apo-25C,H2,Apo,D5,25C (ambient),1,0,0,day_0
Plate 8_D5_Apo_25C,Plate 8,H2-Apo-25C,H2,Apo,D5,25C (ambient),1,3,0,day_3
Plate 8_D5_Apo_25C,Plate 8,H2-Apo-25C,H2,Apo,D5,25C (ambient),1,4,0,day_4
Plate 8_D5_Apo_25C,Plate 8,H2-Apo-25C,H2,Apo,D5,25C (ambient),1,5,0,day_5
Plate 8_D5_Apo_25C,Plate 8,H2-Apo-25C,H2,Apo,D5,25C (ambient),1,6,0,day_6
Plate 8_D5_Apo_25C,Plate 8,H2-Apo-25C,H2,Apo,D5,25C (ambient),1,7,0,day_7
Plate 8_D5_Apo_25C,Plate 8,H2-Apo-25C,H2,Apo,D5,25C (ambient),1,8,edu,day_8
Plate 8_D5_Apo_25C,Plate 8,H2-Apo-25C,H2,Apo,D5,25C (ambient),1,9,edu,day_9
Plate 8_D5_Apo_25C,Plate 8,H2-Apo-25C,H2,Apo,D5,25C (ambient),1,10,edu,day_10
Plate 8_D5_Apo_25C,Plate 8,H2-Apo-25C,H2,Apo,D5,25C (ambient),1,11,edu,day_11
Plate 8_D5_Apo_25C,Plate 8,H2-Apo-25C,H2,Apo,D5,25C (ambient),1,13,edu,day_13
Plate 8_D5_Apo_25C,Plate 8,H2-Apo-25C,H2,Apo,D5,25C (ambient),1,14,edu,day_14
Plate 8_D5_Apo_25C,Plate 8,H2-Apo-25C,H2,Apo,D5,25C (ambient),1,21,edu,day_21
Plate 8_D6_Apo_25C,Plate 8,H2-Apo-25C,H2,Apo,D6,25C (ambient),1,0,0,day_0
Plate 8_D6_Apo_25C,Plate 8,H2-Apo-25C,H2,Apo,D6,25C (ambient),1,3,0,day_3
Plate 8_D6_Apo_25C,Plate 8,H2-Apo-25C,H2,Apo,D6,25C (ambient),1,4,0,day_4
Plate 8_D6_Apo_25C,Plate 8,H2-Apo-25C,H2,Apo,D6,25C (ambient),1,5,0,day_5
Plate 8_D6_Apo_25C,Plate 8,H2-Apo-25C,H2,Apo,D6,25C (ambient),1,6,0,day_6
Plate 8_D6_Apo_25C,Plate 8,H2-Apo-25C,H2,Apo,D6,25C (ambient),1,7,0,day_7
Plate 8_D6_Apo_25C,Plate 8,H2-Apo-25C,H2,Apo,D6,25C (ambient),1,8,7,day_8
Plate 8_D6_Apo_25C,Plate 8,H2-Apo-25C,H2,Apo,D6,25C (ambient),1,9,7,day_9
Plate 8_D6_Apo_25C,Plate 8,H2-Apo-25C,H2,Apo,D6,25C (ambient),1,10,7,day_10
Plate 8_D6_Apo_25C,Plate 8,H2-Apo-25C,H2,Apo,D6,25C (ambient),1,11,7,day_11
Plate 8_D6_Apo_25C,Plate 8,H2-Apo-25C,H2,Apo,D6,25C (ambient),1,13,7,day_13
Plate 8_D6_Apo_25C,Plate 8,H2-Apo-25C,H2,Apo,D6,25C (ambient),1,14,na,day_14
Plate 8_D6_Apo_25C,Plate 8,H2-Apo-25C,H2,Apo,D6,25C (ambient),1,21,na,day_21
Plate 9_A1_Apo_32C,Plate 9,H2-Apo-32C,H2,Apo,A1,32C (heat stress),1,0,0,day_0
Plate 9_A1_Apo_32C,Plate 9,H2-Apo-32C,H2,Apo,A1,32C (heat stress),1,3,0,day_3
Plate 9_A1_Apo_32C,Plate 9,H2-Apo-32C,H2,Apo,A1,32C (heat stress),1,4,0,day_4
Plate 9_A1_Apo_32C,Plate 9,H2-Apo-32C,H2,Apo,A1,32C (heat stress),1,5,0,day_5
Plate 9_A1_Apo_32C,Plate 9,H2-Apo-32C,H2,Apo,A1,32C (heat stress),1,6,0,day_6
Plate 9_A1_Apo_32C,Plate 9,H2-Apo-32C,H2,Apo,A1,32C (heat stress),1,7,0,day_7
Plate 9_A1_Apo_32C,Plate 9,H2-Apo-32C,H2,Apo,A1,32C (heat stress),1,8,0,day_8
Plate 9_A1_Apo_32C,Plate 9,H2-Apo-32C,H2,Apo,A1,32C (heat stress),1,9,0,day_9
Plate 9_A1_Apo_32C,Plate 9,H2-Apo-32C,H2,Apo,A1,32C (heat stress),1,10,0,day_10
Plate 9_A1_Apo_32C,Plate 9,H2-Apo-32C,H2,Apo,A1,32C (heat stress),1,11,0,day_11
Plate 9_A1_Apo_32C,Plate 9,H2-Apo-32C,H2,Apo,A1,32C (heat stress),1,13,0,day_13
Plate 9_A1_Apo_32C,Plate 9,H2-Apo-32C,H2,Apo,A1,32C (heat stress),1,14,0,day_14
Plate 9_A1_Apo_32C,Plate 9,H2-Apo-32C,H2,Apo,A1,32C (heat stress),1,21,0,day_21
Plate 9_A2_Apo_32C,Plate 9,H2-Apo-32C,H2,Apo,A2,32C (heat stress),1,0,0,day_0
Plate 9_A2_Apo_32C,Plate 9,H2-Apo-32C,H2,Apo,A2,32C (heat stress),1,3,0,day_3
Plate 9_A2_Apo_32C,Plate 9,H2-Apo-32C,H2,Apo,A2,32C (heat stress),1,4,0,day_4
Plate 9_A2_Apo_32C,Plate 9,H2-Apo-32C,H2,Apo,A2,32C (heat stress),1,5,0,day_5
Plate 9_A2_Apo_32C,Plate 9,H2-Apo-32C,H2,Apo,A2,32C (heat stress),1,6,0,day_6
Plate 9_A2_Apo_32C,Plate 9,H2-Apo-32C,H2,Apo,A2,32C (heat stress),1,7,0,day_7
Plate 9_A2_Apo_32C,Plate 9,H2-Apo-32C,H2,Apo,A2,32C (heat stress),1,8,0,day_8
Plate 9_A2_Apo_32C,Plate 9,H2-Apo-32C,H2,Apo,A2,32C (heat stress),1,9,0,day_9
Plate 9_A2_Apo_32C,Plate 9,H2-Apo-32C,H2,Apo,A2,32C (heat stress),1,10,0,day_10
Plate 9_A2_Apo_32C,Plate 9,H2-Apo-32C,H2,Apo,A2,32C (heat stress),1,11,0,day_11
Plate 9_A2_Apo_32C,Plate 9,H2-Apo-32C,H2,Apo,A2,32C (heat stress),1,13,0,day_13
Plate 9_A2_Apo_32C,Plate 9,H2-Apo-32C,H2,Apo,A2,32C (heat stress),1,14,0,day_14
Plate 9_A2_Apo_32C,Plate 9,H2-Apo-32C,H2,Apo,A2,32C (heat stress),1,21,0,day_21
Plate 9_A2_Apo_32C,Plate 9,H2-Apo-32C,H2,Apo,A2,32C (heat stress),2,0,na,day_0
Plate 9_A2_Apo_32C,Plate 9,H2-Apo-32C,H2,Apo,A2,32C (heat stress),2,3,na,day_3
Plate 9_A2_Apo_32C,Plate 9,H2-Apo-32C,H2,Apo,A2,32C (heat stress),2,4,na,day_4
Plate 9_A2_Apo_32C,Plate 9,H2-Apo-32C,H2,Apo,A2,32C (heat stress),2,5,na,day_5
Plate 9_A2_Apo_32C,Plate 9,H2-Apo-32C,H2,Apo,A2,32C (heat stress),2,6,na,day_6
Plate 9_A2_Apo_32C,Plate 9,H2-Apo-32C,H2,Apo,A2,32C (heat stress),2,7,na,day_7
Plate 9_A2_Apo_32C,Plate 9,H2-Apo-32C,H2,Apo,A2,32C (heat stress),2,8,na,day_8
Plate 9_A2_Apo_32C,Plate 9,H2-Apo-32C,H2,Apo,A2,32C (heat stress),2,9,na,day_9
Plate 9_A2_Apo_32C,Plate 9,H2-Apo-32C,H2,Apo,A2,32C (heat stress),2,10,na,day_10
Plate 9_A2_Apo_32C,Plate 9,H2-Apo-32C,H2,Apo,A2,32C (heat stress),2,11,na,day_11
Plate 9_A2_Apo_32C,Plate 9,H2-Apo-32C,H2,Apo,A2,32C (heat stress),2,13,na,day_13
Plate 9_A2_Apo_32C,Plate 9,H2-Apo-32C,H2,Apo,A2,32C (heat stress),2,14,na,day_14
Plate 9_A2_Apo_32C,Plate 9,H2-Apo-32C,H2,Apo,A2,32C (heat stress),2,21,na,day_21
Plate 9_A3_Apo_32C,Plate 9,H2-Apo-32C,H2,Apo,A3,32C (heat stress),1,0,0,day_0
Plate 9_A3_Apo_32C,Plate 9,H2-Apo-32C,H2,Apo,A3,32C (heat stress),1,3,0,day_3
Plate 9_A3_Apo_32C,Plate 9,H2-Apo-32C,H2,Apo,A3,32C (heat stress),1,4,0,day_4
Plate 9_A3_Apo_32C,Plate 9,H2-Apo-32C,H2,Apo,A3,32C (heat stress),1,5,9,day_5
Plate 9_A3_Apo_32C,Plate 9,H2-Apo-32C,H2,Apo,A3,32C (heat stress),1,6,9,day_6
Plate 9_A3_Apo_32C,Plate 9,H2-Apo-32C,H2,Apo,A3,32C (heat stress),1,7,9,day_7
Plate 9_A3_Apo_32C,Plate 9,H2-Apo-32C,H2,Apo,A3,32C (heat stress),1,8,10,day_8
Plate 9_A3_Apo_32C,Plate 9,H2-Apo-32C,H2,Apo,A3,32C (heat stress),1,9,10,day_9
Plate 9_A3_Apo_32C,Plate 9,H2-Apo-32C,H2,Apo,A3,32C (heat stress),1,10,10,day_10
Plate 9_A3_Apo_32C,Plate 9,H2-Apo-32C,H2,Apo,A3,32C (heat stress),1,11,na,day_11
Plate 9_A3_Apo_32C,Plate 9,H2-Apo-32C,H2,Apo,A3,32C (heat stress),1,13,na,day_13
Plate 9_A3_Apo_32C,Plate 9,H2-Apo-32C,H2,Apo,A3,32C (heat stress),1,14,na,day_14
Plate 9_A3_Apo_32C,Plate 9,H2-Apo-32C,H2,Apo,A3,32C (heat stress),1,21,na,day_21
Plate 9_A4_Apo_32C,Plate 9,H2-Apo-32C,H2,Apo,A4,32C (heat stress),1,0,0,day_0
Plate 9_A4_Apo_32C,Plate 9,H2-Apo-32C,H2,Apo,A4,32C (heat stress),1,3,0,day_3
Plate 9_A4_Apo_32C,Plate 9,H2-Apo-32C,H2,Apo,A4,32C (heat stress),1,4,0,day_4
Plate 9_A4_Apo_32C,Plate 9,H2-Apo-32C,H2,Apo,A4,32C (heat stress),1,5,6,day_5
Plate 9_A4_Apo_32C,Plate 9,H2-Apo-32C,H2,Apo,A4,32C (heat stress),1,6,6,day_6
Plate 9_A4_Apo_32C,Plate 9,H2-Apo-32C,H2,Apo,A4,32C (heat stress),1,7,6,day_7
Plate 9_A4_Apo_32C,Plate 9,H2-Apo-32C,H2,Apo,A4,32C (heat stress),1,8,6,day_8
Plate 9_A4_Apo_32C,Plate 9,H2-Apo-32C,H2,Apo,A4,32C (heat stress),1,9,?,day_9
Plate 9_A4_Apo_32C,Plate 9,H2-Apo-32C,H2,Apo,A4,32C (heat stress),1,10,na,day_10
Plate 9_A4_Apo_32C,Plate 9,H2-Apo-32C,H2,Apo,A4,32C (heat stress),1,11,na,day_11
Plate 9_A4_Apo_32C,Plate 9,H2-Apo-32C,H2,Apo,A4,32C (heat stress),1,13,na,day_13
Plate 9_A4_Apo_32C,Plate 9,H2-Apo-32C,H2,Apo,A4,32C (heat stress),1,14,na,day_14
Plate 9_A4_Apo_32C,Plate 9,H2-Apo-32C,H2,Apo,A4,32C (heat stress),1,21,na,day_21
Plate 9_A5_Apo_32C,Plate 9,H2-Apo-32C,H2,Apo,A5,32C (heat stress),1,0,0,day_0
Plate 9_A5_Apo_32C,Plate 9,H2-Apo-32C,H2,Apo,A5,32C (heat stress),1,3,0,day_3
Plate 9_A5_Apo_32C,Plate 9,H2-Apo-32C,H2,Apo,A5,32C (heat stress),1,4,0,day_4
Plate 9_A5_Apo_32C,Plate 9,H2-Apo-32C,H2,Apo,A5,32C (heat stress),1,5,0,day_5
Plate 9_A5_Apo_32C,Plate 9,H2-Apo-32C,H2,Apo,A5,32C (heat stress),1,6,6,day_6
Plate 9_A5_Apo_32C,Plate 9,H2-Apo-32C,H2,Apo,A5,32C (heat stress),1,7,7,day_7
Plate 9_A5_Apo_32C,Plate 9,H2-Apo-32C,H2,Apo,A5,32C (heat stress),1,8,7,day_8
Plate 9_A5_Apo_32C,Plate 9,H2-Apo-32C,H2,Apo,A5,32C (heat stress),1,9,7,day_9
Plate 9_A5_Apo_32C,Plate 9,H2-Apo-32C,H2,Apo,A5,32C (heat stress),1,10,7,day_10
Plate 9_A5_Apo_32C,Plate 9,H2-Apo-32C,H2,Apo,A5,32C (heat stress),1,11,7,day_11
Plate 9_A5_Apo_32C,Plate 9,H2-Apo-32C,H2,Apo,A5,32C (heat stress),1,13,na,day_13
Plate 9_A5_Apo_32C,Plate 9,H2-Apo-32C,H2,Apo,A5,32C (heat stress),1,14,na,day_14
Plate 9_A5_Apo_32C,Plate 9,H2-Apo-32C,H2,Apo,A5,32C (heat stress),1,21,na,day_21
Plate 9_A6_Apo_32C,Plate 9,H2-Apo-32C,H2,Apo,A6,32C (heat stress),1,0,0,day_0
Plate 9_A6_Apo_32C,Plate 9,H2-Apo-32C,H2,Apo,A6,32C (heat stress),1,3,0,day_3
Plate 9_A6_Apo_32C,Plate 9,H2-Apo-32C,H2,Apo,A6,32C (heat stress),1,4,0,day_4
Plate 9_A6_Apo_32C,Plate 9,H2-Apo-32C,H2,Apo,A6,32C (heat stress),1,5,0,day_5
Plate 9_A6_Apo_32C,Plate 9,H2-Apo-32C,H2,Apo,A6,32C (heat stress),1,6,5,day_6
Plate 9_A6_Apo_32C,Plate 9,H2-Apo-32C,H2,Apo,A6,32C (heat stress),1,7,5,day_7
Plate 9_A6_Apo_32C,Plate 9,H2-Apo-32C,H2,Apo,A6,32C (heat stress),1,8,6,day_8
Plate 9_A6_Apo_32C,Plate 9,H2-Apo-32C,H2,Apo,A6,32C (heat stress),1,9,6,day_9
Plate 9_A6_Apo_32C,Plate 9,H2-Apo-32C,H2,Apo,A6,32C (heat stress),1,10,6,day_10
Plate 9_A6_Apo_32C,Plate 9,H2-Apo-32C,H2,Apo,A6,32C (heat stress),1,11,6,day_11
Plate 9_A6_Apo_32C,Plate 9,H2-Apo-32C,H2,Apo,A6,32C (heat stress),1,13,na,day_13
Plate 9_A6_Apo_32C,Plate 9,H2-Apo-32C,H2,Apo,A6,32C (heat stress),1,14,na,day_14
Plate 9_A6_Apo_32C,Plate 9,H2-Apo-32C,H2,Apo,A6,32C (heat stress),1,21,na,day_21
Plate 9_B1_Apo_32C,Plate 9,H2-Apo-32C,H2,Apo,B1,32C (heat stress),1,0,0,day_0
Plate 9_B1_Apo_32C,Plate 9,H2-Apo-32C,H2,Apo,B1,32C (heat stress),1,3,0,day_3
Plate 9_B1_Apo_32C,Plate 9,H2-Apo-32C,H2,Apo,B1,32C (heat stress),1,4,1,day_4
Plate 9_B1_Apo_32C,Plate 9,H2-Apo-32C,H2,Apo,B1,32C (heat stress),1,5,4,day_5
Plate 9_B1_Apo_32C,Plate 9,H2-Apo-32C,H2,Apo,B1,32C (heat stress),1,6,4,day_6
Plate 9_B1_Apo_32C,Plate 9,H2-Apo-32C,H2,Apo,B1,32C (heat stress),1,7,6,day_7
Plate 9_B1_Apo_32C,Plate 9,H2-Apo-32C,H2,Apo,B1,32C (heat stress),1,8,6,day_8
Plate 9_B1_Apo_32C,Plate 9,H2-Apo-32C,H2,Apo,B1,32C (heat stress),1,9,6,day_9
Plate 9_B1_Apo_32C,Plate 9,H2-Apo-32C,H2,Apo,B1,32C (heat stress),1,10,6,day_10
Plate 9_B1_Apo_32C,Plate 9,H2-Apo-32C,H2,Apo,B1,32C (heat stress),1,11,6,day_11
Plate 9_B1_Apo_32C,Plate 9,H2-Apo-32C,H2,Apo,B1,32C (heat stress),1,13,na,day_13
Plate 9_B1_Apo_32C,Plate 9,H2-Apo-32C,H2,Apo,B1,32C (heat stress),1,14,na,day_14
Plate 9_B1_Apo_32C,Plate 9,H2-Apo-32C,H2,Apo,B1,32C (heat stress),1,21,na,day_21
Plate 9_B2_Apo_32C,Plate 9,H2-Apo-32C,H2,Apo,B2,32C (heat stress),1,0,0,day_0
Plate 9_B2_Apo_32C,Plate 9,H2-Apo-32C,H2,Apo,B2,32C (heat stress),1,3,0,day_3
Plate 9_B2_Apo_32C,Plate 9,H2-Apo-32C,H2,Apo,B2,32C (heat stress),1,4,0,day_4
Plate 9_B2_Apo_32C,Plate 9,H2-Apo-32C,H2,Apo,B2,32C (heat stress),1,5,6,day_5
Plate 9_B2_Apo_32C,Plate 9,H2-Apo-32C,H2,Apo,B2,32C (heat stress),1,6,6,day_6
Plate 9_B2_Apo_32C,Plate 9,H2-Apo-32C,H2,Apo,B2,32C (heat stress),1,7,6,day_7
Plate 9_B2_Apo_32C,Plate 9,H2-Apo-32C,H2,Apo,B2,32C (heat stress),1,8,6,day_8
Plate 9_B2_Apo_32C,Plate 9,H2-Apo-32C,H2,Apo,B2,32C (heat stress),1,9,6,day_9
Plate 9_B2_Apo_32C,Plate 9,H2-Apo-32C,H2,Apo,B2,32C (heat stress),1,10,0,day_10
Plate 9_B2_Apo_32C,Plate 9,H2-Apo-32C,H2,Apo,B2,32C (heat stress),1,11,0,day_11
Plate 9_B2_Apo_32C,Plate 9,H2-Apo-32C,H2,Apo,B2,32C (heat stress),1,13,na,day_13
Plate 9_B2_Apo_32C,Plate 9,H2-Apo-32C,H2,Apo,B2,32C (heat stress),1,14,na,day_14
Plate 9_B2_Apo_32C,Plate 9,H2-Apo-32C,H2,Apo,B2,32C (heat stress),1,21,na,day_21
Plate 9_B3_Apo_32C,Plate 9,H2-Apo-32C,H2,Apo,B3,32C (heat stress),1,0,0,day_0
Plate 9_B3_Apo_32C,Plate 9,H2-Apo-32C,H2,Apo,B3,32C (heat stress),1,3,0,day_3
Plate 9_B3_Apo_32C,Plate 9,H2-Apo-32C,H2,Apo,B3,32C (heat stress),1,4,0,day_4
Plate 9_B3_Apo_32C,Plate 9,H2-Apo-32C,H2,Apo,B3,32C (heat stress),1,5,9,day_5
Plate 9_B3_Apo_32C,Plate 9,H2-Apo-32C,H2,Apo,B3,32C (heat stress),1,6,9,day_6
Plate 9_B3_Apo_32C,Plate 9,H2-Apo-32C,H2,Apo,B3,32C (heat stress),1,7,9,day_7
Plate 9_B3_Apo_32C,Plate 9,H2-Apo-32C,H2,Apo,B3,32C (heat stress),1,8,9,day_8
Plate 9_B3_Apo_32C,Plate 9,H2-Apo-32C,H2,Apo,B3,32C (heat stress),1,9,9,day_9
Plate 9_B3_Apo_32C,Plate 9,H2-Apo-32C,H2,Apo,B3,32C (heat stress),1,10,0,day_10
Plate 9_B3_Apo_32C,Plate 9,H2-Apo-32C,H2,Apo,B3,32C (heat stress),1,11,0,day_11
Plate 9_B3_Apo_32C,Plate 9,H2-Apo-32C,H2,Apo,B3,32C (heat stress),1,13,na,day_13
Plate 9_B3_Apo_32C,Plate 9,H2-Apo-32C,H2,Apo,B3,32C (heat stress),1,14,na,day_14
Plate 9_B3_Apo_32C,Plate 9,H2-Apo-32C,H2,Apo,B3,32C (heat stress),1,21,na,day_21
Plate 9_B4_Apo_32C,Plate 9,H2-Apo-32C,H2,Apo,B4,32C (heat stress),1,0,0,day_0
Plate 9_B4_Apo_32C,Plate 9,H2-Apo-32C,H2,Apo,B4,32C (heat stress),1,3,0,day_3
Plate 9_B4_Apo_32C,Plate 9,H2-Apo-32C,H2,Apo,B4,32C (heat stress),1,4,0,day_4
Plate 9_B4_Apo_32C,Plate 9,H2-Apo-32C,H2,Apo,B4,32C (heat stress),1,5,5,day_5
Plate 9_B4_Apo_32C,Plate 9,H2-Apo-32C,H2,Apo,B4,32C (heat stress),1,6,10,day_6
Plate 9_B4_Apo_32C,Plate 9,H2-Apo-32C,H2,Apo,B4,32C (heat stress),1,7,10,day_7
Plate 9_B4_Apo_32C,Plate 9,H2-Apo-32C,H2,Apo,B4,32C (heat stress),1,8,11,day_8
Plate 9_B4_Apo_32C,Plate 9,H2-Apo-32C,H2,Apo,B4,32C (heat stress),1,9,11,day_9
Plate 9_B4_Apo_32C,Plate 9,H2-Apo-32C,H2,Apo,B4,32C (heat stress),1,10,11,day_10
Plate 9_B4_Apo_32C,Plate 9,H2-Apo-32C,H2,Apo,B4,32C (heat stress),1,11,11,day_11
Plate 9_B4_Apo_32C,Plate 9,H2-Apo-32C,H2,Apo,B4,32C (heat stress),1,13,na,day_13
Plate 9_B4_Apo_32C,Plate 9,H2-Apo-32C,H2,Apo,B4,32C (heat stress),1,14,na,day_14
Plate 9_B4_Apo_32C,Plate 9,H2-Apo-32C,H2,Apo,B4,32C (heat stress),1,21,na,day_21
Plate 9_B4_Apo_32C,Plate 9,H2-Apo-32C,H2,Apo,B4,32C (heat stress),2,0,0,day_0
Plate 9_B4_Apo_32C,Plate 9,H2-Apo-32C,H2,Apo,B4,32C (heat stress),2,3,na,day_3
Plate 9_B4_Apo_32C,Plate 9,H2-Apo-32C,H2,Apo,B4,32C (heat stress),2,4,na,day_4
Plate 9_B4_Apo_32C,Plate 9,H2-Apo-32C,H2,Apo,B4,32C (heat stress),2,5,na,day_5
Plate 9_B4_Apo_32C,Plate 9,H2-Apo-32C,H2,Apo,B4,32C (heat stress),2,6,na,day_6
Plate 9_B4_Apo_32C,Plate 9,H2-Apo-32C,H2,Apo,B4,32C (heat stress),2,7,na,day_7
Plate 9_B4_Apo_32C,Plate 9,H2-Apo-32C,H2,Apo,B4,32C (heat stress),2,8,na,day_8
Plate 9_B4_Apo_32C,Plate 9,H2-Apo-32C,H2,Apo,B4,32C (heat stress),2,9,na,day_9
Plate 9_B4_Apo_32C,Plate 9,H2-Apo-32C,H2,Apo,B4,32C (heat stress),2,10,na,day_10
Plate 9_B4_Apo_32C,Plate 9,H2-Apo-32C,H2,Apo,B4,32C (heat stress),2,11,na,day_11
Plate 9_B4_Apo_32C,Plate 9,H2-Apo-32C,H2,Apo,B4,32C (heat stress),2,13,na,day_13
Plate 9_B4_Apo_32C,Plate 9,H2-Apo-32C,H2,Apo,B4,32C (heat stress),2,14,na,day_14
Plate 9_B4_Apo_32C,Plate 9,H2-Apo-32C,H2,Apo,B4,32C (heat stress),2,21,na,day_21
Plate 9_B5_Apo_32C,Plate 9,H2-Apo-32C,H2,Apo,B5,32C (heat stress),1,0,0,day_0
Plate 9_B5_Apo_32C,Plate 9,H2-Apo-32C,H2,Apo,B5,32C (heat stress),1,3,0,day_3
Plate 9_B5_Apo_32C,Plate 9,H2-Apo-32C,H2,Apo,B5,32C (heat stress),1,4,0,day_4
Plate 9_B5_Apo_32C,Plate 9,H2-Apo-32C,H2,Apo,B5,32C (heat stress),1,5,0,day_5
Plate 9_B5_Apo_32C,Plate 9,H2-Apo-32C,H2,Apo,B5,32C (heat stress),1,6,0,day_6
Plate 9_B5_Apo_32C,Plate 9,H2-Apo-32C,H2,Apo,B5,32C (heat stress),1,7,0,day_7
Plate 9_B5_Apo_32C,Plate 9,H2-Apo-32C,H2,Apo,B5,32C (heat stress),1,8,0,day_8
Plate 9_B5_Apo_32C,Plate 9,H2-Apo-32C,H2,Apo,B5,32C (heat stress),1,9,0,day_9
Plate 9_B5_Apo_32C,Plate 9,H2-Apo-32C,H2,Apo,B5,32C (heat stress),1,10,na,day_10
Plate 9_B5_Apo_32C,Plate 9,H2-Apo-32C,H2,Apo,B5,32C (heat stress),1,11,na,day_11
Plate 9_B5_Apo_32C,Plate 9,H2-Apo-32C,H2,Apo,B5,32C (heat stress),1,13,na,day_13
Plate 9_B5_Apo_32C,Plate 9,H2-Apo-32C,H2,Apo,B5,32C (heat stress),1,14,na,day_14
Plate 9_B5_Apo_32C,Plate 9,H2-Apo-32C,H2,Apo,B5,32C (heat stress),1,21,na,day_21
Plate 9_B6_Apo_32C,Plate 9,H2-Apo-32C,H2,Apo,B6,32C (heat stress),1,0,0,day_0
Plate 9_B6_Apo_32C,Plate 9,H2-Apo-32C,H2,Apo,B6,32C (heat stress),1,3,0,day_3
Plate 9_B6_Apo_32C,Plate 9,H2-Apo-32C,H2,Apo,B6,32C (heat stress),1,4,0,day_4
Plate 9_B6_Apo_32C,Plate 9,H2-Apo-32C,H2,Apo,B6,32C (heat stress),1,5,0,day_5
Plate 9_B6_Apo_32C,Plate 9,H2-Apo-32C,H2,Apo,B6,32C (heat stress),1,6,0,day_6
Plate 9_B6_Apo_32C,Plate 9,H2-Apo-32C,H2,Apo,B6,32C (heat stress),1,7,0,day_7
Plate 9_B6_Apo_32C,Plate 9,H2-Apo-32C,H2,Apo,B6,32C (heat stress),1,8,?,day_8
Plate 9_B6_Apo_32C,Plate 9,H2-Apo-32C,H2,Apo,B6,32C (heat stress),1,9,?,day_9
Plate 9_B6_Apo_32C,Plate 9,H2-Apo-32C,H2,Apo,B6,32C (heat stress),1,10,na,day_10
Plate 9_B6_Apo_32C,Plate 9,H2-Apo-32C,H2,Apo,B6,32C (heat stress),1,11,na,day_11
Plate 9_B6_Apo_32C,Plate 9,H2-Apo-32C,H2,Apo,B6,32C (heat stress),1,13,na,day_13
Plate 9_B6_Apo_32C,Plate 9,H2-Apo-32C,H2,Apo,B6,32C (heat stress),1,14,na,day_14
Plate 9_B6_Apo_32C,Plate 9,H2-Apo-32C,H2,Apo,B6,32C (heat stress),1,21,na,day_21
Plate 9_C1_Apo_32C,Plate 9,H2-Apo-32C,H2,Apo,C1,32C (heat stress),1,0,0,day_0
Plate 9_C1_Apo_32C,Plate 9,H2-Apo-32C,H2,Apo,C1,32C (heat stress),1,3,0,day_3
Plate 9_C1_Apo_32C,Plate 9,H2-Apo-32C,H2,Apo,C1,32C (heat stress),1,4,0,day_4
Plate 9_C1_Apo_32C,Plate 9,H2-Apo-32C,H2,Apo,C1,32C (heat stress),1,5,0,day_5
Plate 9_C1_Apo_32C,Plate 9,H2-Apo-32C,H2,Apo,C1,32C (heat stress),1,6,0,day_6
Plate 9_C1_Apo_32C,Plate 9,H2-Apo-32C,H2,Apo,C1,32C (heat stress),1,7,0,day_7
Plate 9_C1_Apo_32C,Plate 9,H2-Apo-32C,H2,Apo,C1,32C (heat stress),1,8,0,day_8
Plate 9_C1_Apo_32C,Plate 9,H2-Apo-32C,H2,Apo,C1,32C (heat stress),1,9,0,day_9
Plate 9_C1_Apo_32C,Plate 9,H2-Apo-32C,H2,Apo,C1,32C (heat stress),1,10,0,day_10
Plate 9_C1_Apo_32C,Plate 9,H2-Apo-32C,H2,Apo,C1,32C (heat stress),1,11,0,day_11
Plate 9_C1_Apo_32C,Plate 9,H2-Apo-32C,H2,Apo,C1,32C (heat stress),1,13,0,day_13
Plate 9_C1_Apo_32C,Plate 9,H2-Apo-32C,H2,Apo,C1,32C (heat stress),1,14,0,day_14
Plate 9_C1_Apo_32C,Plate 9,H2-Apo-32C,H2,Apo,C1,32C (heat stress),1,21,0,day_21
Plate 9_C2_Apo_32C,Plate 9,H2-Apo-32C,H2,Apo,C2,32C (heat stress),1,0,0,day_0
Plate 9_C2_Apo_32C,Plate 9,H2-Apo-32C,H2,Apo,C2,32C (heat stress),1,3,0,day_3
Plate 9_C2_Apo_32C,Plate 9,H2-Apo-32C,H2,Apo,C2,32C (heat stress),1,4,0,day_4
Plate 9_C2_Apo_32C,Plate 9,H2-Apo-32C,H2,Apo,C2,32C (heat stress),1,5,0,day_5
Plate 9_C2_Apo_32C,Plate 9,H2-Apo-32C,H2,Apo,C2,32C (heat stress),1,6,0,day_6
Plate 9_C2_Apo_32C,Plate 9,H2-Apo-32C,H2,Apo,C2,32C (heat stress),1,7,0,day_7
Plate 9_C2_Apo_32C,Plate 9,H2-Apo-32C,H2,Apo,C2,32C (heat stress),1,8,0,day_8
Plate 9_C2_Apo_32C,Plate 9,H2-Apo-32C,H2,Apo,C2,32C (heat stress),1,9,0,day_9
Plate 9_C2_Apo_32C,Plate 9,H2-Apo-32C,H2,Apo,C2,32C (heat stress),1,10,0,day_10
Plate 9_C2_Apo_32C,Plate 9,H2-Apo-32C,H2,Apo,C2,32C (heat stress),1,11,0,day_11
Plate 9_C2_Apo_32C,Plate 9,H2-Apo-32C,H2,Apo,C2,32C (heat stress),1,13,0,day_13
Plate 9_C2_Apo_32C,Plate 9,H2-Apo-32C,H2,Apo,C2,32C (heat stress),1,14,0,day_14
Plate 9_C2_Apo_32C,Plate 9,H2-Apo-32C,H2,Apo,C2,32C (heat stress),1,21,0,day_21
Plate 9_C3_Apo_32C,Plate 9,H2-Apo-32C,H2,Apo,C3,32C (heat stress),1,0,0,day_0
Plate 9_C3_Apo_32C,Plate 9,H2-Apo-32C,H2,Apo,C3,32C (heat stress),1,3,0,day_3
Plate 9_C3_Apo_32C,Plate 9,H2-Apo-32C,H2,Apo,C3,32C (heat stress),1,4,1,day_4
Plate 9_C3_Apo_32C,Plate 9,H2-Apo-32C,H2,Apo,C3,32C (heat stress),1,5,7,day_5
Plate 9_C3_Apo_32C,Plate 9,H2-Apo-32C,H2,Apo,C3,32C (heat stress),1,6,7,day_6
Plate 9_C3_Apo_32C,Plate 9,H2-Apo-32C,H2,Apo,C3,32C (heat stress),1,7,7,day_7
Plate 9_C3_Apo_32C,Plate 9,H2-Apo-32C,H2,Apo,C3,32C (heat stress),1,8,7,day_8
Plate 9_C3_Apo_32C,Plate 9,H2-Apo-32C,H2,Apo,C3,32C (heat stress),1,9,7,day_9
Plate 9_C3_Apo_32C,Plate 9,H2-Apo-32C,H2,Apo,C3,32C (heat stress),1,10,7,day_10
Plate 9_C3_Apo_32C,Plate 9,H2-Apo-32C,H2,Apo,C3,32C (heat stress),1,11,7,day_11
Plate 9_C3_Apo_32C,Plate 9,H2-Apo-32C,H2,Apo,C3,32C (heat stress),1,13,na,day_13
Plate 9_C3_Apo_32C,Plate 9,H2-Apo-32C,H2,Apo,C3,32C (heat stress),1,14,na,day_14
Plate 9_C3_Apo_32C,Plate 9,H2-Apo-32C,H2,Apo,C3,32C (heat stress),1,21,na,day_21
Plate 9_C4_Apo_32C,Plate 9,H2-Apo-32C,H2,Apo,C4,32C (heat stress),1,0,0,day_0
Plate 9_C4_Apo_32C,Plate 9,H2-Apo-32C,H2,Apo,C4,32C (heat stress),1,3,0,day_3
Plate 9_C4_Apo_32C,Plate 9,H2-Apo-32C,H2,Apo,C4,32C (heat stress),1,4,0,day_4
Plate 9_C4_Apo_32C,Plate 9,H2-Apo-32C,H2,Apo,C4,32C (heat stress),1,5,8,day_5
Plate 9_C4_Apo_32C,Plate 9,H2-Apo-32C,H2,Apo,C4,32C (heat stress),1,6,8,day_6
Plate 9_C4_Apo_32C,Plate 9,H2-Apo-32C,H2,Apo,C4,32C (heat stress),1,7,8,day_7
Plate 9_C4_Apo_32C,Plate 9,H2-Apo-32C,H2,Apo,C4,32C (heat stress),1,8,8,day_8
Plate 9_C4_Apo_32C,Plate 9,H2-Apo-32C,H2,Apo,C4,32C (heat stress),1,9,8,day_9
Plate 9_C4_Apo_32C,Plate 9,H2-Apo-32C,H2,Apo,C4,32C (heat stress),1,10,8,day_10
Plate 9_C4_Apo_32C,Plate 9,H2-Apo-32C,H2,Apo,C4,32C (heat stress),1,11,8,day_11
Plate 9_C4_Apo_32C,Plate 9,H2-Apo-32C,H2,Apo,C4,32C (heat stress),1,13,8,day_13
Plate 9_C4_Apo_32C,Plate 9,H2-Apo-32C,H2,Apo,C4,32C (heat stress),1,14,8,day_14
Plate 9_C4_Apo_32C,Plate 9,H2-Apo-32C,H2,Apo,C4,32C (heat stress),1,21,?,day_21
Plate 9_C5_Apo_32C,Plate 9,H2-Apo-32C,H2,Apo,C5,32C (heat stress),1,0,0,day_0
Plate 9_C5_Apo_32C,Plate 9,H2-Apo-32C,H2,Apo,C5,32C (heat stress),1,3,0,day_3
Plate 9_C5_Apo_32C,Plate 9,H2-Apo-32C,H2,Apo,C5,32C (heat stress),1,4,1,day_4
Plate 9_C5_Apo_32C,Plate 9,H2-Apo-32C,H2,Apo,C5,32C (heat stress),1,5,10,day_5
Plate 9_C5_Apo_32C,Plate 9,H2-Apo-32C,H2,Apo,C5,32C (heat stress),1,6,10,day_6
Plate 9_C5_Apo_32C,Plate 9,H2-Apo-32C,H2,Apo,C5,32C (heat stress),1,7,11,day_7
Plate 9_C5_Apo_32C,Plate 9,H2-Apo-32C,H2,Apo,C5,32C (heat stress),1,8,11,day_8
Plate 9_C5_Apo_32C,Plate 9,H2-Apo-32C,H2,Apo,C5,32C (heat stress),1,9,11,day_9
Plate 9_C5_Apo_32C,Plate 9,H2-Apo-32C,H2,Apo,C5,32C (heat stress),1,10,11,day_10
Plate 9_C5_Apo_32C,Plate 9,H2-Apo-32C,H2,Apo,C5,32C (heat stress),1,11,11,day_11
Plate 9_C5_Apo_32C,Plate 9,H2-Apo-32C,H2,Apo,C5,32C (heat stress),1,13,11,day_13
Plate 9_C5_Apo_32C,Plate 9,H2-Apo-32C,H2,Apo,C5,32C (heat stress),1,14,11,day_14
Plate 9_C5_Apo_32C,Plate 9,H2-Apo-32C,H2,Apo,C5,32C (heat stress),1,21,11,day_21
Plate 9_C6_Apo_32C,Plate 9,H2-Apo-32C,H2,Apo,C6,32C (heat stress),1,0,0,day_0
Plate 9_C6_Apo_32C,Plate 9,H2-Apo-32C,H2,Apo,C6,32C (heat stress),1,3,0,day_3
Plate 9_C6_Apo_32C,Plate 9,H2-Apo-32C,H2,Apo,C6,32C (heat stress),1,4,0,day_4
Plate 9_C6_Apo_32C,Plate 9,H2-Apo-32C,H2,Apo,C6,32C (heat stress),1,5,4,day_5
Plate 9_C6_Apo_32C,Plate 9,H2-Apo-32C,H2,Apo,C6,32C (heat stress),1,6,5,day_6
Plate 9_C6_Apo_32C,Plate 9,H2-Apo-32C,H2,Apo,C6,32C (heat stress),1,7,6,day_7
Plate 9_C6_Apo_32C,Plate 9,H2-Apo-32C,H2,Apo,C6,32C (heat stress),1,8,6,day_8
Plate 9_C6_Apo_32C,Plate 9,H2-Apo-32C,H2,Apo,C6,32C (heat stress),1,9,6,day_9
Plate 9_C6_Apo_32C,Plate 9,H2-Apo-32C,H2,Apo,C6,32C (heat stress),1,10,?,day_10
Plate 9_C6_Apo_32C,Plate 9,H2-Apo-32C,H2,Apo,C6,32C (heat stress),1,11,na,day_11
Plate 9_C6_Apo_32C,Plate 9,H2-Apo-32C,H2,Apo,C6,32C (heat stress),1,13,na,day_13
Plate 9_C6_Apo_32C,Plate 9,H2-Apo-32C,H2,Apo,C6,32C (heat stress),1,14,na,day_14
Plate 9_C6_Apo_32C,Plate 9,H2-Apo-32C,H2,Apo,C6,32C (heat stress),1,21,na,day_21
Plate 9_D1_Apo_32C,Plate 9,H2-Apo-32C,H2,Apo,D1,32C (heat stress),1,0,0,day_0
Plate 9_D1_Apo_32C,Plate 9,H2-Apo-32C,H2,Apo,D1,32C (heat stress),1,3,0,day_3
Plate 9_D1_Apo_32C,Plate 9,H2-Apo-32C,H2,Apo,D1,32C (heat stress),1,4,1,day_4
Plate 9_D1_Apo_32C,Plate 9,H2-Apo-32C,H2,Apo,D1,32C (heat stress),1,5,5,day_5
Plate 9_D1_Apo_32C,Plate 9,H2-Apo-32C,H2,Apo,D1,32C (heat stress),1,6,8,day_6
Plate 9_D1_Apo_32C,Plate 9,H2-Apo-32C,H2,Apo,D1,32C (heat stress),1,7,5,day_7
Plate 9_D1_Apo_32C,Plate 9,H2-Apo-32C,H2,Apo,D1,32C (heat stress),1,8,7,day_8
Plate 9_D1_Apo_32C,Plate 9,H2-Apo-32C,H2,Apo,D1,32C (heat stress),1,9,7,day_9
Plate 9_D1_Apo_32C,Plate 9,H2-Apo-32C,H2,Apo,D1,32C (heat stress),1,10,7,day_10
Plate 9_D1_Apo_32C,Plate 9,H2-Apo-32C,H2,Apo,D1,32C (heat stress),1,11,7,day_11
Plate 9_D1_Apo_32C,Plate 9,H2-Apo-32C,H2,Apo,D1,32C (heat stress),1,13,na,day_13
Plate 9_D1_Apo_32C,Plate 9,H2-Apo-32C,H2,Apo,D1,32C (heat stress),1,14,na,day_14
Plate 9_D1_Apo_32C,Plate 9,H2-Apo-32C,H2,Apo,D1,32C (heat stress),1,21,na,day_21
Plate 9_D2_Apo_32C,Plate 9,H2-Apo-32C,H2,Apo,D2,32C (heat stress),1,0,0,day_0
Plate 9_D2_Apo_32C,Plate 9,H2-Apo-32C,H2,Apo,D2,32C (heat stress),1,3,0,day_3
Plate 9_D2_Apo_32C,Plate 9,H2-Apo-32C,H2,Apo,D2,32C (heat stress),1,4,0,day_4
Plate 9_D2_Apo_32C,Plate 9,H2-Apo-32C,H2,Apo,D2,32C (heat stress),1,5,3,day_5
Plate 9_D2_Apo_32C,Plate 9,H2-Apo-32C,H2,Apo,D2,32C (heat stress),1,6,8,day_6
Plate 9_D2_Apo_32C,Plate 9,H2-Apo-32C,H2,Apo,D2,32C (heat stress),1,7,7,day_7
Plate 9_D2_Apo_32C,Plate 9,H2-Apo-32C,H2,Apo,D2,32C (heat stress),1,8,0,day_8
Plate 9_D2_Apo_32C,Plate 9,H2-Apo-32C,H2,Apo,D2,32C (heat stress),1,9,0,day_9
Plate 9_D2_Apo_32C,Plate 9,H2-Apo-32C,H2,Apo,D2,32C (heat stress),1,10,0,day_10
Plate 9_D2_Apo_32C,Plate 9,H2-Apo-32C,H2,Apo,D2,32C (heat stress),1,11,na,day_11
Plate 9_D2_Apo_32C,Plate 9,H2-Apo-32C,H2,Apo,D2,32C (heat stress),1,13,na,day_13
Plate 9_D2_Apo_32C,Plate 9,H2-Apo-32C,H2,Apo,D2,32C (heat stress),1,14,na,day_14
Plate 9_D2_Apo_32C,Plate 9,H2-Apo-32C,H2,Apo,D2,32C (heat stress),1,21,na,day_21
Plate 9_D3_Apo_32C,Plate 9,H2-Apo-32C,H2,Apo,D3,32C (heat stress),1,0,0,day_0
Plate 9_D3_Apo_32C,Plate 9,H2-Apo-32C,H2,Apo,D3,32C (heat stress),1,3,na,day_3
Plate 9_D3_Apo_32C,Plate 9,H2-Apo-32C,H2,Apo,D3,32C (heat stress),1,4,na,day_4
Plate 9_D3_Apo_32C,Plate 9,H2-Apo-32C,H2,Apo,D3,32C (heat stress),1,5,na,day_5
Plate 9_D3_Apo_32C,Plate 9,H2-Apo-32C,H2,Apo,D3,32C (heat stress),1,6,na,day_6
Plate 9_D3_Apo_32C,Plate 9,H2-Apo-32C,H2,Apo,D3,32C (heat stress),1,7,na,day_7
Plate 9_D3_Apo_32C,Plate 9,H2-Apo-32C,H2,Apo,D3,32C (heat stress),1,8,na,day_8
Plate 9_D3_Apo_32C,Plate 9,H2-Apo-32C,H2,Apo,D3,32C (heat stress),1,9,na,day_9
Plate 9_D3_Apo_32C,Plate 9,H2-Apo-32C,H2,Apo,D3,32C (heat stress),1,10,na,day_10
Plate 9_D3_Apo_32C,Plate 9,H2-Apo-32C,H2,Apo,D3,32C (heat stress),1,11,na,day_11
Plate 9_D3_Apo_32C,Plate 9,H2-Apo-32C,H2,Apo,D3,32C (heat stress),1,13,na,day_13
Plate 9_D3_Apo_32C,Plate 9,H2-Apo-32C,H2,Apo,D3,32C (heat stress),1,14,na,day_14
Plate 9_D3_Apo_32C,Plate 9,H2-Apo-32C,H2,Apo,D3,32C (heat stress),1,21,na,day_21
Plate 9_D4_Apo_32C,Plate 9,H2-Apo-32C,H2,Apo,D4,32C (heat stress),1,0,0,day_0
Plate 9_D4_Apo_32C,Plate 9,H2-Apo-32C,H2,Apo,D4,32C (heat stress),1,3,na,day_3
Plate 9_D4_Apo_32C,Plate 9,H2-Apo-32C,H2,Apo,D4,32C (heat stress),1,4,na,day_4
Plate 9_D4_Apo_32C,Plate 9,H2-Apo-32C,H2,Apo,D4,32C (heat stress),1,5,na,day_5
Plate 9_D4_Apo_32C,Plate 9,H2-Apo-32C,H2,Apo,D4,32C (heat stress),1,6,na,day_6
Plate 9_D4_Apo_32C,Plate 9,H2-Apo-32C,H2,Apo,D4,32C (heat stress),1,7,na,day_7
Plate 9_D4_Apo_32C,Plate 9,H2-Apo-32C,H2,Apo,D4,32C (heat stress),1,8,na,day_8
Plate 9_D4_Apo_32C,Plate 9,H2-Apo-32C,H2,Apo,D4,32C (heat stress),1,9,na,day_9
Plate 9_D4_Apo_32C,Plate 9,H2-Apo-32C,H2,Apo,D4,32C (heat stress),1,10,na,day_10
Plate 9_D4_Apo_32C,Plate 9,H2-Apo-32C,H2,Apo,D4,32C (heat stress),1,11,na,day_11
Plate 9_D4_Apo_32C,Plate 9,H2-Apo-32C,H2,Apo,D4,32C (heat stress),1,13,na,day_13
Plate 9_D4_Apo_32C,Plate 9,H2-Apo-32C,H2,Apo,D4,32C (heat stress),1,14,na,day_14
Plate 9_D4_Apo_32C,Plate 9,H2-Apo-32C,H2,Apo,D4,32C (heat stress),1,21,na,day_21
Plate 9_D5_Apo_32C,Plate 9,H2-Apo-32C,H2,Apo,D5,32C (heat stress),1,0,0,day_0
Plate 9_D5_Apo_32C,Plate 9,H2-Apo-32C,H2,Apo,D5,32C (heat stress),1,3,na,day_3
Plate 9_D5_Apo_32C,Plate 9,H2-Apo-32C,H2,Apo,D5,32C (heat stress),1,4,na,day_4
Plate 9_D5_Apo_32C,Plate 9,H2-Apo-32C,H2,Apo,D5,32C (heat stress),1,5,na,day_5
Plate 9_D5_Apo_32C,Plate 9,H2-Apo-32C,H2,Apo,D5,32C (heat stress),1,6,na,day_6
Plate 9_D5_Apo_32C,Plate 9,H2-Apo-32C,H2,Apo,D5,32C (heat stress),1,7,na,day_7
Plate 9_D5_Apo_32C,Plate 9,H2-Apo-32C,H2,Apo,D5,32C (heat stress),1,8,na,day_8
Plate 9_D5_Apo_32C,Plate 9,H2-Apo-32C,H2,Apo,D5,32C (heat stress),1,9,na,day_9
Plate 9_D5_Apo_32C,Plate 9,H2-Apo-32C,H2,Apo,D5,32C (heat stress),1,10,na,day_10
Plate 9_D5_Apo_32C,Plate 9,H2-Apo-32C,H2,Apo,D5,32C (heat stress),1,11,na,day_11
Plate 9_D5_Apo_32C,Plate 9,H2-Apo-32C,H2,Apo,D5,32C (heat stress),1,13,na,day_13
Plate 9_D5_Apo_32C,Plate 9,H2-Apo-32C,H2,Apo,D5,32C (heat stress),1,14,na,day_14
Plate 9_D5_Apo_32C,Plate 9,H2-Apo-32C,H2,Apo,D5,32C (heat stress),1,21,na,day_21
Plate 9_D6_Apo_32C,Plate 9,H2-Apo-32C,H2,Apo,D6,32C (heat stress),1,0,0,day_0
Plate 9_D6_Apo_32C,Plate 9,H2-Apo-32C,H2,Apo,D6,32C (heat stress),1,3,0,day_3
Plate 9_D6_Apo_32C,Plate 9,H2-Apo-32C,H2,Apo,D6,32C (heat stress),1,4,0,day_4
Plate 9_D6_Apo_32C,Plate 9,H2-Apo-32C,H2,Apo,D6,32C (heat stress),1,5,0,day_5
Plate 9_D6_Apo_32C,Plate 9,H2-Apo-32C,H2,Apo,D6,32C (heat stress),1,6,2,day_6
Plate 9_D6_Apo_32C,Plate 9,H2-Apo-32C,H2,Apo,D6,32C (heat stress),1,7,2,day_7
Plate 9_D6_Apo_32C,Plate 9,H2-Apo-32C,H2,Apo,D6,32C (heat stress),1,8,2,day_8
Plate 9_D6_Apo_32C,Plate 9,H2-Apo-32C,H2,Apo,D6,32C (heat stress),1,9,2,day_9
Plate 9_D6_Apo_32C,Plate 9,H2-Apo-32C,H2,Apo,D6,32C (heat stress),1,10,2,day_10
Plate 9_D6_Apo_32C,Plate 9,H2-Apo-32C,H2,Apo,D6,32C (heat stress),1,11,2,day_11
Plate 9_D6_Apo_32C,Plate 9,H2-Apo-32C,H2,Apo,D6,32C (heat stress),1,13,2,day_13
Plate 9_D6_Apo_32C,Plate 9,H2-Apo-32C,H2,Apo,D6,32C (heat stress),1,14,2,day_14
Plate 9_D6_Apo_32C,Plate 9,H2-Apo-32C,H2,Apo,D6,32C (heat stress),1,21,2,day_21
Plate 10_A1_Apo_32C,Plate 10,H2-Apo-32C,H2,Apo,A1,32C (heat stress),1,0,0,day_0
Plate 10_A1_Apo_32C,Plate 10,H2-Apo-32C,H2,Apo,A1,32C (heat stress),1,3,na,day_3
Plate 10_A1_Apo_32C,Plate 10,H2-Apo-32C,H2,Apo,A1,32C (heat stress),1,4,na,day_4
Plate 10_A1_Apo_32C,Plate 10,H2-Apo-32C,H2,Apo,A1,32C (heat stress),1,5,na,day_5
Plate 10_A1_Apo_32C,Plate 10,H2-Apo-32C,H2,Apo,A1,32C (heat stress),1,6,na,day_6
Plate 10_A1_Apo_32C,Plate 10,H2-Apo-32C,H2,Apo,A1,32C (heat stress),1,7,na,day_7
Plate 10_A1_Apo_32C,Plate 10,H2-Apo-32C,H2,Apo,A1,32C (heat stress),1,8,na,day_8
Plate 10_A1_Apo_32C,Plate 10,H2-Apo-32C,H2,Apo,A1,32C (heat stress),1,9,na,day_9
Plate 10_A1_Apo_32C,Plate 10,H2-Apo-32C,H2,Apo,A1,32C (heat stress),1,10,na,day_10
Plate 10_A1_Apo_32C,Plate 10,H2-Apo-32C,H2,Apo,A1,32C (heat stress),1,11,na,day_11
Plate 10_A1_Apo_32C,Plate 10,H2-Apo-32C,H2,Apo,A1,32C (heat stress),1,13,na,day_13
Plate 10_A1_Apo_32C,Plate 10,H2-Apo-32C,H2,Apo,A1,32C (heat stress),1,14,na,day_14
Plate 10_A1_Apo_32C,Plate 10,H2-Apo-32C,H2,Apo,A1,32C (heat stress),1,21,na,day_21
Plate 10_A2_Apo_32C,Plate 10,H2-Apo-32C,H2,Apo,A2,32C (heat stress),1,0,0,day_0
Plate 10_A2_Apo_32C,Plate 10,H2-Apo-32C,H2,Apo,A2,32C (heat stress),1,3,edu,day_3
Plate 10_A2_Apo_32C,Plate 10,H2-Apo-32C,H2,Apo,A2,32C (heat stress),1,4,edu,day_4
Plate 10_A2_Apo_32C,Plate 10,H2-Apo-32C,H2,Apo,A2,32C (heat stress),1,5,edu,day_5
Plate 10_A2_Apo_32C,Plate 10,H2-Apo-32C,H2,Apo,A2,32C (heat stress),1,6,edu,day_6
Plate 10_A2_Apo_32C,Plate 10,H2-Apo-32C,H2,Apo,A2,32C (heat stress),1,7,edu,day_7
Plate 10_A2_Apo_32C,Plate 10,H2-Apo-32C,H2,Apo,A2,32C (heat stress),1,8,edu,day_8
Plate 10_A2_Apo_32C,Plate 10,H2-Apo-32C,H2,Apo,A2,32C (heat stress),1,9,edu,day_9
Plate 10_A2_Apo_32C,Plate 10,H2-Apo-32C,H2,Apo,A2,32C (heat stress),1,10,edu,day_10
Plate 10_A2_Apo_32C,Plate 10,H2-Apo-32C,H2,Apo,A2,32C (heat stress),1,11,edu,day_11
Plate 10_A2_Apo_32C,Plate 10,H2-Apo-32C,H2,Apo,A2,32C (heat stress),1,13,edu,day_13
Plate 10_A2_Apo_32C,Plate 10,H2-Apo-32C,H2,Apo,A2,32C (heat stress),1,14,edu,day_14
Plate 10_A2_Apo_32C,Plate 10,H2-Apo-32C,H2,Apo,A2,32C (heat stress),1,21,edu,day_21
Plate 10_A3_Apo_32C,Plate 10,H2-Apo-32C,H2,Apo,A3,32C (heat stress),1,0,0,day_0
Plate 10_A3_Apo_32C,Plate 10,H2-Apo-32C,H2,Apo,A3,32C (heat stress),1,3,edu,day_3
Plate 10_A3_Apo_32C,Plate 10,H2-Apo-32C,H2,Apo,A3,32C (heat stress),1,4,edu,day_4
Plate 10_A3_Apo_32C,Plate 10,H2-Apo-32C,H2,Apo,A3,32C (heat stress),1,5,edu,day_5
Plate 10_A3_Apo_32C,Plate 10,H2-Apo-32C,H2,Apo,A3,32C (heat stress),1,6,edu,day_6
Plate 10_A3_Apo_32C,Plate 10,H2-Apo-32C,H2,Apo,A3,32C (heat stress),1,7,edu,day_7
Plate 10_A3_Apo_32C,Plate 10,H2-Apo-32C,H2,Apo,A3,32C (heat stress),1,8,edu,day_8
Plate 10_A3_Apo_32C,Plate 10,H2-Apo-32C,H2,Apo,A3,32C (heat stress),1,9,edu,day_9
Plate 10_A3_Apo_32C,Plate 10,H2-Apo-32C,H2,Apo,A3,32C (heat stress),1,10,edu,day_10
Plate 10_A3_Apo_32C,Plate 10,H2-Apo-32C,H2,Apo,A3,32C (heat stress),1,11,edu,day_11
Plate 10_A3_Apo_32C,Plate 10,H2-Apo-32C,H2,Apo,A3,32C (heat stress),1,13,edu,day_13
Plate 10_A3_Apo_32C,Plate 10,H2-Apo-32C,H2,Apo,A3,32C (heat stress),1,14,edu,day_14
Plate 10_A3_Apo_32C,Plate 10,H2-Apo-32C,H2,Apo,A3,32C (heat stress),1,21,edu,day_21
Plate 10_A4_Apo_32C,Plate 10,H2-Apo-32C,H2,Apo,A4,32C (heat stress),1,0,0,day_0
Plate 10_A4_Apo_32C,Plate 10,H2-Apo-32C,H2,Apo,A4,32C (heat stress),1,3,edu,day_3
Plate 10_A4_Apo_32C,Plate 10,H2-Apo-32C,H2,Apo,A4,32C (heat stress),1,4,edu,day_4
Plate 10_A4_Apo_32C,Plate 10,H2-Apo-32C,H2,Apo,A4,32C (heat stress),1,5,edu,day_5
Plate 10_A4_Apo_32C,Plate 10,H2-Apo-32C,H2,Apo,A4,32C (heat stress),1,6,edu,day_6
Plate 10_A4_Apo_32C,Plate 10,H2-Apo-32C,H2,Apo,A4,32C (heat stress),1,7,edu,day_7
Plate 10_A4_Apo_32C,Plate 10,H2-Apo-32C,H2,Apo,A4,32C (heat stress),1,8,edu,day_8
Plate 10_A4_Apo_32C,Plate 10,H2-Apo-32C,H2,Apo,A4,32C (heat stress),1,9,edu,day_9
Plate 10_A4_Apo_32C,Plate 10,H2-Apo-32C,H2,Apo,A4,32C (heat stress),1,10,edu,day_10
Plate 10_A4_Apo_32C,Plate 10,H2-Apo-32C,H2,Apo,A4,32C (heat stress),1,11,edu,day_11
Plate 10_A4_Apo_32C,Plate 10,H2-Apo-32C,H2,Apo,A4,32C (heat stress),1,13,edu,day_13
Plate 10_A4_Apo_32C,Plate 10,H2-Apo-32C,H2,Apo,A4,32C (heat stress),1,14,edu,day_14
Plate 10_A4_Apo_32C,Plate 10,H2-Apo-32C,H2,Apo,A4,32C (heat stress),1,21,edu,day_21
Plate 10_A5_Apo_32C,Plate 10,H2-Apo-32C,H2,Apo,A5,32C (heat stress),1,0,0,day_0
Plate 10_A5_Apo_32C,Plate 10,H2-Apo-32C,H2,Apo,A5,32C (heat stress),1,3,0,day_3
Plate 10_A5_Apo_32C,Plate 10,H2-Apo-32C,H2,Apo,A5,32C (heat stress),1,4,0,day_4
Plate 10_A5_Apo_32C,Plate 10,H2-Apo-32C,H2,Apo,A5,32C (heat stress),1,5,edu,day_5
Plate 10_A5_Apo_32C,Plate 10,H2-Apo-32C,H2,Apo,A5,32C (heat stress),1,6,edu,day_6
Plate 10_A5_Apo_32C,Plate 10,H2-Apo-32C,H2,Apo,A5,32C (heat stress),1,7,edu,day_7
Plate 10_A5_Apo_32C,Plate 10,H2-Apo-32C,H2,Apo,A5,32C (heat stress),1,8,edu,day_8
Plate 10_A5_Apo_32C,Plate 10,H2-Apo-32C,H2,Apo,A5,32C (heat stress),1,9,edu,day_9
Plate 10_A5_Apo_32C,Plate 10,H2-Apo-32C,H2,Apo,A5,32C (heat stress),1,10,edu,day_10
Plate 10_A5_Apo_32C,Plate 10,H2-Apo-32C,H2,Apo,A5,32C (heat stress),1,11,edu,day_11
Plate 10_A5_Apo_32C,Plate 10,H2-Apo-32C,H2,Apo,A5,32C (heat stress),1,13,edu,day_13
Plate 10_A5_Apo_32C,Plate 10,H2-Apo-32C,H2,Apo,A5,32C (heat stress),1,14,edu,day_14
Plate 10_A5_Apo_32C,Plate 10,H2-Apo-32C,H2,Apo,A5,32C (heat stress),1,21,edu,day_21
Plate 10_A6_Apo_32C,Plate 10,H2-Apo-32C,H2,Apo,A6,32C (heat stress),1,0,0,day_0
Plate 10_A6_Apo_32C,Plate 10,H2-Apo-32C,H2,Apo,A6,32C (heat stress),1,3,0,day_3
Plate 10_A6_Apo_32C,Plate 10,H2-Apo-32C,H2,Apo,A6,32C (heat stress),1,4,0,day_4
Plate 10_A6_Apo_32C,Plate 10,H2-Apo-32C,H2,Apo,A6,32C (heat stress),1,5,edu,day_5
Plate 10_A6_Apo_32C,Plate 10,H2-Apo-32C,H2,Apo,A6,32C (heat stress),1,6,edu,day_6
Plate 10_A6_Apo_32C,Plate 10,H2-Apo-32C,H2,Apo,A6,32C (heat stress),1,7,edu,day_7
Plate 10_A6_Apo_32C,Plate 10,H2-Apo-32C,H2,Apo,A6,32C (heat stress),1,8,edu,day_8
Plate 10_A6_Apo_32C,Plate 10,H2-Apo-32C,H2,Apo,A6,32C (heat stress),1,9,edu,day_9
Plate 10_A6_Apo_32C,Plate 10,H2-Apo-32C,H2,Apo,A6,32C (heat stress),1,10,edu,day_10
Plate 10_A6_Apo_32C,Plate 10,H2-Apo-32C,H2,Apo,A6,32C (heat stress),1,11,edu,day_11
Plate 10_A6_Apo_32C,Plate 10,H2-Apo-32C,H2,Apo,A6,32C (heat stress),1,13,edu,day_13
Plate 10_A6_Apo_32C,Plate 10,H2-Apo-32C,H2,Apo,A6,32C (heat stress),1,14,edu,day_14
Plate 10_A6_Apo_32C,Plate 10,H2-Apo-32C,H2,Apo,A6,32C (heat stress),1,21,edu,day_21
Plate 10_B1_Apo_32C,Plate 10,H2-Apo-32C,H2,Apo,B1,32C (heat stress),1,0,0,day_0
Plate 10_B1_Apo_32C,Plate 10,H2-Apo-32C,H2,Apo,B1,32C (heat stress),1,3,0,day_3
Plate 10_B1_Apo_32C,Plate 10,H2-Apo-32C,H2,Apo,B1,32C (heat stress),1,4,0,day_4
Plate 10_B1_Apo_32C,Plate 10,H2-Apo-32C,H2,Apo,B1,32C (heat stress),1,5,0,day_5
Plate 10_B1_Apo_32C,Plate 10,H2-Apo-32C,H2,Apo,B1,32C (heat stress),1,6,0,day_6
Plate 10_B1_Apo_32C,Plate 10,H2-Apo-32C,H2,Apo,B1,32C (heat stress),1,7,0,day_7
Plate 10_B1_Apo_32C,Plate 10,H2-Apo-32C,H2,Apo,B1,32C (heat stress),1,8,0,day_8
Plate 10_B1_Apo_32C,Plate 10,H2-Apo-32C,H2,Apo,B1,32C (heat stress),1,9,0,day_9
Plate 10_B1_Apo_32C,Plate 10,H2-Apo-32C,H2,Apo,B1,32C (heat stress),1,10,0,day_10
Plate 10_B1_Apo_32C,Plate 10,H2-Apo-32C,H2,Apo,B1,32C (heat stress),1,11,0,day_11
Plate 10_B1_Apo_32C,Plate 10,H2-Apo-32C,H2,Apo,B1,32C (heat stress),1,13,0,day_13
Plate 10_B1_Apo_32C,Plate 10,H2-Apo-32C,H2,Apo,B1,32C (heat stress),1,14,na,day_14
Plate 10_B1_Apo_32C,Plate 10,H2-Apo-32C,H2,Apo,B1,32C (heat stress),1,21,na,day_21
Plate 10_B2_Apo_32C,Plate 10,H2-Apo-32C,H2,Apo,B2,32C (heat stress),1,0,0,day_0
Plate 10_B2_Apo_32C,Plate 10,H2-Apo-32C,H2,Apo,B2,32C (heat stress),1,3,1,day_3
Plate 10_B2_Apo_32C,Plate 10,H2-Apo-32C,H2,Apo,B2,32C (heat stress),1,4,0,day_4
Plate 10_B2_Apo_32C,Plate 10,H2-Apo-32C,H2,Apo,B2,32C (heat stress),1,5,4,day_5
Plate 10_B2_Apo_32C,Plate 10,H2-Apo-32C,H2,Apo,B2,32C (heat stress),1,6,5,day_6
Plate 10_B2_Apo_32C,Plate 10,H2-Apo-32C,H2,Apo,B2,32C (heat stress),1,7,5,day_7
Plate 10_B2_Apo_32C,Plate 10,H2-Apo-32C,H2,Apo,B2,32C (heat stress),1,8,6,day_8
Plate 10_B2_Apo_32C,Plate 10,H2-Apo-32C,H2,Apo,B2,32C (heat stress),1,9,na,day_9
Plate 10_B2_Apo_32C,Plate 10,H2-Apo-32C,H2,Apo,B2,32C (heat stress),1,10,na,day_10
Plate 10_B2_Apo_32C,Plate 10,H2-Apo-32C,H2,Apo,B2,32C (heat stress),1,11,na,day_11
Plate 10_B2_Apo_32C,Plate 10,H2-Apo-32C,H2,Apo,B2,32C (heat stress),1,13,na,day_13
Plate 10_B2_Apo_32C,Plate 10,H2-Apo-32C,H2,Apo,B2,32C (heat stress),1,14,na,day_14
Plate 10_B2_Apo_32C,Plate 10,H2-Apo-32C,H2,Apo,B2,32C (heat stress),1,21,na,day_21
Plate 10_B3_Apo_32C,Plate 10,H2-Apo-32C,H2,Apo,B3,32C (heat stress),1,0,0,day_0
Plate 10_B3_Apo_32C,Plate 10,H2-Apo-32C,H2,Apo,B3,32C (heat stress),1,3,0,day_3
Plate 10_B3_Apo_32C,Plate 10,H2-Apo-32C,H2,Apo,B3,32C (heat stress),1,4,0,day_4
Plate 10_B3_Apo_32C,Plate 10,H2-Apo-32C,H2,Apo,B3,32C (heat stress),1,5,0,day_5
Plate 10_B3_Apo_32C,Plate 10,H2-Apo-32C,H2,Apo,B3,32C (heat stress),1,6,0,day_6
Plate 10_B3_Apo_32C,Plate 10,H2-Apo-32C,H2,Apo,B3,32C (heat stress),1,7,na,day_7
Plate 10_B3_Apo_32C,Plate 10,H2-Apo-32C,H2,Apo,B3,32C (heat stress),1,8,na,day_8
Plate 10_B3_Apo_32C,Plate 10,H2-Apo-32C,H2,Apo,B3,32C (heat stress),1,9,na,day_9
Plate 10_B3_Apo_32C,Plate 10,H2-Apo-32C,H2,Apo,B3,32C (heat stress),1,10,na,day_10
Plate 10_B3_Apo_32C,Plate 10,H2-Apo-32C,H2,Apo,B3,32C (heat stress),1,11,na,day_11
Plate 10_B3_Apo_32C,Plate 10,H2-Apo-32C,H2,Apo,B3,32C (heat stress),1,13,na,day_13
Plate 10_B3_Apo_32C,Plate 10,H2-Apo-32C,H2,Apo,B3,32C (heat stress),1,14,na,day_14
Plate 10_B3_Apo_32C,Plate 10,H2-Apo-32C,H2,Apo,B3,32C (heat stress),1,21,na,day_21
Plate 10_B4_Apo_32C,Plate 10,H2-Apo-32C,H2,Apo,B4,32C (heat stress),1,0,0,day_0
Plate 10_B4_Apo_32C,Plate 10,H2-Apo-32C,H2,Apo,B4,32C (heat stress),1,3,0,day_3
Plate 10_B4_Apo_32C,Plate 10,H2-Apo-32C,H2,Apo,B4,32C (heat stress),1,4,0,day_4
Plate 10_B4_Apo_32C,Plate 10,H2-Apo-32C,H2,Apo,B4,32C (heat stress),1,5,0,day_5
Plate 10_B4_Apo_32C,Plate 10,H2-Apo-32C,H2,Apo,B4,32C (heat stress),1,6,0,day_6
Plate 10_B4_Apo_32C,Plate 10,H2-Apo-32C,H2,Apo,B4,32C (heat stress),1,7,0,day_7
Plate 10_B4_Apo_32C,Plate 10,H2-Apo-32C,H2,Apo,B4,32C (heat stress),1,8,0,day_8
Plate 10_B4_Apo_32C,Plate 10,H2-Apo-32C,H2,Apo,B4,32C (heat stress),1,9,0,day_9
Plate 10_B4_Apo_32C,Plate 10,H2-Apo-32C,H2,Apo,B4,32C (heat stress),1,10,0,day_10
Plate 10_B4_Apo_32C,Plate 10,H2-Apo-32C,H2,Apo,B4,32C (heat stress),1,11,0,day_11
Plate 10_B4_Apo_32C,Plate 10,H2-Apo-32C,H2,Apo,B4,32C (heat stress),1,13,na,day_13
Plate 10_B4_Apo_32C,Plate 10,H2-Apo-32C,H2,Apo,B4,32C (heat stress),1,14,na,day_14
Plate 10_B4_Apo_32C,Plate 10,H2-Apo-32C,H2,Apo,B4,32C (heat stress),1,21,na,day_21
Plate 10_B5_Apo_32C,Plate 10,H2-Apo-32C,H2,Apo,B5,32C (heat stress),1,0,0,day_0
Plate 10_B5_Apo_32C,Plate 10,H2-Apo-32C,H2,Apo,B5,32C (heat stress),1,3,0,day_3
Plate 10_B5_Apo_32C,Plate 10,H2-Apo-32C,H2,Apo,B5,32C (heat stress),1,4,0,day_4
Plate 10_B5_Apo_32C,Plate 10,H2-Apo-32C,H2,Apo,B5,32C (heat stress),1,5,edu,day_5
Plate 10_B5_Apo_32C,Plate 10,H2-Apo-32C,H2,Apo,B5,32C (heat stress),1,6,edu,day_6
Plate 10_B5_Apo_32C,Plate 10,H2-Apo-32C,H2,Apo,B5,32C (heat stress),1,7,edu,day_7
Plate 10_B5_Apo_32C,Plate 10,H2-Apo-32C,H2,Apo,B5,32C (heat stress),1,8,edu,day_8
Plate 10_B5_Apo_32C,Plate 10,H2-Apo-32C,H2,Apo,B5,32C (heat stress),1,9,edu,day_9
Plate 10_B5_Apo_32C,Plate 10,H2-Apo-32C,H2,Apo,B5,32C (heat stress),1,10,edu,day_10
Plate 10_B5_Apo_32C,Plate 10,H2-Apo-32C,H2,Apo,B5,32C (heat stress),1,11,edu,day_11
Plate 10_B5_Apo_32C,Plate 10,H2-Apo-32C,H2,Apo,B5,32C (heat stress),1,13,edu,day_13
Plate 10_B5_Apo_32C,Plate 10,H2-Apo-32C,H2,Apo,B5,32C (heat stress),1,14,edu,day_14
Plate 10_B5_Apo_32C,Plate 10,H2-Apo-32C,H2,Apo,B5,32C (heat stress),1,21,edu,day_21
Plate 10_B6_Apo_32C,Plate 10,H2-Apo-32C,H2,Apo,B6,32C (heat stress),1,0,0,day_0
Plate 10_B6_Apo_32C,Plate 10,H2-Apo-32C,H2,Apo,B6,32C (heat stress),1,3,0,day_3
Plate 10_B6_Apo_32C,Plate 10,H2-Apo-32C,H2,Apo,B6,32C (heat stress),1,4,0,day_4
Plate 10_B6_Apo_32C,Plate 10,H2-Apo-32C,H2,Apo,B6,32C (heat stress),1,5,edu,day_5
Plate 10_B6_Apo_32C,Plate 10,H2-Apo-32C,H2,Apo,B6,32C (heat stress),1,6,edu,day_6
Plate 10_B6_Apo_32C,Plate 10,H2-Apo-32C,H2,Apo,B6,32C (heat stress),1,7,edu,day_7
Plate 10_B6_Apo_32C,Plate 10,H2-Apo-32C,H2,Apo,B6,32C (heat stress),1,8,edu,day_8
Plate 10_B6_Apo_32C,Plate 10,H2-Apo-32C,H2,Apo,B6,32C (heat stress),1,9,edu,day_9
Plate 10_B6_Apo_32C,Plate 10,H2-Apo-32C,H2,Apo,B6,32C (heat stress),1,10,edu,day_10
Plate 10_B6_Apo_32C,Plate 10,H2-Apo-32C,H2,Apo,B6,32C (heat stress),1,11,edu,day_11
Plate 10_B6_Apo_32C,Plate 10,H2-Apo-32C,H2,Apo,B6,32C (heat stress),1,13,edu,day_13
Plate 10_B6_Apo_32C,Plate 10,H2-Apo-32C,H2,Apo,B6,32C (heat stress),1,14,edu,day_14
Plate 10_B6_Apo_32C,Plate 10,H2-Apo-32C,H2,Apo,B6,32C (heat stress),1,21,edu,day_21
Plate 10_C1_Apo_32C,Plate 10,H2-Apo-32C,H2,Apo,C1,32C (heat stress),1,0,0,day_0
Plate 10_C1_Apo_32C,Plate 10,H2-Apo-32C,H2,Apo,C1,32C (heat stress),1,3,0,day_3
Plate 10_C1_Apo_32C,Plate 10,H2-Apo-32C,H2,Apo,C1,32C (heat stress),1,4,0,day_4
Plate 10_C1_Apo_32C,Plate 10,H2-Apo-32C,H2,Apo,C1,32C (heat stress),1,5,0,day_5
Plate 10_C1_Apo_32C,Plate 10,H2-Apo-32C,H2,Apo,C1,32C (heat stress),1,6,0,day_6
Plate 10_C1_Apo_32C,Plate 10,H2-Apo-32C,H2,Apo,C1,32C (heat stress),1,7,0,day_7
Plate 10_C1_Apo_32C,Plate 10,H2-Apo-32C,H2,Apo,C1,32C (heat stress),1,8,?,day_8
Plate 10_C1_Apo_32C,Plate 10,H2-Apo-32C,H2,Apo,C1,32C (heat stress),1,9,na,day_9
Plate 10_C1_Apo_32C,Plate 10,H2-Apo-32C,H2,Apo,C1,32C (heat stress),1,10,na,day_10
Plate 10_C1_Apo_32C,Plate 10,H2-Apo-32C,H2,Apo,C1,32C (heat stress),1,11,na,day_11
Plate 10_C1_Apo_32C,Plate 10,H2-Apo-32C,H2,Apo,C1,32C (heat stress),1,13,na,day_13
Plate 10_C1_Apo_32C,Plate 10,H2-Apo-32C,H2,Apo,C1,32C (heat stress),1,14,na,day_14
Plate 10_C1_Apo_32C,Plate 10,H2-Apo-32C,H2,Apo,C1,32C (heat stress),1,21,na,day_21
Plate 10_C2_Apo_32C,Plate 10,H2-Apo-32C,H2,Apo,C2,32C (heat stress),1,0,0,day_0
Plate 10_C2_Apo_32C,Plate 10,H2-Apo-32C,H2,Apo,C2,32C (heat stress),1,3,0,day_3
Plate 10_C2_Apo_32C,Plate 10,H2-Apo-32C,H2,Apo,C2,32C (heat stress),1,4,0,day_4
Plate 10_C2_Apo_32C,Plate 10,H2-Apo-32C,H2,Apo,C2,32C (heat stress),1,5,0,day_5
Plate 10_C2_Apo_32C,Plate 10,H2-Apo-32C,H2,Apo,C2,32C (heat stress),1,6,0,day_6
Plate 10_C2_Apo_32C,Plate 10,H2-Apo-32C,H2,Apo,C2,32C (heat stress),1,7,0,day_7
Plate 10_C2_Apo_32C,Plate 10,H2-Apo-32C,H2,Apo,C2,32C (heat stress),1,8,?,day_8
Plate 10_C2_Apo_32C,Plate 10,H2-Apo-32C,H2,Apo,C2,32C (heat stress),1,9,na,day_9
Plate 10_C2_Apo_32C,Plate 10,H2-Apo-32C,H2,Apo,C2,32C (heat stress),1,10,na,day_10
Plate 10_C2_Apo_32C,Plate 10,H2-Apo-32C,H2,Apo,C2,32C (heat stress),1,11,na,day_11
Plate 10_C2_Apo_32C,Plate 10,H2-Apo-32C,H2,Apo,C2,32C (heat stress),1,13,na,day_13
Plate 10_C2_Apo_32C,Plate 10,H2-Apo-32C,H2,Apo,C2,32C (heat stress),1,14,na,day_14
Plate 10_C2_Apo_32C,Plate 10,H2-Apo-32C,H2,Apo,C2,32C (heat stress),1,21,na,day_21
Plate 10_C3_Apo_32C,Plate 10,H2-Apo-32C,H2,Apo,C3,32C (heat stress),1,0,0,day_0
Plate 10_C3_Apo_32C,Plate 10,H2-Apo-32C,H2,Apo,C3,32C (heat stress),1,3,0,day_3
Plate 10_C3_Apo_32C,Plate 10,H2-Apo-32C,H2,Apo,C3,32C (heat stress),1,4,0,day_4
Plate 10_C3_Apo_32C,Plate 10,H2-Apo-32C,H2,Apo,C3,32C (heat stress),1,5,0,day_5
Plate 10_C3_Apo_32C,Plate 10,H2-Apo-32C,H2,Apo,C3,32C (heat stress),1,6,0,day_6
Plate 10_C3_Apo_32C,Plate 10,H2-Apo-32C,H2,Apo,C3,32C (heat stress),1,7,0,day_7
Plate 10_C3_Apo_32C,Plate 10,H2-Apo-32C,H2,Apo,C3,32C (heat stress),1,8,0,day_8
Plate 10_C3_Apo_32C,Plate 10,H2-Apo-32C,H2,Apo,C3,32C (heat stress),1,9,0,day_9
Plate 10_C3_Apo_32C,Plate 10,H2-Apo-32C,H2,Apo,C3,32C (heat stress),1,10,0,day_10
Plate 10_C3_Apo_32C,Plate 10,H2-Apo-32C,H2,Apo,C3,32C (heat stress),1,11,0,day_11
Plate 10_C3_Apo_32C,Plate 10,H2-Apo-32C,H2,Apo,C3,32C (heat stress),1,13,0,day_13
Plate 10_C3_Apo_32C,Plate 10,H2-Apo-32C,H2,Apo,C3,32C (heat stress),1,14,na,day_14
Plate 10_C3_Apo_32C,Plate 10,H2-Apo-32C,H2,Apo,C3,32C (heat stress),1,21,na,day_21
Plate 10_C4_Apo_32C,Plate 10,H2-Apo-32C,H2,Apo,C4,32C (heat stress),1,0,0,day_0
Plate 10_C4_Apo_32C,Plate 10,H2-Apo-32C,H2,Apo,C4,32C (heat stress),1,3,0,day_3
Plate 10_C4_Apo_32C,Plate 10,H2-Apo-32C,H2,Apo,C4,32C (heat stress),1,4,0,day_4
Plate 10_C4_Apo_32C,Plate 10,H2-Apo-32C,H2,Apo,C4,32C (heat stress),1,5,0,day_5
Plate 10_C4_Apo_32C,Plate 10,H2-Apo-32C,H2,Apo,C4,32C (heat stress),1,6,0,day_6
Plate 10_C4_Apo_32C,Plate 10,H2-Apo-32C,H2,Apo,C4,32C (heat stress),1,7,0,day_7
Plate 10_C4_Apo_32C,Plate 10,H2-Apo-32C,H2,Apo,C4,32C (heat stress),1,8,0,day_8
Plate 10_C4_Apo_32C,Plate 10,H2-Apo-32C,H2,Apo,C4,32C (heat stress),1,9,0,day_9
Plate 10_C4_Apo_32C,Plate 10,H2-Apo-32C,H2,Apo,C4,32C (heat stress),1,10,0,day_10
Plate 10_C4_Apo_32C,Plate 10,H2-Apo-32C,H2,Apo,C4,32C (heat stress),1,11,0,day_11
Plate 10_C4_Apo_32C,Plate 10,H2-Apo-32C,H2,Apo,C4,32C (heat stress),1,13,na,day_13
Plate 10_C4_Apo_32C,Plate 10,H2-Apo-32C,H2,Apo,C4,32C (heat stress),1,14,na,day_14
Plate 10_C4_Apo_32C,Plate 10,H2-Apo-32C,H2,Apo,C4,32C (heat stress),1,21,na,day_21
Plate 10_C5_Apo_32C,Plate 10,H2-Apo-32C,H2,Apo,C5,32C (heat stress),1,0,0,day_0
Plate 10_C5_Apo_32C,Plate 10,H2-Apo-32C,H2,Apo,C5,32C (heat stress),1,3,0,day_3
Plate 10_C5_Apo_32C,Plate 10,H2-Apo-32C,H2,Apo,C5,32C (heat stress),1,4,0,day_4
Plate 10_C5_Apo_32C,Plate 10,H2-Apo-32C,H2,Apo,C5,32C (heat stress),1,5,0,day_5
Plate 10_C5_Apo_32C,Plate 10,H2-Apo-32C,H2,Apo,C5,32C (heat stress),1,6,0,day_6
Plate 10_C5_Apo_32C,Plate 10,H2-Apo-32C,H2,Apo,C5,32C (heat stress),1,7,na,day_7
Plate 10_C5_Apo_32C,Plate 10,H2-Apo-32C,H2,Apo,C5,32C (heat stress),1,8,na,day_8
Plate 10_C5_Apo_32C,Plate 10,H2-Apo-32C,H2,Apo,C5,32C (heat stress),1,9,na,day_9
Plate 10_C5_Apo_32C,Plate 10,H2-Apo-32C,H2,Apo,C5,32C (heat stress),1,10,na,day_10
Plate 10_C5_Apo_32C,Plate 10,H2-Apo-32C,H2,Apo,C5,32C (heat stress),1,11,na,day_11
Plate 10_C5_Apo_32C,Plate 10,H2-Apo-32C,H2,Apo,C5,32C (heat stress),1,13,na,day_13
Plate 10_C5_Apo_32C,Plate 10,H2-Apo-32C,H2,Apo,C5,32C (heat stress),1,14,na,day_14
Plate 10_C5_Apo_32C,Plate 10,H2-Apo-32C,H2,Apo,C5,32C (heat stress),1,21,na,day_21
Plate 10_C6_Apo_32C,Plate 10,H2-Apo-32C,H2,Apo,C6,32C (heat stress),1,0,0,day_0
Plate 10_C6_Apo_32C,Plate 10,H2-Apo-32C,H2,Apo,C6,32C (heat stress),1,3,na,day_3
Plate 10_C6_Apo_32C,Plate 10,H2-Apo-32C,H2,Apo,C6,32C (heat stress),1,4,na,day_4
Plate 10_C6_Apo_32C,Plate 10,H2-Apo-32C,H2,Apo,C6,32C (heat stress),1,5,na,day_5
Plate 10_C6_Apo_32C,Plate 10,H2-Apo-32C,H2,Apo,C6,32C (heat stress),1,6,na,day_6
Plate 10_C6_Apo_32C,Plate 10,H2-Apo-32C,H2,Apo,C6,32C (heat stress),1,7,na,day_7
Plate 10_C6_Apo_32C,Plate 10,H2-Apo-32C,H2,Apo,C6,32C (heat stress),1,8,na,day_8
Plate 10_C6_Apo_32C,Plate 10,H2-Apo-32C,H2,Apo,C6,32C (heat stress),1,9,na,day_9
Plate 10_C6_Apo_32C,Plate 10,H2-Apo-32C,H2,Apo,C6,32C (heat stress),1,10,na,day_10
Plate 10_C6_Apo_32C,Plate 10,H2-Apo-32C,H2,Apo,C6,32C (heat stress),1,11,na,day_11
Plate 10_C6_Apo_32C,Plate 10,H2-Apo-32C,H2,Apo,C6,32C (heat stress),1,13,na,day_13
Plate 10_C6_Apo_32C,Plate 10,H2-Apo-32C,H2,Apo,C6,32C (heat stress),1,14,na,day_14
Plate 10_C6_Apo_32C,Plate 10,H2-Apo-32C,H2,Apo,C6,32C (heat stress),1,21,na,day_21
Plate 10_D1_Apo_32C,Plate 10,H2-Apo-32C,H2,Apo,D1,32C (heat stress),1,0,0,day_0
Plate 10_D1_Apo_32C,Plate 10,H2-Apo-32C,H2,Apo,D1,32C (heat stress),1,3,0,day_3
Plate 10_D1_Apo_32C,Plate 10,H2-Apo-32C,H2,Apo,D1,32C (heat stress),1,4,0,day_4
Plate 10_D1_Apo_32C,Plate 10,H2-Apo-32C,H2,Apo,D1,32C (heat stress),1,5,0,day_5
Plate 10_D1_Apo_32C,Plate 10,H2-Apo-32C,H2,Apo,D1,32C (heat stress),1,6,0,day_6
Plate 10_D1_Apo_32C,Plate 10,H2-Apo-32C,H2,Apo,D1,32C (heat stress),1,7,0,day_7
Plate 10_D1_Apo_32C,Plate 10,H2-Apo-32C,H2,Apo,D1,32C (heat stress),1,8,0,day_8
Plate 10_D1_Apo_32C,Plate 10,H2-Apo-32C,H2,Apo,D1,32C (heat stress),1,9,0,day_9
Plate 10_D1_Apo_32C,Plate 10,H2-Apo-32C,H2,Apo,D1,32C (heat stress),1,10,0,day_10
Plate 10_D1_Apo_32C,Plate 10,H2-Apo-32C,H2,Apo,D1,32C (heat stress),1,11,0,day_11
Plate 10_D1_Apo_32C,Plate 10,H2-Apo-32C,H2,Apo,D1,32C (heat stress),1,13,0,day_13
Plate 10_D1_Apo_32C,Plate 10,H2-Apo-32C,H2,Apo,D1,32C (heat stress),1,14,na,day_14
Plate 10_D1_Apo_32C,Plate 10,H2-Apo-32C,H2,Apo,D1,32C (heat stress),1,21,na,day_21
Plate 10_D2_Apo_32C,Plate 10,H2-Apo-32C,H2,Apo,D2,32C (heat stress),1,0,0,day_0
Plate 10_D2_Apo_32C,Plate 10,H2-Apo-32C,H2,Apo,D2,32C (heat stress),1,3,0,day_3
Plate 10_D2_Apo_32C,Plate 10,H2-Apo-32C,H2,Apo,D2,32C (heat stress),1,4,0,day_4
Plate 10_D2_Apo_32C,Plate 10,H2-Apo-32C,H2,Apo,D2,32C (heat stress),1,5,0,day_5
Plate 10_D2_Apo_32C,Plate 10,H2-Apo-32C,H2,Apo,D2,32C (heat stress),1,6,0,day_6
Plate 10_D2_Apo_32C,Plate 10,H2-Apo-32C,H2,Apo,D2,32C (heat stress),1,7,0,day_7
Plate 10_D2_Apo_32C,Plate 10,H2-Apo-32C,H2,Apo,D2,32C (heat stress),1,8,edu,day_8
Plate 10_D2_Apo_32C,Plate 10,H2-Apo-32C,H2,Apo,D2,32C (heat stress),1,9,edu,day_9
Plate 10_D2_Apo_32C,Plate 10,H2-Apo-32C,H2,Apo,D2,32C (heat stress),1,10,edu,day_10
Plate 10_D2_Apo_32C,Plate 10,H2-Apo-32C,H2,Apo,D2,32C (heat stress),1,11,edu,day_11
Plate 10_D2_Apo_32C,Plate 10,H2-Apo-32C,H2,Apo,D2,32C (heat stress),1,13,edu,day_13
Plate 10_D2_Apo_32C,Plate 10,H2-Apo-32C,H2,Apo,D2,32C (heat stress),1,14,edu,day_14
Plate 10_D2_Apo_32C,Plate 10,H2-Apo-32C,H2,Apo,D2,32C (heat stress),1,21,edu,day_21
Plate 10_D3_Apo_32C,Plate 10,H2-Apo-32C,H2,Apo,D3,32C (heat stress),1,0,0,day_0
Plate 10_D3_Apo_32C,Plate 10,H2-Apo-32C,H2,Apo,D3,32C (heat stress),1,3,0,day_3
Plate 10_D3_Apo_32C,Plate 10,H2-Apo-32C,H2,Apo,D3,32C (heat stress),1,4,0,day_4
Plate 10_D3_Apo_32C,Plate 10,H2-Apo-32C,H2,Apo,D3,32C (heat stress),1,5,0,day_5
Plate 10_D3_Apo_32C,Plate 10,H2-Apo-32C,H2,Apo,D3,32C (heat stress),1,6,0,day_6
Plate 10_D3_Apo_32C,Plate 10,H2-Apo-32C,H2,Apo,D3,32C (heat stress),1,7,0,day_7
Plate 10_D3_Apo_32C,Plate 10,H2-Apo-32C,H2,Apo,D3,32C (heat stress),1,8,edu,day_8
Plate 10_D3_Apo_32C,Plate 10,H2-Apo-32C,H2,Apo,D3,32C (heat stress),1,9,edu,day_9
Plate 10_D3_Apo_32C,Plate 10,H2-Apo-32C,H2,Apo,D3,32C (heat stress),1,10,edu,day_10
Plate 10_D3_Apo_32C,Plate 10,H2-Apo-32C,H2,Apo,D3,32C (heat stress),1,11,edu,day_11
Plate 10_D3_Apo_32C,Plate 10,H2-Apo-32C,H2,Apo,D3,32C (heat stress),1,13,edu,day_13
Plate 10_D3_Apo_32C,Plate 10,H2-Apo-32C,H2,Apo,D3,32C (heat stress),1,14,edu,day_14
Plate 10_D3_Apo_32C,Plate 10,H2-Apo-32C,H2,Apo,D3,32C (heat stress),1,21,edu,day_21
Plate 10_D4_Apo_32C,Plate 10,H2-Apo-32C,H2,Apo,D4,32C (heat stress),1,0,0,day_0
Plate 10_D4_Apo_32C,Plate 10,H2-Apo-32C,H2,Apo,D4,32C (heat stress),1,3,0,day_3
Plate 10_D4_Apo_32C,Plate 10,H2-Apo-32C,H2,Apo,D4,32C (heat stress),1,4,0,day_4
Plate 10_D4_Apo_32C,Plate 10,H2-Apo-32C,H2,Apo,D4,32C (heat stress),1,5,5,day_5
Plate 10_D4_Apo_32C,Plate 10,H2-Apo-32C,H2,Apo,D4,32C (heat stress),1,6,5,day_6
Plate 10_D4_Apo_32C,Plate 10,H2-Apo-32C,H2,Apo,D4,32C (heat stress),1,7,0,day_7
Plate 10_D4_Apo_32C,Plate 10,H2-Apo-32C,H2,Apo,D4,32C (heat stress),1,8,edu,day_8
Plate 10_D4_Apo_32C,Plate 10,H2-Apo-32C,H2,Apo,D4,32C (heat stress),1,9,edu,day_9
Plate 10_D4_Apo_32C,Plate 10,H2-Apo-32C,H2,Apo,D4,32C (heat stress),1,10,edu,day_10
Plate 10_D4_Apo_32C,Plate 10,H2-Apo-32C,H2,Apo,D4,32C (heat stress),1,11,edu,day_11
Plate 10_D4_Apo_32C,Plate 10,H2-Apo-32C,H2,Apo,D4,32C (heat stress),1,13,edu,day_13
Plate 10_D4_Apo_32C,Plate 10,H2-Apo-32C,H2,Apo,D4,32C (heat stress),1,14,edu,day_14
Plate 10_D4_Apo_32C,Plate 10,H2-Apo-32C,H2,Apo,D4,32C (heat stress),1,21,edu,day_21
Plate 10_D5_Apo_32C,Plate 10,H2-Apo-32C,H2,Apo,D5,32C (heat stress),1,0,0,day_0
Plate 10_D5_Apo_32C,Plate 10,H2-Apo-32C,H2,Apo,D5,32C (heat stress),1,3,0,day_3
Plate 10_D5_Apo_32C,Plate 10,H2-Apo-32C,H2,Apo,D5,32C (heat stress),1,4,0,day_4
Plate 10_D5_Apo_32C,Plate 10,H2-Apo-32C,H2,Apo,D5,32C (heat stress),1,5,0,day_5
Plate 10_D5_Apo_32C,Plate 10,H2-Apo-32C,H2,Apo,D5,32C (heat stress),1,6,1,day_6
Plate 10_D5_Apo_32C,Plate 10,H2-Apo-32C,H2,Apo,D5,32C (heat stress),1,7,1,day_7
Plate 10_D5_Apo_32C,Plate 10,H2-Apo-32C,H2,Apo,D5,32C (heat stress),1,8,edu,day_8
Plate 10_D5_Apo_32C,Plate 10,H2-Apo-32C,H2,Apo,D5,32C (heat stress),1,9,edu,day_9
Plate 10_D5_Apo_32C,Plate 10,H2-Apo-32C,H2,Apo,D5,32C (heat stress),1,10,edu,day_10
Plate 10_D5_Apo_32C,Plate 10,H2-Apo-32C,H2,Apo,D5,32C (heat stress),1,11,edu,day_11
Plate 10_D5_Apo_32C,Plate 10,H2-Apo-32C,H2,Apo,D5,32C (heat stress),1,13,edu,day_13
Plate 10_D5_Apo_32C,Plate 10,H2-Apo-32C,H2,Apo,D5,32C (heat stress),1,14,edu,day_14
Plate 10_D5_Apo_32C,Plate 10,H2-Apo-32C,H2,Apo,D5,32C (heat stress),1,21,edu,day_21
Plate 10_D6_Apo_32C,Plate 10,H2-Apo-32C,H2,Apo,D6,32C (heat stress),1,0,0,day_0
Plate 10_D6_Apo_32C,Plate 10,H2-Apo-32C,H2,Apo,D6,32C (heat stress),1,3,na,day_3
Plate 10_D6_Apo_32C,Plate 10,H2-Apo-32C,H2,Apo,D6,32C (heat stress),1,4,na,day_4
Plate 10_D6_Apo_32C,Plate 10,H2-Apo-32C,H2,Apo,D6,32C (heat stress),1,5,na,day_5
Plate 10_D6_Apo_32C,Plate 10,H2-Apo-32C,H2,Apo,D6,32C (heat stress),1,6,na,day_6
Plate 10_D6_Apo_32C,Plate 10,H2-Apo-32C,H2,Apo,D6,32C (heat stress),1,7,na,day_7
Plate 10_D6_Apo_32C,Plate 10,H2-Apo-32C,H2,Apo,D6,32C (heat stress),1,8,na,day_8
Plate 10_D6_Apo_32C,Plate 10,H2-Apo-32C,H2,Apo,D6,32C (heat stress),1,9,na,day_9
Plate 10_D6_Apo_32C,Plate 10,H2-Apo-32C,H2,Apo,D6,32C (heat stress),1,10,na,day_10
Plate 10_D6_Apo_32C,Plate 10,H2-Apo-32C,H2,Apo,D6,32C (heat stress),1,11,na,day_11
Plate 10_D6_Apo_32C,Plate 10,H2-Apo-32C,H2,Apo,D6,32C (heat stress),1,13,na,day_13
Plate 10_D6_Apo_32C,Plate 10,H2-Apo-32C,H2,Apo,D6,32C (heat stress),1,14,na,day_14
Plate 10_D6_Apo_32C,Plate 10,H2-Apo-32C,H2,Apo,D6,32C (heat stress),1,21,na,day_21
Plate 11_A1_Inoc_25C,Plate 11,H2-Inoc-25C,H2,Inoc,A1,25C (ambient),1,0,0,day_0
Plate 11_A1_Inoc_25C,Plate 11,H2-Inoc-25C,H2,Inoc,A1,25C (ambient),1,3,na,day_3
Plate 11_A1_Inoc_25C,Plate 11,H2-Inoc-25C,H2,Inoc,A1,25C (ambient),1,4,na,day_4
Plate 11_A1_Inoc_25C,Plate 11,H2-Inoc-25C,H2,Inoc,A1,25C (ambient),1,5,na,day_5
Plate 11_A1_Inoc_25C,Plate 11,H2-Inoc-25C,H2,Inoc,A1,25C (ambient),1,6,na,day_6
Plate 11_A1_Inoc_25C,Plate 11,H2-Inoc-25C,H2,Inoc,A1,25C (ambient),1,7,na,day_7
Plate 11_A1_Inoc_25C,Plate 11,H2-Inoc-25C,H2,Inoc,A1,25C (ambient),1,8,na,day_8
Plate 11_A1_Inoc_25C,Plate 11,H2-Inoc-25C,H2,Inoc,A1,25C (ambient),1,9,na,day_9
Plate 11_A1_Inoc_25C,Plate 11,H2-Inoc-25C,H2,Inoc,A1,25C (ambient),1,10,na,day_10
Plate 11_A1_Inoc_25C,Plate 11,H2-Inoc-25C,H2,Inoc,A1,25C (ambient),1,11,na,day_11
Plate 11_A1_Inoc_25C,Plate 11,H2-Inoc-25C,H2,Inoc,A1,25C (ambient),1,13,na,day_13
Plate 11_A1_Inoc_25C,Plate 11,H2-Inoc-25C,H2,Inoc,A1,25C (ambient),1,14,na,day_14
Plate 11_A1_Inoc_25C,Plate 11,H2-Inoc-25C,H2,Inoc,A1,25C (ambient),1,21,na,day_21
Plate 11_A2_Inoc_25C,Plate 11,H2-Inoc-25C,H2,Inoc,A2,25C (ambient),1,0,0,day_0
Plate 11_A2_Inoc_25C,Plate 11,H2-Inoc-25C,H2,Inoc,A2,25C (ambient),1,3,0,day_3
Plate 11_A2_Inoc_25C,Plate 11,H2-Inoc-25C,H2,Inoc,A2,25C (ambient),1,4,0,day_4
Plate 11_A2_Inoc_25C,Plate 11,H2-Inoc-25C,H2,Inoc,A2,25C (ambient),1,5,0,day_5
Plate 11_A2_Inoc_25C,Plate 11,H2-Inoc-25C,H2,Inoc,A2,25C (ambient),1,6,0,day_6
Plate 11_A2_Inoc_25C,Plate 11,H2-Inoc-25C,H2,Inoc,A2,25C (ambient),1,7,0,day_7
Plate 11_A2_Inoc_25C,Plate 11,H2-Inoc-25C,H2,Inoc,A2,25C (ambient),1,8,0,day_8
Plate 11_A2_Inoc_25C,Plate 11,H2-Inoc-25C,H2,Inoc,A2,25C (ambient),1,9,0,day_9
Plate 11_A2_Inoc_25C,Plate 11,H2-Inoc-25C,H2,Inoc,A2,25C (ambient),1,10,0,day_10
Plate 11_A2_Inoc_25C,Plate 11,H2-Inoc-25C,H2,Inoc,A2,25C (ambient),1,11,0,day_11
Plate 11_A2_Inoc_25C,Plate 11,H2-Inoc-25C,H2,Inoc,A2,25C (ambient),1,13,1,day_13
Plate 11_A2_Inoc_25C,Plate 11,H2-Inoc-25C,H2,Inoc,A2,25C (ambient),1,14,1,day_14
Plate 11_A2_Inoc_25C,Plate 11,H2-Inoc-25C,H2,Inoc,A2,25C (ambient),1,21,1,day_21
Plate 11_A3_Inoc_25C,Plate 11,H2-Inoc-25C,H2,Inoc,A3,25C (ambient),1,0,0,day_0
Plate 11_A3_Inoc_25C,Plate 11,H2-Inoc-25C,H2,Inoc,A3,25C (ambient),1,3,0,day_3
Plate 11_A3_Inoc_25C,Plate 11,H2-Inoc-25C,H2,Inoc,A3,25C (ambient),1,4,0,day_4
Plate 11_A3_Inoc_25C,Plate 11,H2-Inoc-25C,H2,Inoc,A3,25C (ambient),1,5,0,day_5
Plate 11_A3_Inoc_25C,Plate 11,H2-Inoc-25C,H2,Inoc,A3,25C (ambient),1,6,0,day_6
Plate 11_A3_Inoc_25C,Plate 11,H2-Inoc-25C,H2,Inoc,A3,25C (ambient),1,7,0,day_7
Plate 11_A3_Inoc_25C,Plate 11,H2-Inoc-25C,H2,Inoc,A3,25C (ambient),1,8,0,day_8
Plate 11_A3_Inoc_25C,Plate 11,H2-Inoc-25C,H2,Inoc,A3,25C (ambient),1,9,6,day_9
Plate 11_A3_Inoc_25C,Plate 11,H2-Inoc-25C,H2,Inoc,A3,25C (ambient),1,10,8,day_10
Plate 11_A3_Inoc_25C,Plate 11,H2-Inoc-25C,H2,Inoc,A3,25C (ambient),1,11,8,day_11
Plate 11_A3_Inoc_25C,Plate 11,H2-Inoc-25C,H2,Inoc,A3,25C (ambient),1,13,8,day_13
Plate 11_A3_Inoc_25C,Plate 11,H2-Inoc-25C,H2,Inoc,A3,25C (ambient),1,14,9,day_14
Plate 11_A3_Inoc_25C,Plate 11,H2-Inoc-25C,H2,Inoc,A3,25C (ambient),1,21,9,day_21
Plate 11_A3_Inoc_25C,Plate 11,H2-Inoc-25C,H2,Inoc,A3,25C (ambient),2,0,0,day_0
Plate 11_A3_Inoc_25C,Plate 11,H2-Inoc-25C,H2,Inoc,A3,25C (ambient),2,3,0,day_3
Plate 11_A3_Inoc_25C,Plate 11,H2-Inoc-25C,H2,Inoc,A3,25C (ambient),2,4,0,day_4
Plate 11_A3_Inoc_25C,Plate 11,H2-Inoc-25C,H2,Inoc,A3,25C (ambient),2,5,na,day_5
Plate 11_A3_Inoc_25C,Plate 11,H2-Inoc-25C,H2,Inoc,A3,25C (ambient),2,6,na,day_6
Plate 11_A3_Inoc_25C,Plate 11,H2-Inoc-25C,H2,Inoc,A3,25C (ambient),2,7,na,day_7
Plate 11_A3_Inoc_25C,Plate 11,H2-Inoc-25C,H2,Inoc,A3,25C (ambient),2,8,na,day_8
Plate 11_A3_Inoc_25C,Plate 11,H2-Inoc-25C,H2,Inoc,A3,25C (ambient),2,9,na,day_9
Plate 11_A3_Inoc_25C,Plate 11,H2-Inoc-25C,H2,Inoc,A3,25C (ambient),2,10,na,day_10
Plate 11_A3_Inoc_25C,Plate 11,H2-Inoc-25C,H2,Inoc,A3,25C (ambient),2,11,na,day_11
Plate 11_A3_Inoc_25C,Plate 11,H2-Inoc-25C,H2,Inoc,A3,25C (ambient),2,13,na,day_13
Plate 11_A3_Inoc_25C,Plate 11,H2-Inoc-25C,H2,Inoc,A3,25C (ambient),2,14,na,day_14
Plate 11_A3_Inoc_25C,Plate 11,H2-Inoc-25C,H2,Inoc,A3,25C (ambient),2,21,na,day_21
Plate 11_A4_Inoc_25C,Plate 11,H2-Inoc-25C,H2,Inoc,A4,25C (ambient),1,0,0,day_0
Plate 11_A4_Inoc_25C,Plate 11,H2-Inoc-25C,H2,Inoc,A4,25C (ambient),1,3,0,day_3
Plate 11_A4_Inoc_25C,Plate 11,H2-Inoc-25C,H2,Inoc,A4,25C (ambient),1,4,0,day_4
Plate 11_A4_Inoc_25C,Plate 11,H2-Inoc-25C,H2,Inoc,A4,25C (ambient),1,5,0,day_5
Plate 11_A4_Inoc_25C,Plate 11,H2-Inoc-25C,H2,Inoc,A4,25C (ambient),1,6,0,day_6
Plate 11_A4_Inoc_25C,Plate 11,H2-Inoc-25C,H2,Inoc,A4,25C (ambient),1,7,0,day_7
Plate 11_A4_Inoc_25C,Plate 11,H2-Inoc-25C,H2,Inoc,A4,25C (ambient),1,8,0,day_8
Plate 11_A4_Inoc_25C,Plate 11,H2-Inoc-25C,H2,Inoc,A4,25C (ambient),1,9,0,day_9
Plate 11_A4_Inoc_25C,Plate 11,H2-Inoc-25C,H2,Inoc,A4,25C (ambient),1,10,0,day_10
Plate 11_A4_Inoc_25C,Plate 11,H2-Inoc-25C,H2,Inoc,A4,25C (ambient),1,11,0,day_11
Plate 11_A4_Inoc_25C,Plate 11,H2-Inoc-25C,H2,Inoc,A4,25C (ambient),1,13,0,day_13
Plate 11_A4_Inoc_25C,Plate 11,H2-Inoc-25C,H2,Inoc,A4,25C (ambient),1,14,0,day_14
Plate 11_A4_Inoc_25C,Plate 11,H2-Inoc-25C,H2,Inoc,A4,25C (ambient),1,21,0,day_21
Plate 11_A4_Inoc_25C,Plate 11,H2-Inoc-25C,H2,Inoc,A4,25C (ambient),2,0,0,day_0
Plate 11_A4_Inoc_25C,Plate 11,H2-Inoc-25C,H2,Inoc,A4,25C (ambient),2,3,0,day_3
Plate 11_A4_Inoc_25C,Plate 11,H2-Inoc-25C,H2,Inoc,A4,25C (ambient),2,4,na,day_4
Plate 11_A4_Inoc_25C,Plate 11,H2-Inoc-25C,H2,Inoc,A4,25C (ambient),2,5,na,day_5
Plate 11_A4_Inoc_25C,Plate 11,H2-Inoc-25C,H2,Inoc,A4,25C (ambient),2,6,na,day_6
Plate 11_A4_Inoc_25C,Plate 11,H2-Inoc-25C,H2,Inoc,A4,25C (ambient),2,7,na,day_7
Plate 11_A4_Inoc_25C,Plate 11,H2-Inoc-25C,H2,Inoc,A4,25C (ambient),2,8,na,day_8
Plate 11_A4_Inoc_25C,Plate 11,H2-Inoc-25C,H2,Inoc,A4,25C (ambient),2,9,na,day_9
Plate 11_A4_Inoc_25C,Plate 11,H2-Inoc-25C,H2,Inoc,A4,25C (ambient),2,10,na,day_10
Plate 11_A4_Inoc_25C,Plate 11,H2-Inoc-25C,H2,Inoc,A4,25C (ambient),2,11,na,day_11
Plate 11_A4_Inoc_25C,Plate 11,H2-Inoc-25C,H2,Inoc,A4,25C (ambient),2,13,na,day_13
Plate 11_A4_Inoc_25C,Plate 11,H2-Inoc-25C,H2,Inoc,A4,25C (ambient),2,14,na,day_14
Plate 11_A4_Inoc_25C,Plate 11,H2-Inoc-25C,H2,Inoc,A4,25C (ambient),2,21,na,day_21
Plate 11_A5_Inoc_25C,Plate 11,H2-Inoc-25C,H2,Inoc,A5,25C (ambient),1,0,0,day_0
Plate 11_A5_Inoc_25C,Plate 11,H2-Inoc-25C,H2,Inoc,A5,25C (ambient),1,3,0,day_3
Plate 11_A5_Inoc_25C,Plate 11,H2-Inoc-25C,H2,Inoc,A5,25C (ambient),1,4,0,day_4
Plate 11_A5_Inoc_25C,Plate 11,H2-Inoc-25C,H2,Inoc,A5,25C (ambient),1,5,na,day_5
Plate 11_A5_Inoc_25C,Plate 11,H2-Inoc-25C,H2,Inoc,A5,25C (ambient),1,6,na,day_6
Plate 11_A5_Inoc_25C,Plate 11,H2-Inoc-25C,H2,Inoc,A5,25C (ambient),1,7,na,day_7
Plate 11_A5_Inoc_25C,Plate 11,H2-Inoc-25C,H2,Inoc,A5,25C (ambient),1,8,na,day_8
Plate 11_A5_Inoc_25C,Plate 11,H2-Inoc-25C,H2,Inoc,A5,25C (ambient),1,9,na,day_9
Plate 11_A5_Inoc_25C,Plate 11,H2-Inoc-25C,H2,Inoc,A5,25C (ambient),1,10,na,day_10
Plate 11_A5_Inoc_25C,Plate 11,H2-Inoc-25C,H2,Inoc,A5,25C (ambient),1,11,na,day_11
Plate 11_A5_Inoc_25C,Plate 11,H2-Inoc-25C,H2,Inoc,A5,25C (ambient),1,13,na,day_13
Plate 11_A5_Inoc_25C,Plate 11,H2-Inoc-25C,H2,Inoc,A5,25C (ambient),1,14,na,day_14
Plate 11_A5_Inoc_25C,Plate 11,H2-Inoc-25C,H2,Inoc,A5,25C (ambient),1,21,na,day_21
Plate 11_A6_Inoc_25C,Plate 11,H2-Inoc-25C,H2,Inoc,A6,25C (ambient),1,0,0,day_0
Plate 11_A6_Inoc_25C,Plate 11,H2-Inoc-25C,H2,Inoc,A6,25C (ambient),1,3,0,day_3
Plate 11_A6_Inoc_25C,Plate 11,H2-Inoc-25C,H2,Inoc,A6,25C (ambient),1,4,0,day_4
Plate 11_A6_Inoc_25C,Plate 11,H2-Inoc-25C,H2,Inoc,A6,25C (ambient),1,5,0,day_5
Plate 11_A6_Inoc_25C,Plate 11,H2-Inoc-25C,H2,Inoc,A6,25C (ambient),1,6,0,day_6
Plate 11_A6_Inoc_25C,Plate 11,H2-Inoc-25C,H2,Inoc,A6,25C (ambient),1,7,0,day_7
Plate 11_A6_Inoc_25C,Plate 11,H2-Inoc-25C,H2,Inoc,A6,25C (ambient),1,8,0,day_8
Plate 11_A6_Inoc_25C,Plate 11,H2-Inoc-25C,H2,Inoc,A6,25C (ambient),1,9,0,day_9
Plate 11_A6_Inoc_25C,Plate 11,H2-Inoc-25C,H2,Inoc,A6,25C (ambient),1,10,0,day_10
Plate 11_A6_Inoc_25C,Plate 11,H2-Inoc-25C,H2,Inoc,A6,25C (ambient),1,11,0,day_11
Plate 11_A6_Inoc_25C,Plate 11,H2-Inoc-25C,H2,Inoc,A6,25C (ambient),1,13,0,day_13
Plate 11_A6_Inoc_25C,Plate 11,H2-Inoc-25C,H2,Inoc,A6,25C (ambient),1,14,na,day_14
Plate 11_A6_Inoc_25C,Plate 11,H2-Inoc-25C,H2,Inoc,A6,25C (ambient),1,21,na,day_21
Plate 11_B1_Inoc_25C,Plate 11,H2-Inoc-25C,H2,Inoc,B1,25C (ambient),1,0,0,day_0
Plate 11_B1_Inoc_25C,Plate 11,H2-Inoc-25C,H2,Inoc,B1,25C (ambient),1,3,0,day_3
Plate 11_B1_Inoc_25C,Plate 11,H2-Inoc-25C,H2,Inoc,B1,25C (ambient),1,4,0,day_4
Plate 11_B1_Inoc_25C,Plate 11,H2-Inoc-25C,H2,Inoc,B1,25C (ambient),1,5,0,day_5
Plate 11_B1_Inoc_25C,Plate 11,H2-Inoc-25C,H2,Inoc,B1,25C (ambient),1,6,5,day_6
Plate 11_B1_Inoc_25C,Plate 11,H2-Inoc-25C,H2,Inoc,B1,25C (ambient),1,7,6,day_7
Plate 11_B1_Inoc_25C,Plate 11,H2-Inoc-25C,H2,Inoc,B1,25C (ambient),1,8,8,day_8
Plate 11_B1_Inoc_25C,Plate 11,H2-Inoc-25C,H2,Inoc,B1,25C (ambient),1,9,8,day_9
Plate 11_B1_Inoc_25C,Plate 11,H2-Inoc-25C,H2,Inoc,B1,25C (ambient),1,10,8,day_10
Plate 11_B1_Inoc_25C,Plate 11,H2-Inoc-25C,H2,Inoc,B1,25C (ambient),1,11,10,day_11
Plate 11_B1_Inoc_25C,Plate 11,H2-Inoc-25C,H2,Inoc,B1,25C (ambient),1,13,10,day_13
Plate 11_B1_Inoc_25C,Plate 11,H2-Inoc-25C,H2,Inoc,B1,25C (ambient),1,14,11,day_14
Plate 11_B1_Inoc_25C,Plate 11,H2-Inoc-25C,H2,Inoc,B1,25C (ambient),1,21,12,day_21
Plate 11_B2_Inoc_25C,Plate 11,H2-Inoc-25C,H2,Inoc,B2,25C (ambient),1,0,0,day_0
Plate 11_B2_Inoc_25C,Plate 11,H2-Inoc-25C,H2,Inoc,B2,25C (ambient),1,3,0,day_3
Plate 11_B2_Inoc_25C,Plate 11,H2-Inoc-25C,H2,Inoc,B2,25C (ambient),1,4,0,day_4
Plate 11_B2_Inoc_25C,Plate 11,H2-Inoc-25C,H2,Inoc,B2,25C (ambient),1,5,2,day_5
Plate 11_B2_Inoc_25C,Plate 11,H2-Inoc-25C,H2,Inoc,B2,25C (ambient),1,6,6,day_6
Plate 11_B2_Inoc_25C,Plate 11,H2-Inoc-25C,H2,Inoc,B2,25C (ambient),1,7,6,day_7
Plate 11_B2_Inoc_25C,Plate 11,H2-Inoc-25C,H2,Inoc,B2,25C (ambient),1,8,4,day_8
Plate 11_B2_Inoc_25C,Plate 11,H2-Inoc-25C,H2,Inoc,B2,25C (ambient),1,9,5,day_9
Plate 11_B2_Inoc_25C,Plate 11,H2-Inoc-25C,H2,Inoc,B2,25C (ambient),1,10,7,day_10
Plate 11_B2_Inoc_25C,Plate 11,H2-Inoc-25C,H2,Inoc,B2,25C (ambient),1,11,7,day_11
Plate 11_B2_Inoc_25C,Plate 11,H2-Inoc-25C,H2,Inoc,B2,25C (ambient),1,13,7,day_13
Plate 11_B2_Inoc_25C,Plate 11,H2-Inoc-25C,H2,Inoc,B2,25C (ambient),1,14,7,day_14
Plate 11_B2_Inoc_25C,Plate 11,H2-Inoc-25C,H2,Inoc,B2,25C (ambient),1,21,na,day_21
Plate 11_B3_Inoc_25C,Plate 11,H2-Inoc-25C,H2,Inoc,B3,25C (ambient),1,0,0,day_0
Plate 11_B3_Inoc_25C,Plate 11,H2-Inoc-25C,H2,Inoc,B3,25C (ambient),1,3,0,day_3
Plate 11_B3_Inoc_25C,Plate 11,H2-Inoc-25C,H2,Inoc,B3,25C (ambient),1,4,0,day_4
Plate 11_B3_Inoc_25C,Plate 11,H2-Inoc-25C,H2,Inoc,B3,25C (ambient),1,5,0,day_5
Plate 11_B3_Inoc_25C,Plate 11,H2-Inoc-25C,H2,Inoc,B3,25C (ambient),1,6,1,day_6
Plate 11_B3_Inoc_25C,Plate 11,H2-Inoc-25C,H2,Inoc,B3,25C (ambient),1,7,8,day_7
Plate 11_B3_Inoc_25C,Plate 11,H2-Inoc-25C,H2,Inoc,B3,25C (ambient),1,8,10,day_8
Plate 11_B3_Inoc_25C,Plate 11,H2-Inoc-25C,H2,Inoc,B3,25C (ambient),1,9,10,day_9
Plate 11_B3_Inoc_25C,Plate 11,H2-Inoc-25C,H2,Inoc,B3,25C (ambient),1,10,12,day_10
Plate 11_B3_Inoc_25C,Plate 11,H2-Inoc-25C,H2,Inoc,B3,25C (ambient),1,11,12,day_11
Plate 11_B3_Inoc_25C,Plate 11,H2-Inoc-25C,H2,Inoc,B3,25C (ambient),1,13,12,day_13
Plate 11_B3_Inoc_25C,Plate 11,H2-Inoc-25C,H2,Inoc,B3,25C (ambient),1,14,12,day_14
Plate 11_B3_Inoc_25C,Plate 11,H2-Inoc-25C,H2,Inoc,B3,25C (ambient),1,21,12,day_21
Plate 11_B4_Inoc_25C,Plate 11,H2-Inoc-25C,H2,Inoc,B4,25C (ambient),1,0,0,day_0
Plate 11_B4_Inoc_25C,Plate 11,H2-Inoc-25C,H2,Inoc,B4,25C (ambient),1,3,0,day_3
Plate 11_B4_Inoc_25C,Plate 11,H2-Inoc-25C,H2,Inoc,B4,25C (ambient),1,4,0,day_4
Plate 11_B4_Inoc_25C,Plate 11,H2-Inoc-25C,H2,Inoc,B4,25C (ambient),1,5,0,day_5
Plate 11_B4_Inoc_25C,Plate 11,H2-Inoc-25C,H2,Inoc,B4,25C (ambient),1,6,0,day_6
Plate 11_B4_Inoc_25C,Plate 11,H2-Inoc-25C,H2,Inoc,B4,25C (ambient),1,7,na,day_7
Plate 11_B4_Inoc_25C,Plate 11,H2-Inoc-25C,H2,Inoc,B4,25C (ambient),1,8,na,day_8
Plate 11_B4_Inoc_25C,Plate 11,H2-Inoc-25C,H2,Inoc,B4,25C (ambient),1,9,na,day_9
Plate 11_B4_Inoc_25C,Plate 11,H2-Inoc-25C,H2,Inoc,B4,25C (ambient),1,10,na,day_10
Plate 11_B4_Inoc_25C,Plate 11,H2-Inoc-25C,H2,Inoc,B4,25C (ambient),1,11,na,day_11
Plate 11_B4_Inoc_25C,Plate 11,H2-Inoc-25C,H2,Inoc,B4,25C (ambient),1,13,na,day_13
Plate 11_B4_Inoc_25C,Plate 11,H2-Inoc-25C,H2,Inoc,B4,25C (ambient),1,14,na,day_14
Plate 11_B4_Inoc_25C,Plate 11,H2-Inoc-25C,H2,Inoc,B4,25C (ambient),1,21,na,day_21
Plate 11_B5_Inoc_25C,Plate 11,H2-Inoc-25C,H2,Inoc,B5,25C (ambient),1,0,0,day_0
Plate 11_B5_Inoc_25C,Plate 11,H2-Inoc-25C,H2,Inoc,B5,25C (ambient),1,3,0,day_3
Plate 11_B5_Inoc_25C,Plate 11,H2-Inoc-25C,H2,Inoc,B5,25C (ambient),1,4,0,day_4
Plate 11_B5_Inoc_25C,Plate 11,H2-Inoc-25C,H2,Inoc,B5,25C (ambient),1,5,0,day_5
Plate 11_B5_Inoc_25C,Plate 11,H2-Inoc-25C,H2,Inoc,B5,25C (ambient),1,6,0,day_6
Plate 11_B5_Inoc_25C,Plate 11,H2-Inoc-25C,H2,Inoc,B5,25C (ambient),1,7,10,day_7
Plate 11_B5_Inoc_25C,Plate 11,H2-Inoc-25C,H2,Inoc,B5,25C (ambient),1,8,10,day_8
Plate 11_B5_Inoc_25C,Plate 11,H2-Inoc-25C,H2,Inoc,B5,25C (ambient),1,9,12,day_9
Plate 11_B5_Inoc_25C,Plate 11,H2-Inoc-25C,H2,Inoc,B5,25C (ambient),1,10,12,day_10
Plate 11_B5_Inoc_25C,Plate 11,H2-Inoc-25C,H2,Inoc,B5,25C (ambient),1,11,12,day_11
Plate 11_B5_Inoc_25C,Plate 11,H2-Inoc-25C,H2,Inoc,B5,25C (ambient),1,13,12,day_13
Plate 11_B5_Inoc_25C,Plate 11,H2-Inoc-25C,H2,Inoc,B5,25C (ambient),1,14,12,day_14
Plate 11_B5_Inoc_25C,Plate 11,H2-Inoc-25C,H2,Inoc,B5,25C (ambient),1,21,12,day_21
Plate 11_B6_Inoc_25C,Plate 11,H2-Inoc-25C,H2,Inoc,B6,25C (ambient),1,0,0,day_0
Plate 11_B6_Inoc_25C,Plate 11,H2-Inoc-25C,H2,Inoc,B6,25C (ambient),1,3,0,day_3
Plate 11_B6_Inoc_25C,Plate 11,H2-Inoc-25C,H2,Inoc,B6,25C (ambient),1,4,na,day_4
Plate 11_B6_Inoc_25C,Plate 11,H2-Inoc-25C,H2,Inoc,B6,25C (ambient),1,5,na,day_5
Plate 11_B6_Inoc_25C,Plate 11,H2-Inoc-25C,H2,Inoc,B6,25C (ambient),1,6,na,day_6
Plate 11_B6_Inoc_25C,Plate 11,H2-Inoc-25C,H2,Inoc,B6,25C (ambient),1,7,na,day_7
Plate 11_B6_Inoc_25C,Plate 11,H2-Inoc-25C,H2,Inoc,B6,25C (ambient),1,8,na,day_8
Plate 11_B6_Inoc_25C,Plate 11,H2-Inoc-25C,H2,Inoc,B6,25C (ambient),1,9,na,day_9
Plate 11_B6_Inoc_25C,Plate 11,H2-Inoc-25C,H2,Inoc,B6,25C (ambient),1,10,na,day_10
Plate 11_B6_Inoc_25C,Plate 11,H2-Inoc-25C,H2,Inoc,B6,25C (ambient),1,11,na,day_11
Plate 11_B6_Inoc_25C,Plate 11,H2-Inoc-25C,H2,Inoc,B6,25C (ambient),1,13,na,day_13
Plate 11_B6_Inoc_25C,Plate 11,H2-Inoc-25C,H2,Inoc,B6,25C (ambient),1,14,na,day_14
Plate 11_B6_Inoc_25C,Plate 11,H2-Inoc-25C,H2,Inoc,B6,25C (ambient),1,21,na,day_21
Plate 11_C1_Inoc_25C,Plate 11,H2-Inoc-25C,H2,Inoc,C1,25C (ambient),1,0,0,day_0
Plate 11_C1_Inoc_25C,Plate 11,H2-Inoc-25C,H2,Inoc,C1,25C (ambient),1,3,0,day_3
Plate 11_C1_Inoc_25C,Plate 11,H2-Inoc-25C,H2,Inoc,C1,25C (ambient),1,4,0,day_4
Plate 11_C1_Inoc_25C,Plate 11,H2-Inoc-25C,H2,Inoc,C1,25C (ambient),1,5,0,day_5
Plate 11_C1_Inoc_25C,Plate 11,H2-Inoc-25C,H2,Inoc,C1,25C (ambient),1,6,2,day_6
Plate 11_C1_Inoc_25C,Plate 11,H2-Inoc-25C,H2,Inoc,C1,25C (ambient),1,7,6,day_7
Plate 11_C1_Inoc_25C,Plate 11,H2-Inoc-25C,H2,Inoc,C1,25C (ambient),1,8,6,day_8
Plate 11_C1_Inoc_25C,Plate 11,H2-Inoc-25C,H2,Inoc,C1,25C (ambient),1,9,6,day_9
Plate 11_C1_Inoc_25C,Plate 11,H2-Inoc-25C,H2,Inoc,C1,25C (ambient),1,10,6,day_10
Plate 11_C1_Inoc_25C,Plate 11,H2-Inoc-25C,H2,Inoc,C1,25C (ambient),1,11,6,day_11
Plate 11_C1_Inoc_25C,Plate 11,H2-Inoc-25C,H2,Inoc,C1,25C (ambient),1,13,6,day_13
Plate 11_C1_Inoc_25C,Plate 11,H2-Inoc-25C,H2,Inoc,C1,25C (ambient),1,14,na,day_14
Plate 11_C1_Inoc_25C,Plate 11,H2-Inoc-25C,H2,Inoc,C1,25C (ambient),1,21,na,day_21
Plate 11_C2_Inoc_25C,Plate 11,H2-Inoc-25C,H2,Inoc,C2,25C (ambient),1,0,0,day_0
Plate 11_C2_Inoc_25C,Plate 11,H2-Inoc-25C,H2,Inoc,C2,25C (ambient),1,3,0,day_3
Plate 11_C2_Inoc_25C,Plate 11,H2-Inoc-25C,H2,Inoc,C2,25C (ambient),1,4,0,day_4
Plate 11_C2_Inoc_25C,Plate 11,H2-Inoc-25C,H2,Inoc,C2,25C (ambient),1,5,0,day_5
Plate 11_C2_Inoc_25C,Plate 11,H2-Inoc-25C,H2,Inoc,C2,25C (ambient),1,6,2,day_6
Plate 11_C2_Inoc_25C,Plate 11,H2-Inoc-25C,H2,Inoc,C2,25C (ambient),1,7,2,day_7
Plate 11_C2_Inoc_25C,Plate 11,H2-Inoc-25C,H2,Inoc,C2,25C (ambient),1,8,2,day_8
Plate 11_C2_Inoc_25C,Plate 11,H2-Inoc-25C,H2,Inoc,C2,25C (ambient),1,9,2,day_9
Plate 11_C2_Inoc_25C,Plate 11,H2-Inoc-25C,H2,Inoc,C2,25C (ambient),1,10,2,day_10
Plate 11_C2_Inoc_25C,Plate 11,H2-Inoc-25C,H2,Inoc,C2,25C (ambient),1,11,4,day_11
Plate 11_C2_Inoc_25C,Plate 11,H2-Inoc-25C,H2,Inoc,C2,25C (ambient),1,13,5,day_13
Plate 11_C2_Inoc_25C,Plate 11,H2-Inoc-25C,H2,Inoc,C2,25C (ambient),1,14,5,day_14
Plate 11_C2_Inoc_25C,Plate 11,H2-Inoc-25C,H2,Inoc,C2,25C (ambient),1,21,na,day_21
Plate 11_C3_Inoc_25C,Plate 11,H2-Inoc-25C,H2,Inoc,C3,25C (ambient),1,0,0,day_0
Plate 11_C3_Inoc_25C,Plate 11,H2-Inoc-25C,H2,Inoc,C3,25C (ambient),1,3,0,day_3
Plate 11_C3_Inoc_25C,Plate 11,H2-Inoc-25C,H2,Inoc,C3,25C (ambient),1,4,0,day_4
Plate 11_C3_Inoc_25C,Plate 11,H2-Inoc-25C,H2,Inoc,C3,25C (ambient),1,5,0,day_5
Plate 11_C3_Inoc_25C,Plate 11,H2-Inoc-25C,H2,Inoc,C3,25C (ambient),1,6,0,day_6
Plate 11_C3_Inoc_25C,Plate 11,H2-Inoc-25C,H2,Inoc,C3,25C (ambient),1,7,0,day_7
Plate 11_C3_Inoc_25C,Plate 11,H2-Inoc-25C,H2,Inoc,C3,25C (ambient),1,8,0,day_8
Plate 11_C3_Inoc_25C,Plate 11,H2-Inoc-25C,H2,Inoc,C3,25C (ambient),1,9,0,day_9
Plate 11_C3_Inoc_25C,Plate 11,H2-Inoc-25C,H2,Inoc,C3,25C (ambient),1,10,0,day_10
Plate 11_C3_Inoc_25C,Plate 11,H2-Inoc-25C,H2,Inoc,C3,25C (ambient),1,11,0,day_11
Plate 11_C3_Inoc_25C,Plate 11,H2-Inoc-25C,H2,Inoc,C3,25C (ambient),1,13,0,day_13
Plate 11_C3_Inoc_25C,Plate 11,H2-Inoc-25C,H2,Inoc,C3,25C (ambient),1,14,0,day_14
Plate 11_C3_Inoc_25C,Plate 11,H2-Inoc-25C,H2,Inoc,C3,25C (ambient),1,21,0,day_21
Plate 11_C3_Inoc_25C,Plate 11,H2-Inoc-25C,H2,Inoc,C3,25C (ambient),2,0,0,day_0
Plate 11_C3_Inoc_25C,Plate 11,H2-Inoc-25C,H2,Inoc,C3,25C (ambient),2,3,0,day_3
Plate 11_C3_Inoc_25C,Plate 11,H2-Inoc-25C,H2,Inoc,C3,25C (ambient),2,4,0,day_4
Plate 11_C3_Inoc_25C,Plate 11,H2-Inoc-25C,H2,Inoc,C3,25C (ambient),2,5,0,day_5
Plate 11_C3_Inoc_25C,Plate 11,H2-Inoc-25C,H2,Inoc,C3,25C (ambient),2,6,0,day_6
Plate 11_C3_Inoc_25C,Plate 11,H2-Inoc-25C,H2,Inoc,C3,25C (ambient),2,7,0,day_7
Plate 11_C3_Inoc_25C,Plate 11,H2-Inoc-25C,H2,Inoc,C3,25C (ambient),2,8,0,day_8
Plate 11_C3_Inoc_25C,Plate 11,H2-Inoc-25C,H2,Inoc,C3,25C (ambient),2,9,0,day_9
Plate 11_C3_Inoc_25C,Plate 11,H2-Inoc-25C,H2,Inoc,C3,25C (ambient),2,10,0,day_10
Plate 11_C3_Inoc_25C,Plate 11,H2-Inoc-25C,H2,Inoc,C3,25C (ambient),2,11,0,day_11
Plate 11_C3_Inoc_25C,Plate 11,H2-Inoc-25C,H2,Inoc,C3,25C (ambient),2,13,na,day_13
Plate 11_C3_Inoc_25C,Plate 11,H2-Inoc-25C,H2,Inoc,C3,25C (ambient),2,14,na,day_14
Plate 11_C3_Inoc_25C,Plate 11,H2-Inoc-25C,H2,Inoc,C3,25C (ambient),2,21,na,day_21
Plate 11_C4_Inoc_25C,Plate 11,H2-Inoc-25C,H2,Inoc,C4,25C (ambient),1,0,0,day_0
Plate 11_C4_Inoc_25C,Plate 11,H2-Inoc-25C,H2,Inoc,C4,25C (ambient),1,3,0,day_3
Plate 11_C4_Inoc_25C,Plate 11,H2-Inoc-25C,H2,Inoc,C4,25C (ambient),1,4,0,day_4
Plate 11_C4_Inoc_25C,Plate 11,H2-Inoc-25C,H2,Inoc,C4,25C (ambient),1,5,1,day_5
Plate 11_C4_Inoc_25C,Plate 11,H2-Inoc-25C,H2,Inoc,C4,25C (ambient),1,6,10,day_6
Plate 11_C4_Inoc_25C,Plate 11,H2-Inoc-25C,H2,Inoc,C4,25C (ambient),1,7,12,day_7
Plate 11_C4_Inoc_25C,Plate 11,H2-Inoc-25C,H2,Inoc,C4,25C (ambient),1,8,12,day_8
Plate 11_C4_Inoc_25C,Plate 11,H2-Inoc-25C,H2,Inoc,C4,25C (ambient),1,9,12,day_9
Plate 11_C4_Inoc_25C,Plate 11,H2-Inoc-25C,H2,Inoc,C4,25C (ambient),1,10,12,day_10
Plate 11_C4_Inoc_25C,Plate 11,H2-Inoc-25C,H2,Inoc,C4,25C (ambient),1,11,12,day_11
Plate 11_C4_Inoc_25C,Plate 11,H2-Inoc-25C,H2,Inoc,C4,25C (ambient),1,13,12,day_13
Plate 11_C4_Inoc_25C,Plate 11,H2-Inoc-25C,H2,Inoc,C4,25C (ambient),1,14,12,day_14
Plate 11_C4_Inoc_25C,Plate 11,H2-Inoc-25C,H2,Inoc,C4,25C (ambient),1,21,12,day_21
Plate 11_C4_Inoc_25C,Plate 11,H2-Inoc-25C,H2,Inoc,C4,25C (ambient),2,0,0,day_0
Plate 11_C4_Inoc_25C,Plate 11,H2-Inoc-25C,H2,Inoc,C4,25C (ambient),2,3,0,day_3
Plate 11_C4_Inoc_25C,Plate 11,H2-Inoc-25C,H2,Inoc,C4,25C (ambient),2,4,na,day_4
Plate 11_C4_Inoc_25C,Plate 11,H2-Inoc-25C,H2,Inoc,C4,25C (ambient),2,5,na,day_5
Plate 11_C4_Inoc_25C,Plate 11,H2-Inoc-25C,H2,Inoc,C4,25C (ambient),2,6,na,day_6
Plate 11_C4_Inoc_25C,Plate 11,H2-Inoc-25C,H2,Inoc,C4,25C (ambient),2,7,na,day_7
Plate 11_C4_Inoc_25C,Plate 11,H2-Inoc-25C,H2,Inoc,C4,25C (ambient),2,8,na,day_8
Plate 11_C4_Inoc_25C,Plate 11,H2-Inoc-25C,H2,Inoc,C4,25C (ambient),2,9,na,day_9
Plate 11_C4_Inoc_25C,Plate 11,H2-Inoc-25C,H2,Inoc,C4,25C (ambient),2,10,na,day_10
Plate 11_C4_Inoc_25C,Plate 11,H2-Inoc-25C,H2,Inoc,C4,25C (ambient),2,11,na,day_11
Plate 11_C4_Inoc_25C,Plate 11,H2-Inoc-25C,H2,Inoc,C4,25C (ambient),2,13,na,day_13
Plate 11_C4_Inoc_25C,Plate 11,H2-Inoc-25C,H2,Inoc,C4,25C (ambient),2,14,na,day_14
Plate 11_C4_Inoc_25C,Plate 11,H2-Inoc-25C,H2,Inoc,C4,25C (ambient),2,21,na,day_21
Plate 11_C5_Inoc_25C,Plate 11,H2-Inoc-25C,H2,Inoc,C5,25C (ambient),1,0,0,day_0
Plate 11_C5_Inoc_25C,Plate 11,H2-Inoc-25C,H2,Inoc,C5,25C (ambient),1,3,0,day_3
Plate 11_C5_Inoc_25C,Plate 11,H2-Inoc-25C,H2,Inoc,C5,25C (ambient),1,4,0,day_4
Plate 11_C5_Inoc_25C,Plate 11,H2-Inoc-25C,H2,Inoc,C5,25C (ambient),1,5,0,day_5
Plate 11_C5_Inoc_25C,Plate 11,H2-Inoc-25C,H2,Inoc,C5,25C (ambient),1,6,0,day_6
Plate 11_C5_Inoc_25C,Plate 11,H2-Inoc-25C,H2,Inoc,C5,25C (ambient),1,7,0,day_7
Plate 11_C5_Inoc_25C,Plate 11,H2-Inoc-25C,H2,Inoc,C5,25C (ambient),1,8,0,day_8
Plate 11_C5_Inoc_25C,Plate 11,H2-Inoc-25C,H2,Inoc,C5,25C (ambient),1,9,2,day_9
Plate 11_C5_Inoc_25C,Plate 11,H2-Inoc-25C,H2,Inoc,C5,25C (ambient),1,10,2,day_10
Plate 11_C5_Inoc_25C,Plate 11,H2-Inoc-25C,H2,Inoc,C5,25C (ambient),1,11,2,day_11
Plate 11_C5_Inoc_25C,Plate 11,H2-Inoc-25C,H2,Inoc,C5,25C (ambient),1,13,2,day_13
Plate 11_C5_Inoc_25C,Plate 11,H2-Inoc-25C,H2,Inoc,C5,25C (ambient),1,14,2,day_14
Plate 11_C5_Inoc_25C,Plate 11,H2-Inoc-25C,H2,Inoc,C5,25C (ambient),1,21,4,day_21
Plate 11_C6_Inoc_25C,Plate 11,H2-Inoc-25C,H2,Inoc,C6,25C (ambient),1,0,0,day_0
Plate 11_C6_Inoc_25C,Plate 11,H2-Inoc-25C,H2,Inoc,C6,25C (ambient),1,3,0,day_3
Plate 11_C6_Inoc_25C,Plate 11,H2-Inoc-25C,H2,Inoc,C6,25C (ambient),1,4,0,day_4
Plate 11_C6_Inoc_25C,Plate 11,H2-Inoc-25C,H2,Inoc,C6,25C (ambient),1,5,0,day_5
Plate 11_C6_Inoc_25C,Plate 11,H2-Inoc-25C,H2,Inoc,C6,25C (ambient),1,6,0,day_6
Plate 11_C6_Inoc_25C,Plate 11,H2-Inoc-25C,H2,Inoc,C6,25C (ambient),1,7,3,day_7
Plate 11_C6_Inoc_25C,Plate 11,H2-Inoc-25C,H2,Inoc,C6,25C (ambient),1,8,3,day_8
Plate 11_C6_Inoc_25C,Plate 11,H2-Inoc-25C,H2,Inoc,C6,25C (ambient),1,9,3,day_9
Plate 11_C6_Inoc_25C,Plate 11,H2-Inoc-25C,H2,Inoc,C6,25C (ambient),1,10,3,day_10
Plate 11_C6_Inoc_25C,Plate 11,H2-Inoc-25C,H2,Inoc,C6,25C (ambient),1,11,3,day_11
Plate 11_C6_Inoc_25C,Plate 11,H2-Inoc-25C,H2,Inoc,C6,25C (ambient),1,13,3,day_13
Plate 11_C6_Inoc_25C,Plate 11,H2-Inoc-25C,H2,Inoc,C6,25C (ambient),1,14,3,day_14
Plate 11_C6_Inoc_25C,Plate 11,H2-Inoc-25C,H2,Inoc,C6,25C (ambient),1,21,3,day_21
Plate 11_C6_Inoc_25C,Plate 11,H2-Inoc-25C,H2,Inoc,C6,25C (ambient),2,0,0,day_0
Plate 11_C6_Inoc_25C,Plate 11,H2-Inoc-25C,H2,Inoc,C6,25C (ambient),2,3,0,day_3
Plate 11_C6_Inoc_25C,Plate 11,H2-Inoc-25C,H2,Inoc,C6,25C (ambient),2,4,0,day_4
Plate 11_C6_Inoc_25C,Plate 11,H2-Inoc-25C,H2,Inoc,C6,25C (ambient),2,5,na,day_5
Plate 11_C6_Inoc_25C,Plate 11,H2-Inoc-25C,H2,Inoc,C6,25C (ambient),2,6,na,day_6
Plate 11_C6_Inoc_25C,Plate 11,H2-Inoc-25C,H2,Inoc,C6,25C (ambient),2,7,na,day_7
Plate 11_C6_Inoc_25C,Plate 11,H2-Inoc-25C,H2,Inoc,C6,25C (ambient),2,8,na,day_8
Plate 11_C6_Inoc_25C,Plate 11,H2-Inoc-25C,H2,Inoc,C6,25C (ambient),2,9,na,day_9
Plate 11_C6_Inoc_25C,Plate 11,H2-Inoc-25C,H2,Inoc,C6,25C (ambient),2,10,na,day_10
Plate 11_C6_Inoc_25C,Plate 11,H2-Inoc-25C,H2,Inoc,C6,25C (ambient),2,11,na,day_11
Plate 11_C6_Inoc_25C,Plate 11,H2-Inoc-25C,H2,Inoc,C6,25C (ambient),2,13,na,day_13
Plate 11_C6_Inoc_25C,Plate 11,H2-Inoc-25C,H2,Inoc,C6,25C (ambient),2,14,na,day_14
Plate 11_C6_Inoc_25C,Plate 11,H2-Inoc-25C,H2,Inoc,C6,25C (ambient),2,21,na,day_21
Plate 11_D1_Inoc_25C,Plate 11,H2-Inoc-25C,H2,Inoc,D1,25C (ambient),1,0,0,day_0
Plate 11_D1_Inoc_25C,Plate 11,H2-Inoc-25C,H2,Inoc,D1,25C (ambient),1,3,0,day_3
Plate 11_D1_Inoc_25C,Plate 11,H2-Inoc-25C,H2,Inoc,D1,25C (ambient),1,4,0,day_4
Plate 11_D1_Inoc_25C,Plate 11,H2-Inoc-25C,H2,Inoc,D1,25C (ambient),1,5,0,day_5
Plate 11_D1_Inoc_25C,Plate 11,H2-Inoc-25C,H2,Inoc,D1,25C (ambient),1,6,0,day_6
Plate 11_D1_Inoc_25C,Plate 11,H2-Inoc-25C,H2,Inoc,D1,25C (ambient),1,7,1,day_7
Plate 11_D1_Inoc_25C,Plate 11,H2-Inoc-25C,H2,Inoc,D1,25C (ambient),1,8,1,day_8
Plate 11_D1_Inoc_25C,Plate 11,H2-Inoc-25C,H2,Inoc,D1,25C (ambient),1,9,1,day_9
Plate 11_D1_Inoc_25C,Plate 11,H2-Inoc-25C,H2,Inoc,D1,25C (ambient),1,10,1,day_10
Plate 11_D1_Inoc_25C,Plate 11,H2-Inoc-25C,H2,Inoc,D1,25C (ambient),1,11,3,day_11
Plate 11_D1_Inoc_25C,Plate 11,H2-Inoc-25C,H2,Inoc,D1,25C (ambient),1,13,3,day_13
Plate 11_D1_Inoc_25C,Plate 11,H2-Inoc-25C,H2,Inoc,D1,25C (ambient),1,14,7,day_14
Plate 11_D1_Inoc_25C,Plate 11,H2-Inoc-25C,H2,Inoc,D1,25C (ambient),1,21,9,day_21
Plate 11_D2_Inoc_25C,Plate 11,H2-Inoc-25C,H2,Inoc,D2,25C (ambient),1,0,0,day_0
Plate 11_D2_Inoc_25C,Plate 11,H2-Inoc-25C,H2,Inoc,D2,25C (ambient),1,3,0,day_3
Plate 11_D2_Inoc_25C,Plate 11,H2-Inoc-25C,H2,Inoc,D2,25C (ambient),1,4,0,day_4
Plate 11_D2_Inoc_25C,Plate 11,H2-Inoc-25C,H2,Inoc,D2,25C (ambient),1,5,0,day_5
Plate 11_D2_Inoc_25C,Plate 11,H2-Inoc-25C,H2,Inoc,D2,25C (ambient),1,6,0,day_6
Plate 11_D2_Inoc_25C,Plate 11,H2-Inoc-25C,H2,Inoc,D2,25C (ambient),1,7,9,day_7
Plate 11_D2_Inoc_25C,Plate 11,H2-Inoc-25C,H2,Inoc,D2,25C (ambient),1,8,9,day_8
Plate 11_D2_Inoc_25C,Plate 11,H2-Inoc-25C,H2,Inoc,D2,25C (ambient),1,9,10,day_9
Plate 11_D2_Inoc_25C,Plate 11,H2-Inoc-25C,H2,Inoc,D2,25C (ambient),1,10,10,day_10
Plate 11_D2_Inoc_25C,Plate 11,H2-Inoc-25C,H2,Inoc,D2,25C (ambient),1,11,12,day_11
Plate 11_D2_Inoc_25C,Plate 11,H2-Inoc-25C,H2,Inoc,D2,25C (ambient),1,13,13,day_13
Plate 11_D2_Inoc_25C,Plate 11,H2-Inoc-25C,H2,Inoc,D2,25C (ambient),1,14,13,day_14
Plate 11_D2_Inoc_25C,Plate 11,H2-Inoc-25C,H2,Inoc,D2,25C (ambient),1,21,13,day_21
Plate 11_D3_Inoc_25C,Plate 11,H2-Inoc-25C,H2,Inoc,D3,25C (ambient),1,0,0,day_0
Plate 11_D3_Inoc_25C,Plate 11,H2-Inoc-25C,H2,Inoc,D3,25C (ambient),1,3,0,day_3
Plate 11_D3_Inoc_25C,Plate 11,H2-Inoc-25C,H2,Inoc,D3,25C (ambient),1,4,0,day_4
Plate 11_D3_Inoc_25C,Plate 11,H2-Inoc-25C,H2,Inoc,D3,25C (ambient),1,5,0,day_5
Plate 11_D3_Inoc_25C,Plate 11,H2-Inoc-25C,H2,Inoc,D3,25C (ambient),1,6,0,day_6
Plate 11_D3_Inoc_25C,Plate 11,H2-Inoc-25C,H2,Inoc,D3,25C (ambient),1,7,0,day_7
Plate 11_D3_Inoc_25C,Plate 11,H2-Inoc-25C,H2,Inoc,D3,25C (ambient),1,8,0,day_8
Plate 11_D3_Inoc_25C,Plate 11,H2-Inoc-25C,H2,Inoc,D3,25C (ambient),1,9,2,day_9
Plate 11_D3_Inoc_25C,Plate 11,H2-Inoc-25C,H2,Inoc,D3,25C (ambient),1,10,4,day_10
Plate 11_D3_Inoc_25C,Plate 11,H2-Inoc-25C,H2,Inoc,D3,25C (ambient),1,11,4,day_11
Plate 11_D3_Inoc_25C,Plate 11,H2-Inoc-25C,H2,Inoc,D3,25C (ambient),1,13,4,day_13
Plate 11_D3_Inoc_25C,Plate 11,H2-Inoc-25C,H2,Inoc,D3,25C (ambient),1,14,4,day_14
Plate 11_D3_Inoc_25C,Plate 11,H2-Inoc-25C,H2,Inoc,D3,25C (ambient),1,21,na,day_21
Plate 11_D4_Inoc_25C,Plate 11,H2-Inoc-25C,H2,Inoc,D4,25C (ambient),1,0,0,day_0
Plate 11_D4_Inoc_25C,Plate 11,H2-Inoc-25C,H2,Inoc,D4,25C (ambient),1,3,0,day_3
Plate 11_D4_Inoc_25C,Plate 11,H2-Inoc-25C,H2,Inoc,D4,25C (ambient),1,4,0,day_4
Plate 11_D4_Inoc_25C,Plate 11,H2-Inoc-25C,H2,Inoc,D4,25C (ambient),1,5,0,day_5
Plate 11_D4_Inoc_25C,Plate 11,H2-Inoc-25C,H2,Inoc,D4,25C (ambient),1,6,7,day_6
Plate 11_D4_Inoc_25C,Plate 11,H2-Inoc-25C,H2,Inoc,D4,25C (ambient),1,7,7,day_7
Plate 11_D4_Inoc_25C,Plate 11,H2-Inoc-25C,H2,Inoc,D4,25C (ambient),1,8,7,day_8
Plate 11_D4_Inoc_25C,Plate 11,H2-Inoc-25C,H2,Inoc,D4,25C (ambient),1,9,7,day_9
Plate 11_D4_Inoc_25C,Plate 11,H2-Inoc-25C,H2,Inoc,D4,25C (ambient),1,10,7,day_10
Plate 11_D4_Inoc_25C,Plate 11,H2-Inoc-25C,H2,Inoc,D4,25C (ambient),1,11,7,day_11
Plate 11_D4_Inoc_25C,Plate 11,H2-Inoc-25C,H2,Inoc,D4,25C (ambient),1,13,7,day_13
Plate 11_D4_Inoc_25C,Plate 11,H2-Inoc-25C,H2,Inoc,D4,25C (ambient),1,14,8,day_14
Plate 11_D4_Inoc_25C,Plate 11,H2-Inoc-25C,H2,Inoc,D4,25C (ambient),1,21,na,day_21
Plate 11_D4_Inoc_25C,Plate 11,H2-Inoc-25C,H2,Inoc,D4,25C (ambient),2,0,na,day_0
Plate 11_D4_Inoc_25C,Plate 11,H2-Inoc-25C,H2,Inoc,D4,25C (ambient),2,3,0,day_3
Plate 11_D4_Inoc_25C,Plate 11,H2-Inoc-25C,H2,Inoc,D4,25C (ambient),2,4,0,day_4
Plate 11_D4_Inoc_25C,Plate 11,H2-Inoc-25C,H2,Inoc,D4,25C (ambient),2,5,0,day_5
Plate 11_D4_Inoc_25C,Plate 11,H2-Inoc-25C,H2,Inoc,D4,25C (ambient),2,6,0,day_6
Plate 11_D4_Inoc_25C,Plate 11,H2-Inoc-25C,H2,Inoc,D4,25C (ambient),2,7,0,day_7
Plate 11_D4_Inoc_25C,Plate 11,H2-Inoc-25C,H2,Inoc,D4,25C (ambient),2,8,4,day_8
Plate 11_D4_Inoc_25C,Plate 11,H2-Inoc-25C,H2,Inoc,D4,25C (ambient),2,9,na,day_9
Plate 11_D4_Inoc_25C,Plate 11,H2-Inoc-25C,H2,Inoc,D4,25C (ambient),2,10,na,day_10
Plate 11_D4_Inoc_25C,Plate 11,H2-Inoc-25C,H2,Inoc,D4,25C (ambient),2,11,na,day_11
Plate 11_D4_Inoc_25C,Plate 11,H2-Inoc-25C,H2,Inoc,D4,25C (ambient),2,13,na,day_13
Plate 11_D4_Inoc_25C,Plate 11,H2-Inoc-25C,H2,Inoc,D4,25C (ambient),2,14,na,day_14
Plate 11_D4_Inoc_25C,Plate 11,H2-Inoc-25C,H2,Inoc,D4,25C (ambient),2,21,na,day_21
Plate 11_D5_Inoc_25C,Plate 11,H2-Inoc-25C,H2,Inoc,D5,25C (ambient),1,0,0,day_0
Plate 11_D5_Inoc_25C,Plate 11,H2-Inoc-25C,H2,Inoc,D5,25C (ambient),1,3,0,day_3
Plate 11_D5_Inoc_25C,Plate 11,H2-Inoc-25C,H2,Inoc,D5,25C (ambient),1,4,0,day_4
Plate 11_D5_Inoc_25C,Plate 11,H2-Inoc-25C,H2,Inoc,D5,25C (ambient),1,5,0,day_5
Plate 11_D5_Inoc_25C,Plate 11,H2-Inoc-25C,H2,Inoc,D5,25C (ambient),1,6,7,day_6
Plate 11_D5_Inoc_25C,Plate 11,H2-Inoc-25C,H2,Inoc,D5,25C (ambient),1,7,7,day_7
Plate 11_D5_Inoc_25C,Plate 11,H2-Inoc-25C,H2,Inoc,D5,25C (ambient),1,8,11,day_8
Plate 11_D5_Inoc_25C,Plate 11,H2-Inoc-25C,H2,Inoc,D5,25C (ambient),1,9,11,day_9
Plate 11_D5_Inoc_25C,Plate 11,H2-Inoc-25C,H2,Inoc,D5,25C (ambient),1,10,11,day_10
Plate 11_D5_Inoc_25C,Plate 11,H2-Inoc-25C,H2,Inoc,D5,25C (ambient),1,11,11,day_11
Plate 11_D5_Inoc_25C,Plate 11,H2-Inoc-25C,H2,Inoc,D5,25C (ambient),1,13,11,day_13
Plate 11_D5_Inoc_25C,Plate 11,H2-Inoc-25C,H2,Inoc,D5,25C (ambient),1,14,11,day_14
Plate 11_D5_Inoc_25C,Plate 11,H2-Inoc-25C,H2,Inoc,D5,25C (ambient),1,21,11,day_21
Plate 11_D6_Inoc_25C,Plate 11,H2-Inoc-25C,H2,Inoc,D6,25C (ambient),1,0,0,day_0
Plate 11_D6_Inoc_25C,Plate 11,H2-Inoc-25C,H2,Inoc,D6,25C (ambient),1,3,0,day_3
Plate 11_D6_Inoc_25C,Plate 11,H2-Inoc-25C,H2,Inoc,D6,25C (ambient),1,4,na,day_4
Plate 11_D6_Inoc_25C,Plate 11,H2-Inoc-25C,H2,Inoc,D6,25C (ambient),1,5,na,day_5
Plate 11_D6_Inoc_25C,Plate 11,H2-Inoc-25C,H2,Inoc,D6,25C (ambient),1,6,na,day_6
Plate 11_D6_Inoc_25C,Plate 11,H2-Inoc-25C,H2,Inoc,D6,25C (ambient),1,7,na,day_7
Plate 11_D6_Inoc_25C,Plate 11,H2-Inoc-25C,H2,Inoc,D6,25C (ambient),1,8,na,day_8
Plate 11_D6_Inoc_25C,Plate 11,H2-Inoc-25C,H2,Inoc,D6,25C (ambient),1,9,na,day_9
Plate 11_D6_Inoc_25C,Plate 11,H2-Inoc-25C,H2,Inoc,D6,25C (ambient),1,10,na,day_10
Plate 11_D6_Inoc_25C,Plate 11,H2-Inoc-25C,H2,Inoc,D6,25C (ambient),1,11,na,day_11
Plate 11_D6_Inoc_25C,Plate 11,H2-Inoc-25C,H2,Inoc,D6,25C (ambient),1,13,na,day_13
Plate 11_D6_Inoc_25C,Plate 11,H2-Inoc-25C,H2,Inoc,D6,25C (ambient),1,14,na,day_14
Plate 11_D6_Inoc_25C,Plate 11,H2-Inoc-25C,H2,Inoc,D6,25C (ambient),1,21,na,day_21
Plate 12_A1_Inoc_25C,Plate 12,H2-Inoc-25C,H2,Inoc,A1,25C (ambient),1,0,0,day_0
Plate 12_A1_Inoc_25C,Plate 12,H2-Inoc-25C,H2,Inoc,A1,25C (ambient),1,3,edu,day_3
Plate 12_A1_Inoc_25C,Plate 12,H2-Inoc-25C,H2,Inoc,A1,25C (ambient),1,4,edu,day_4
Plate 12_A1_Inoc_25C,Plate 12,H2-Inoc-25C,H2,Inoc,A1,25C (ambient),1,5,edu,day_5
Plate 12_A1_Inoc_25C,Plate 12,H2-Inoc-25C,H2,Inoc,A1,25C (ambient),1,6,edu,day_6
Plate 12_A1_Inoc_25C,Plate 12,H2-Inoc-25C,H2,Inoc,A1,25C (ambient),1,7,edu,day_7
Plate 12_A1_Inoc_25C,Plate 12,H2-Inoc-25C,H2,Inoc,A1,25C (ambient),1,8,edu,day_8
Plate 12_A1_Inoc_25C,Plate 12,H2-Inoc-25C,H2,Inoc,A1,25C (ambient),1,9,edu,day_9
Plate 12_A1_Inoc_25C,Plate 12,H2-Inoc-25C,H2,Inoc,A1,25C (ambient),1,10,edu,day_10
Plate 12_A1_Inoc_25C,Plate 12,H2-Inoc-25C,H2,Inoc,A1,25C (ambient),1,11,edu,day_11
Plate 12_A1_Inoc_25C,Plate 12,H2-Inoc-25C,H2,Inoc,A1,25C (ambient),1,13,edu,day_13
Plate 12_A1_Inoc_25C,Plate 12,H2-Inoc-25C,H2,Inoc,A1,25C (ambient),1,14,edu,day_14
Plate 12_A1_Inoc_25C,Plate 12,H2-Inoc-25C,H2,Inoc,A1,25C (ambient),1,21,edu,day_21
Plate 12_A2_Inoc_25C,Plate 12,H2-Inoc-25C,H2,Inoc,A2,25C (ambient),1,0,0,day_0
Plate 12_A2_Inoc_25C,Plate 12,H2-Inoc-25C,H2,Inoc,A2,25C (ambient),1,3,edu,day_3
Plate 12_A2_Inoc_25C,Plate 12,H2-Inoc-25C,H2,Inoc,A2,25C (ambient),1,4,edu,day_4
Plate 12_A2_Inoc_25C,Plate 12,H2-Inoc-25C,H2,Inoc,A2,25C (ambient),1,5,edu,day_5
Plate 12_A2_Inoc_25C,Plate 12,H2-Inoc-25C,H2,Inoc,A2,25C (ambient),1,6,edu,day_6
Plate 12_A2_Inoc_25C,Plate 12,H2-Inoc-25C,H2,Inoc,A2,25C (ambient),1,7,edu,day_7
Plate 12_A2_Inoc_25C,Plate 12,H2-Inoc-25C,H2,Inoc,A2,25C (ambient),1,8,edu,day_8
Plate 12_A2_Inoc_25C,Plate 12,H2-Inoc-25C,H2,Inoc,A2,25C (ambient),1,9,edu,day_9
Plate 12_A2_Inoc_25C,Plate 12,H2-Inoc-25C,H2,Inoc,A2,25C (ambient),1,10,edu,day_10
Plate 12_A2_Inoc_25C,Plate 12,H2-Inoc-25C,H2,Inoc,A2,25C (ambient),1,11,edu,day_11
Plate 12_A2_Inoc_25C,Plate 12,H2-Inoc-25C,H2,Inoc,A2,25C (ambient),1,13,edu,day_13
Plate 12_A2_Inoc_25C,Plate 12,H2-Inoc-25C,H2,Inoc,A2,25C (ambient),1,14,edu,day_14
Plate 12_A2_Inoc_25C,Plate 12,H2-Inoc-25C,H2,Inoc,A2,25C (ambient),1,21,edu,day_21
Plate 12_A3_Inoc_25C,Plate 12,H2-Inoc-25C,H2,Inoc,A3,25C (ambient),1,0,0,day_0
Plate 12_A3_Inoc_25C,Plate 12,H2-Inoc-25C,H2,Inoc,A3,25C (ambient),1,3,edu,day_3
Plate 12_A3_Inoc_25C,Plate 12,H2-Inoc-25C,H2,Inoc,A3,25C (ambient),1,4,edu,day_4
Plate 12_A3_Inoc_25C,Plate 12,H2-Inoc-25C,H2,Inoc,A3,25C (ambient),1,5,edu,day_5
Plate 12_A3_Inoc_25C,Plate 12,H2-Inoc-25C,H2,Inoc,A3,25C (ambient),1,6,edu,day_6
Plate 12_A3_Inoc_25C,Plate 12,H2-Inoc-25C,H2,Inoc,A3,25C (ambient),1,7,edu,day_7
Plate 12_A3_Inoc_25C,Plate 12,H2-Inoc-25C,H2,Inoc,A3,25C (ambient),1,8,edu,day_8
Plate 12_A3_Inoc_25C,Plate 12,H2-Inoc-25C,H2,Inoc,A3,25C (ambient),1,9,edu,day_9
Plate 12_A3_Inoc_25C,Plate 12,H2-Inoc-25C,H2,Inoc,A3,25C (ambient),1,10,edu,day_10
Plate 12_A3_Inoc_25C,Plate 12,H2-Inoc-25C,H2,Inoc,A3,25C (ambient),1,11,edu,day_11
Plate 12_A3_Inoc_25C,Plate 12,H2-Inoc-25C,H2,Inoc,A3,25C (ambient),1,13,edu,day_13
Plate 12_A3_Inoc_25C,Plate 12,H2-Inoc-25C,H2,Inoc,A3,25C (ambient),1,14,edu,day_14
Plate 12_A3_Inoc_25C,Plate 12,H2-Inoc-25C,H2,Inoc,A3,25C (ambient),1,21,edu,day_21
Plate 12_A4_Inoc_25C,Plate 12,H2-Inoc-25C,H2,Inoc,A4,25C (ambient),1,0,0,day_0
Plate 12_A4_Inoc_25C,Plate 12,H2-Inoc-25C,H2,Inoc,A4,25C (ambient),1,3,0,day_3
Plate 12_A4_Inoc_25C,Plate 12,H2-Inoc-25C,H2,Inoc,A4,25C (ambient),1,4,0,day_4
Plate 12_A4_Inoc_25C,Plate 12,H2-Inoc-25C,H2,Inoc,A4,25C (ambient),1,5,edu,day_5
Plate 12_A4_Inoc_25C,Plate 12,H2-Inoc-25C,H2,Inoc,A4,25C (ambient),1,6,edu,day_6
Plate 12_A4_Inoc_25C,Plate 12,H2-Inoc-25C,H2,Inoc,A4,25C (ambient),1,7,edu,day_7
Plate 12_A4_Inoc_25C,Plate 12,H2-Inoc-25C,H2,Inoc,A4,25C (ambient),1,8,edu,day_8
Plate 12_A4_Inoc_25C,Plate 12,H2-Inoc-25C,H2,Inoc,A4,25C (ambient),1,9,edu,day_9
Plate 12_A4_Inoc_25C,Plate 12,H2-Inoc-25C,H2,Inoc,A4,25C (ambient),1,10,edu,day_10
Plate 12_A4_Inoc_25C,Plate 12,H2-Inoc-25C,H2,Inoc,A4,25C (ambient),1,11,edu,day_11
Plate 12_A4_Inoc_25C,Plate 12,H2-Inoc-25C,H2,Inoc,A4,25C (ambient),1,13,edu,day_13
Plate 12_A4_Inoc_25C,Plate 12,H2-Inoc-25C,H2,Inoc,A4,25C (ambient),1,14,edu,day_14
Plate 12_A4_Inoc_25C,Plate 12,H2-Inoc-25C,H2,Inoc,A4,25C (ambient),1,21,edu,day_21
Plate 12_A5_Inoc_25C,Plate 12,H2-Inoc-25C,H2,Inoc,A5,25C (ambient),1,0,0,day_0
Plate 12_A5_Inoc_25C,Plate 12,H2-Inoc-25C,H2,Inoc,A5,25C (ambient),1,3,0,day_3
Plate 12_A5_Inoc_25C,Plate 12,H2-Inoc-25C,H2,Inoc,A5,25C (ambient),1,4,0,day_4
Plate 12_A5_Inoc_25C,Plate 12,H2-Inoc-25C,H2,Inoc,A5,25C (ambient),1,5,edu,day_5
Plate 12_A5_Inoc_25C,Plate 12,H2-Inoc-25C,H2,Inoc,A5,25C (ambient),1,6,edu,day_6
Plate 12_A5_Inoc_25C,Plate 12,H2-Inoc-25C,H2,Inoc,A5,25C (ambient),1,7,edu,day_7
Plate 12_A5_Inoc_25C,Plate 12,H2-Inoc-25C,H2,Inoc,A5,25C (ambient),1,8,edu,day_8
Plate 12_A5_Inoc_25C,Plate 12,H2-Inoc-25C,H2,Inoc,A5,25C (ambient),1,9,edu,day_9
Plate 12_A5_Inoc_25C,Plate 12,H2-Inoc-25C,H2,Inoc,A5,25C (ambient),1,10,edu,day_10
Plate 12_A5_Inoc_25C,Plate 12,H2-Inoc-25C,H2,Inoc,A5,25C (ambient),1,11,edu,day_11
Plate 12_A5_Inoc_25C,Plate 12,H2-Inoc-25C,H2,Inoc,A5,25C (ambient),1,13,edu,day_13
Plate 12_A5_Inoc_25C,Plate 12,H2-Inoc-25C,H2,Inoc,A5,25C (ambient),1,14,edu,day_14
Plate 12_A5_Inoc_25C,Plate 12,H2-Inoc-25C,H2,Inoc,A5,25C (ambient),1,21,edu,day_21
Plate 12_A6_Inoc_25C,Plate 12,H2-Inoc-25C,H2,Inoc,A6,25C (ambient),1,0,0,day_0
Plate 12_A6_Inoc_25C,Plate 12,H2-Inoc-25C,H2,Inoc,A6,25C (ambient),1,3,0,day_3
Plate 12_A6_Inoc_25C,Plate 12,H2-Inoc-25C,H2,Inoc,A6,25C (ambient),1,4,0,day_4
Plate 12_A6_Inoc_25C,Plate 12,H2-Inoc-25C,H2,Inoc,A6,25C (ambient),1,5,edu,day_5
Plate 12_A6_Inoc_25C,Plate 12,H2-Inoc-25C,H2,Inoc,A6,25C (ambient),1,6,edu,day_6
Plate 12_A6_Inoc_25C,Plate 12,H2-Inoc-25C,H2,Inoc,A6,25C (ambient),1,7,edu,day_7
Plate 12_A6_Inoc_25C,Plate 12,H2-Inoc-25C,H2,Inoc,A6,25C (ambient),1,8,edu,day_8
Plate 12_A6_Inoc_25C,Plate 12,H2-Inoc-25C,H2,Inoc,A6,25C (ambient),1,9,edu,day_9
Plate 12_A6_Inoc_25C,Plate 12,H2-Inoc-25C,H2,Inoc,A6,25C (ambient),1,10,edu,day_10
Plate 12_A6_Inoc_25C,Plate 12,H2-Inoc-25C,H2,Inoc,A6,25C (ambient),1,11,edu,day_11
Plate 12_A6_Inoc_25C,Plate 12,H2-Inoc-25C,H2,Inoc,A6,25C (ambient),1,13,edu,day_13
Plate 12_A6_Inoc_25C,Plate 12,H2-Inoc-25C,H2,Inoc,A6,25C (ambient),1,14,edu,day_14
Plate 12_A6_Inoc_25C,Plate 12,H2-Inoc-25C,H2,Inoc,A6,25C (ambient),1,21,edu,day_21
Plate 12_B1_Inoc_25C,Plate 12,H2-Inoc-25C,H2,Inoc,B1,25C (ambient),1,0,0,day_0
Plate 12_B1_Inoc_25C,Plate 12,H2-Inoc-25C,H2,Inoc,B1,25C (ambient),1,3,0,day_3
Plate 12_B1_Inoc_25C,Plate 12,H2-Inoc-25C,H2,Inoc,B1,25C (ambient),1,4,0,day_4
Plate 12_B1_Inoc_25C,Plate 12,H2-Inoc-25C,H2,Inoc,B1,25C (ambient),1,5,0,day_5
Plate 12_B1_Inoc_25C,Plate 12,H2-Inoc-25C,H2,Inoc,B1,25C (ambient),1,6,0,day_6
Plate 12_B1_Inoc_25C,Plate 12,H2-Inoc-25C,H2,Inoc,B1,25C (ambient),1,7,0,day_7
Plate 12_B1_Inoc_25C,Plate 12,H2-Inoc-25C,H2,Inoc,B1,25C (ambient),1,8,0,day_8
Plate 12_B1_Inoc_25C,Plate 12,H2-Inoc-25C,H2,Inoc,B1,25C (ambient),1,9,5,day_9
Plate 12_B1_Inoc_25C,Plate 12,H2-Inoc-25C,H2,Inoc,B1,25C (ambient),1,10,5,day_10
Plate 12_B1_Inoc_25C,Plate 12,H2-Inoc-25C,H2,Inoc,B1,25C (ambient),1,11,5,day_11
Plate 12_B1_Inoc_25C,Plate 12,H2-Inoc-25C,H2,Inoc,B1,25C (ambient),1,13,5,day_13
Plate 12_B1_Inoc_25C,Plate 12,H2-Inoc-25C,H2,Inoc,B1,25C (ambient),1,14,na,day_14
Plate 12_B1_Inoc_25C,Plate 12,H2-Inoc-25C,H2,Inoc,B1,25C (ambient),1,21,na,day_21
Plate 12_B2_Inoc_25C,Plate 12,H2-Inoc-25C,H2,Inoc,B2,25C (ambient),1,0,0,day_0
Plate 12_B2_Inoc_25C,Plate 12,H2-Inoc-25C,H2,Inoc,B2,25C (ambient),1,3,0,day_3
Plate 12_B2_Inoc_25C,Plate 12,H2-Inoc-25C,H2,Inoc,B2,25C (ambient),1,4,0,day_4
Plate 12_B2_Inoc_25C,Plate 12,H2-Inoc-25C,H2,Inoc,B2,25C (ambient),1,5,0,day_5
Plate 12_B2_Inoc_25C,Plate 12,H2-Inoc-25C,H2,Inoc,B2,25C (ambient),1,6,0,day_6
Plate 12_B2_Inoc_25C,Plate 12,H2-Inoc-25C,H2,Inoc,B2,25C (ambient),1,7,0,day_7
Plate 12_B2_Inoc_25C,Plate 12,H2-Inoc-25C,H2,Inoc,B2,25C (ambient),1,8,0,day_8
Plate 12_B2_Inoc_25C,Plate 12,H2-Inoc-25C,H2,Inoc,B2,25C (ambient),1,9,0,day_9
Plate 12_B2_Inoc_25C,Plate 12,H2-Inoc-25C,H2,Inoc,B2,25C (ambient),1,10,0,day_10
Plate 12_B2_Inoc_25C,Plate 12,H2-Inoc-25C,H2,Inoc,B2,25C (ambient),1,11,6,day_11
Plate 12_B2_Inoc_25C,Plate 12,H2-Inoc-25C,H2,Inoc,B2,25C (ambient),1,13,6,day_13
Plate 12_B2_Inoc_25C,Plate 12,H2-Inoc-25C,H2,Inoc,B2,25C (ambient),1,14,6,day_14
Plate 12_B2_Inoc_25C,Plate 12,H2-Inoc-25C,H2,Inoc,B2,25C (ambient),1,21,6,day_21
Plate 12_B3_Inoc_25C,Plate 12,H2-Inoc-25C,H2,Inoc,B3,25C (ambient),1,0,0,day_0
Plate 12_B3_Inoc_25C,Plate 12,H2-Inoc-25C,H2,Inoc,B3,25C (ambient),1,3,0,day_3
Plate 12_B3_Inoc_25C,Plate 12,H2-Inoc-25C,H2,Inoc,B3,25C (ambient),1,4,0,day_4
Plate 12_B3_Inoc_25C,Plate 12,H2-Inoc-25C,H2,Inoc,B3,25C (ambient),1,5,0,day_5
Plate 12_B3_Inoc_25C,Plate 12,H2-Inoc-25C,H2,Inoc,B3,25C (ambient),1,6,0,day_6
Plate 12_B3_Inoc_25C,Plate 12,H2-Inoc-25C,H2,Inoc,B3,25C (ambient),1,7,4,day_7
Plate 12_B3_Inoc_25C,Plate 12,H2-Inoc-25C,H2,Inoc,B3,25C (ambient),1,8,6,day_8
Plate 12_B3_Inoc_25C,Plate 12,H2-Inoc-25C,H2,Inoc,B3,25C (ambient),1,9,6,day_9
Plate 12_B3_Inoc_25C,Plate 12,H2-Inoc-25C,H2,Inoc,B3,25C (ambient),1,10,7,day_10
Plate 12_B3_Inoc_25C,Plate 12,H2-Inoc-25C,H2,Inoc,B3,25C (ambient),1,11,7,day_11
Plate 12_B3_Inoc_25C,Plate 12,H2-Inoc-25C,H2,Inoc,B3,25C (ambient),1,13,7,day_13
Plate 12_B3_Inoc_25C,Plate 12,H2-Inoc-25C,H2,Inoc,B3,25C (ambient),1,14,7,day_14
Plate 12_B3_Inoc_25C,Plate 12,H2-Inoc-25C,H2,Inoc,B3,25C (ambient),1,21,7,day_21
Plate 12_B4_Inoc_25C,Plate 12,H2-Inoc-25C,H2,Inoc,B4,25C (ambient),1,0,0,day_0
Plate 12_B4_Inoc_25C,Plate 12,H2-Inoc-25C,H2,Inoc,B4,25C (ambient),1,3,0,day_3
Plate 12_B4_Inoc_25C,Plate 12,H2-Inoc-25C,H2,Inoc,B4,25C (ambient),1,4,0,day_4
Plate 12_B4_Inoc_25C,Plate 12,H2-Inoc-25C,H2,Inoc,B4,25C (ambient),1,5,edu,day_5
Plate 12_B4_Inoc_25C,Plate 12,H2-Inoc-25C,H2,Inoc,B4,25C (ambient),1,6,edu,day_6
Plate 12_B4_Inoc_25C,Plate 12,H2-Inoc-25C,H2,Inoc,B4,25C (ambient),1,7,edu,day_7
Plate 12_B4_Inoc_25C,Plate 12,H2-Inoc-25C,H2,Inoc,B4,25C (ambient),1,8,edu,day_8
Plate 12_B4_Inoc_25C,Plate 12,H2-Inoc-25C,H2,Inoc,B4,25C (ambient),1,9,edu,day_9
Plate 12_B4_Inoc_25C,Plate 12,H2-Inoc-25C,H2,Inoc,B4,25C (ambient),1,10,edu,day_10
Plate 12_B4_Inoc_25C,Plate 12,H2-Inoc-25C,H2,Inoc,B4,25C (ambient),1,11,edu,day_11
Plate 12_B4_Inoc_25C,Plate 12,H2-Inoc-25C,H2,Inoc,B4,25C (ambient),1,13,edu,day_13
Plate 12_B4_Inoc_25C,Plate 12,H2-Inoc-25C,H2,Inoc,B4,25C (ambient),1,14,edu,day_14
Plate 12_B4_Inoc_25C,Plate 12,H2-Inoc-25C,H2,Inoc,B4,25C (ambient),1,21,edu,day_21
Plate 12_B5_Inoc_25C,Plate 12,H2-Inoc-25C,H2,Inoc,B5,25C (ambient),1,0,0,day_0
Plate 12_B5_Inoc_25C,Plate 12,H2-Inoc-25C,H2,Inoc,B5,25C (ambient),1,3,0,day_3
Plate 12_B5_Inoc_25C,Plate 12,H2-Inoc-25C,H2,Inoc,B5,25C (ambient),1,4,0,day_4
Plate 12_B5_Inoc_25C,Plate 12,H2-Inoc-25C,H2,Inoc,B5,25C (ambient),1,5,0,day_5
Plate 12_B5_Inoc_25C,Plate 12,H2-Inoc-25C,H2,Inoc,B5,25C (ambient),1,6,0,day_6
Plate 12_B5_Inoc_25C,Plate 12,H2-Inoc-25C,H2,Inoc,B5,25C (ambient),1,7,4,day_7
Plate 12_B5_Inoc_25C,Plate 12,H2-Inoc-25C,H2,Inoc,B5,25C (ambient),1,8,edu,day_8
Plate 12_B5_Inoc_25C,Plate 12,H2-Inoc-25C,H2,Inoc,B5,25C (ambient),1,9,edu,day_9
Plate 12_B5_Inoc_25C,Plate 12,H2-Inoc-25C,H2,Inoc,B5,25C (ambient),1,10,edu,day_10
Plate 12_B5_Inoc_25C,Plate 12,H2-Inoc-25C,H2,Inoc,B5,25C (ambient),1,11,edu,day_11
Plate 12_B5_Inoc_25C,Plate 12,H2-Inoc-25C,H2,Inoc,B5,25C (ambient),1,13,edu,day_13
Plate 12_B5_Inoc_25C,Plate 12,H2-Inoc-25C,H2,Inoc,B5,25C (ambient),1,14,edu,day_14
Plate 12_B5_Inoc_25C,Plate 12,H2-Inoc-25C,H2,Inoc,B5,25C (ambient),1,21,edu,day_21
Plate 12_B6_Inoc_25C,Plate 12,H2-Inoc-25C,H2,Inoc,B6,25C (ambient),1,0,0,day_0
Plate 12_B6_Inoc_25C,Plate 12,H2-Inoc-25C,H2,Inoc,B6,25C (ambient),1,3,0,day_3
Plate 12_B6_Inoc_25C,Plate 12,H2-Inoc-25C,H2,Inoc,B6,25C (ambient),1,4,0,day_4
Plate 12_B6_Inoc_25C,Plate 12,H2-Inoc-25C,H2,Inoc,B6,25C (ambient),1,5,0,day_5
Plate 12_B6_Inoc_25C,Plate 12,H2-Inoc-25C,H2,Inoc,B6,25C (ambient),1,6,0,day_6
Plate 12_B6_Inoc_25C,Plate 12,H2-Inoc-25C,H2,Inoc,B6,25C (ambient),1,7,0,day_7
Plate 12_B6_Inoc_25C,Plate 12,H2-Inoc-25C,H2,Inoc,B6,25C (ambient),1,8,edu,day_8
Plate 12_B6_Inoc_25C,Plate 12,H2-Inoc-25C,H2,Inoc,B6,25C (ambient),1,9,edu,day_9
Plate 12_B6_Inoc_25C,Plate 12,H2-Inoc-25C,H2,Inoc,B6,25C (ambient),1,10,edu,day_10
Plate 12_B6_Inoc_25C,Plate 12,H2-Inoc-25C,H2,Inoc,B6,25C (ambient),1,11,edu,day_11
Plate 12_B6_Inoc_25C,Plate 12,H2-Inoc-25C,H2,Inoc,B6,25C (ambient),1,13,edu,day_13
Plate 12_B6_Inoc_25C,Plate 12,H2-Inoc-25C,H2,Inoc,B6,25C (ambient),1,14,edu,day_14
Plate 12_B6_Inoc_25C,Plate 12,H2-Inoc-25C,H2,Inoc,B6,25C (ambient),1,21,edu,day_21
Plate 12_C1_Inoc_25C,Plate 12,H2-Inoc-25C,H2,Inoc,C1,25C (ambient),1,0,0,day_0
Plate 12_C1_Inoc_25C,Plate 12,H2-Inoc-25C,H2,Inoc,C1,25C (ambient),1,3,0,day_3
Plate 12_C1_Inoc_25C,Plate 12,H2-Inoc-25C,H2,Inoc,C1,25C (ambient),1,4,0,day_4
Plate 12_C1_Inoc_25C,Plate 12,H2-Inoc-25C,H2,Inoc,C1,25C (ambient),1,5,0,day_5
Plate 12_C1_Inoc_25C,Plate 12,H2-Inoc-25C,H2,Inoc,C1,25C (ambient),1,6,0,day_6
Plate 12_C1_Inoc_25C,Plate 12,H2-Inoc-25C,H2,Inoc,C1,25C (ambient),1,7,0,day_7
Plate 12_C1_Inoc_25C,Plate 12,H2-Inoc-25C,H2,Inoc,C1,25C (ambient),1,8,0,day_8
Plate 12_C1_Inoc_25C,Plate 12,H2-Inoc-25C,H2,Inoc,C1,25C (ambient),1,9,0,day_9
Plate 12_C1_Inoc_25C,Plate 12,H2-Inoc-25C,H2,Inoc,C1,25C (ambient),1,10,0,day_10
Plate 12_C1_Inoc_25C,Plate 12,H2-Inoc-25C,H2,Inoc,C1,25C (ambient),1,11,2,day_11
Plate 12_C1_Inoc_25C,Plate 12,H2-Inoc-25C,H2,Inoc,C1,25C (ambient),1,13,2,day_13
Plate 12_C1_Inoc_25C,Plate 12,H2-Inoc-25C,H2,Inoc,C1,25C (ambient),1,14,na,day_14
Plate 12_C1_Inoc_25C,Plate 12,H2-Inoc-25C,H2,Inoc,C1,25C (ambient),1,21,na,day_21
Plate 12_C2_Inoc_25C,Plate 12,H2-Inoc-25C,H2,Inoc,C2,25C (ambient),1,0,0,day_0
Plate 12_C2_Inoc_25C,Plate 12,H2-Inoc-25C,H2,Inoc,C2,25C (ambient),1,3,0,day_3
Plate 12_C2_Inoc_25C,Plate 12,H2-Inoc-25C,H2,Inoc,C2,25C (ambient),1,4,0,day_4
Plate 12_C2_Inoc_25C,Plate 12,H2-Inoc-25C,H2,Inoc,C2,25C (ambient),1,5,0,day_5
Plate 12_C2_Inoc_25C,Plate 12,H2-Inoc-25C,H2,Inoc,C2,25C (ambient),1,6,0,day_6
Plate 12_C2_Inoc_25C,Plate 12,H2-Inoc-25C,H2,Inoc,C2,25C (ambient),1,7,0,day_7
Plate 12_C2_Inoc_25C,Plate 12,H2-Inoc-25C,H2,Inoc,C2,25C (ambient),1,8,6,day_8
Plate 12_C2_Inoc_25C,Plate 12,H2-Inoc-25C,H2,Inoc,C2,25C (ambient),1,9,8,day_9
Plate 12_C2_Inoc_25C,Plate 12,H2-Inoc-25C,H2,Inoc,C2,25C (ambient),1,10,8,day_10
Plate 12_C2_Inoc_25C,Plate 12,H2-Inoc-25C,H2,Inoc,C2,25C (ambient),1,11,8,day_11
Plate 12_C2_Inoc_25C,Plate 12,H2-Inoc-25C,H2,Inoc,C2,25C (ambient),1,13,8,day_13
Plate 12_C2_Inoc_25C,Plate 12,H2-Inoc-25C,H2,Inoc,C2,25C (ambient),1,14,na,day_14
Plate 12_C2_Inoc_25C,Plate 12,H2-Inoc-25C,H2,Inoc,C2,25C (ambient),1,21,na,day_21
Plate 12_C2_Inoc_25C,Plate 12,H2-Inoc-25C,H2,Inoc,C2,25C (ambient),2,0,0,day_0
Plate 12_C2_Inoc_25C,Plate 12,H2-Inoc-25C,H2,Inoc,C2,25C (ambient),2,3,0,day_3
Plate 12_C2_Inoc_25C,Plate 12,H2-Inoc-25C,H2,Inoc,C2,25C (ambient),2,4,0,day_4
Plate 12_C2_Inoc_25C,Plate 12,H2-Inoc-25C,H2,Inoc,C2,25C (ambient),2,5,0,day_5
Plate 12_C2_Inoc_25C,Plate 12,H2-Inoc-25C,H2,Inoc,C2,25C (ambient),2,6,0,day_6
Plate 12_C2_Inoc_25C,Plate 12,H2-Inoc-25C,H2,Inoc,C2,25C (ambient),2,7,0,day_7
Plate 12_C2_Inoc_25C,Plate 12,H2-Inoc-25C,H2,Inoc,C2,25C (ambient),2,8,0,day_8
Plate 12_C2_Inoc_25C,Plate 12,H2-Inoc-25C,H2,Inoc,C2,25C (ambient),2,9,na,day_9
Plate 12_C2_Inoc_25C,Plate 12,H2-Inoc-25C,H2,Inoc,C2,25C (ambient),2,10,na,day_10
Plate 12_C2_Inoc_25C,Plate 12,H2-Inoc-25C,H2,Inoc,C2,25C (ambient),2,11,na,day_11
Plate 12_C2_Inoc_25C,Plate 12,H2-Inoc-25C,H2,Inoc,C2,25C (ambient),2,13,na,day_13
Plate 12_C2_Inoc_25C,Plate 12,H2-Inoc-25C,H2,Inoc,C2,25C (ambient),2,14,na,day_14
Plate 12_C2_Inoc_25C,Plate 12,H2-Inoc-25C,H2,Inoc,C2,25C (ambient),2,21,na,day_21
Plate 12_C3_Inoc_25C,Plate 12,H2-Inoc-25C,H2,Inoc,C3,25C (ambient),1,0,0,day_0
Plate 12_C3_Inoc_25C,Plate 12,H2-Inoc-25C,H2,Inoc,C3,25C (ambient),1,3,0,day_3
Plate 12_C3_Inoc_25C,Plate 12,H2-Inoc-25C,H2,Inoc,C3,25C (ambient),1,4,0,day_4
Plate 12_C3_Inoc_25C,Plate 12,H2-Inoc-25C,H2,Inoc,C3,25C (ambient),1,5,0,day_5
Plate 12_C3_Inoc_25C,Plate 12,H2-Inoc-25C,H2,Inoc,C3,25C (ambient),1,6,0,day_6
Plate 12_C3_Inoc_25C,Plate 12,H2-Inoc-25C,H2,Inoc,C3,25C (ambient),1,7,0,day_7
Plate 12_C3_Inoc_25C,Plate 12,H2-Inoc-25C,H2,Inoc,C3,25C (ambient),1,8,8,day_8
Plate 12_C3_Inoc_25C,Plate 12,H2-Inoc-25C,H2,Inoc,C3,25C (ambient),1,9,8,day_9
Plate 12_C3_Inoc_25C,Plate 12,H2-Inoc-25C,H2,Inoc,C3,25C (ambient),1,10,8,day_10
Plate 12_C3_Inoc_25C,Plate 12,H2-Inoc-25C,H2,Inoc,C3,25C (ambient),1,11,8,day_11
Plate 12_C3_Inoc_25C,Plate 12,H2-Inoc-25C,H2,Inoc,C3,25C (ambient),1,13,8,day_13
Plate 12_C3_Inoc_25C,Plate 12,H2-Inoc-25C,H2,Inoc,C3,25C (ambient),1,14,na,day_14
Plate 12_C3_Inoc_25C,Plate 12,H2-Inoc-25C,H2,Inoc,C3,25C (ambient),1,21,na,day_21
Plate 12_C4_Inoc_25C,Plate 12,H2-Inoc-25C,H2,Inoc,C4,25C (ambient),1,0,0,day_0
Plate 12_C4_Inoc_25C,Plate 12,H2-Inoc-25C,H2,Inoc,C4,25C (ambient),1,3,0,day_3
Plate 12_C4_Inoc_25C,Plate 12,H2-Inoc-25C,H2,Inoc,C4,25C (ambient),1,4,na,day_4
Plate 12_C4_Inoc_25C,Plate 12,H2-Inoc-25C,H2,Inoc,C4,25C (ambient),1,5,na,day_5
Plate 12_C4_Inoc_25C,Plate 12,H2-Inoc-25C,H2,Inoc,C4,25C (ambient),1,6,na,day_6
Plate 12_C4_Inoc_25C,Plate 12,H2-Inoc-25C,H2,Inoc,C4,25C (ambient),1,7,na,day_7
Plate 12_C4_Inoc_25C,Plate 12,H2-Inoc-25C,H2,Inoc,C4,25C (ambient),1,8,na,day_8
Plate 12_C4_Inoc_25C,Plate 12,H2-Inoc-25C,H2,Inoc,C4,25C (ambient),1,9,na,day_9
Plate 12_C4_Inoc_25C,Plate 12,H2-Inoc-25C,H2,Inoc,C4,25C (ambient),1,10,na,day_10
Plate 12_C4_Inoc_25C,Plate 12,H2-Inoc-25C,H2,Inoc,C4,25C (ambient),1,11,na,day_11
Plate 12_C4_Inoc_25C,Plate 12,H2-Inoc-25C,H2,Inoc,C4,25C (ambient),1,13,na,day_13
Plate 12_C4_Inoc_25C,Plate 12,H2-Inoc-25C,H2,Inoc,C4,25C (ambient),1,14,na,day_14
Plate 12_C4_Inoc_25C,Plate 12,H2-Inoc-25C,H2,Inoc,C4,25C (ambient),1,21,na,day_21
Plate 12_C5_Inoc_25C,Plate 12,H2-Inoc-25C,H2,Inoc,C5,25C (ambient),1,0,0,day_0
Plate 12_C5_Inoc_25C,Plate 12,H2-Inoc-25C,H2,Inoc,C5,25C (ambient),1,3,0,day_3
Plate 12_C5_Inoc_25C,Plate 12,H2-Inoc-25C,H2,Inoc,C5,25C (ambient),1,4,0,day_4
Plate 12_C5_Inoc_25C,Plate 12,H2-Inoc-25C,H2,Inoc,C5,25C (ambient),1,5,0,day_5
Plate 12_C5_Inoc_25C,Plate 12,H2-Inoc-25C,H2,Inoc,C5,25C (ambient),1,6,0,day_6
Plate 12_C5_Inoc_25C,Plate 12,H2-Inoc-25C,H2,Inoc,C5,25C (ambient),1,7,0,day_7
Plate 12_C5_Inoc_25C,Plate 12,H2-Inoc-25C,H2,Inoc,C5,25C (ambient),1,8,edu,day_8
Plate 12_C5_Inoc_25C,Plate 12,H2-Inoc-25C,H2,Inoc,C5,25C (ambient),1,9,edu,day_9
Plate 12_C5_Inoc_25C,Plate 12,H2-Inoc-25C,H2,Inoc,C5,25C (ambient),1,10,edu,day_10
Plate 12_C5_Inoc_25C,Plate 12,H2-Inoc-25C,H2,Inoc,C5,25C (ambient),1,11,edu,day_11
Plate 12_C5_Inoc_25C,Plate 12,H2-Inoc-25C,H2,Inoc,C5,25C (ambient),1,13,edu,day_13
Plate 12_C5_Inoc_25C,Plate 12,H2-Inoc-25C,H2,Inoc,C5,25C (ambient),1,14,edu,day_14
Plate 12_C5_Inoc_25C,Plate 12,H2-Inoc-25C,H2,Inoc,C5,25C (ambient),1,21,edu,day_21
Plate 12_C6_Inoc_25C,Plate 12,H2-Inoc-25C,H2,Inoc,C6,25C (ambient),1,0,0,day_0
Plate 12_C6_Inoc_25C,Plate 12,H2-Inoc-25C,H2,Inoc,C6,25C (ambient),1,3,0,day_3
Plate 12_C6_Inoc_25C,Plate 12,H2-Inoc-25C,H2,Inoc,C6,25C (ambient),1,4,0,day_4
Plate 12_C6_Inoc_25C,Plate 12,H2-Inoc-25C,H2,Inoc,C6,25C (ambient),1,5,0,day_5
Plate 12_C6_Inoc_25C,Plate 12,H2-Inoc-25C,H2,Inoc,C6,25C (ambient),1,6,0,day_6
Plate 12_C6_Inoc_25C,Plate 12,H2-Inoc-25C,H2,Inoc,C6,25C (ambient),1,7,2,day_7
Plate 12_C6_Inoc_25C,Plate 12,H2-Inoc-25C,H2,Inoc,C6,25C (ambient),1,8,edu,day_8
Plate 12_C6_Inoc_25C,Plate 12,H2-Inoc-25C,H2,Inoc,C6,25C (ambient),1,9,edu,day_9
Plate 12_C6_Inoc_25C,Plate 12,H2-Inoc-25C,H2,Inoc,C6,25C (ambient),1,10,edu,day_10
Plate 12_C6_Inoc_25C,Plate 12,H2-Inoc-25C,H2,Inoc,C6,25C (ambient),1,11,edu,day_11
Plate 12_C6_Inoc_25C,Plate 12,H2-Inoc-25C,H2,Inoc,C6,25C (ambient),1,13,edu,day_13
Plate 12_C6_Inoc_25C,Plate 12,H2-Inoc-25C,H2,Inoc,C6,25C (ambient),1,14,edu,day_14
Plate 12_C6_Inoc_25C,Plate 12,H2-Inoc-25C,H2,Inoc,C6,25C (ambient),1,21,edu,day_21
Plate 12_D1_Inoc_25C,Plate 12,H2-Inoc-25C,H2,Inoc,D1,25C (ambient),1,0,0,day_0
Plate 12_D1_Inoc_25C,Plate 12,H2-Inoc-25C,H2,Inoc,D1,25C (ambient),1,3,0,day_3
Plate 12_D1_Inoc_25C,Plate 12,H2-Inoc-25C,H2,Inoc,D1,25C (ambient),1,4,0,day_4
Plate 12_D1_Inoc_25C,Plate 12,H2-Inoc-25C,H2,Inoc,D1,25C (ambient),1,5,0,day_5
Plate 12_D1_Inoc_25C,Plate 12,H2-Inoc-25C,H2,Inoc,D1,25C (ambient),1,6,4,day_6
Plate 12_D1_Inoc_25C,Plate 12,H2-Inoc-25C,H2,Inoc,D1,25C (ambient),1,7,4,day_7
Plate 12_D1_Inoc_25C,Plate 12,H2-Inoc-25C,H2,Inoc,D1,25C (ambient),1,8,11,day_8
Plate 12_D1_Inoc_25C,Plate 12,H2-Inoc-25C,H2,Inoc,D1,25C (ambient),1,9,11,day_9
Plate 12_D1_Inoc_25C,Plate 12,H2-Inoc-25C,H2,Inoc,D1,25C (ambient),1,10,11,day_10
Plate 12_D1_Inoc_25C,Plate 12,H2-Inoc-25C,H2,Inoc,D1,25C (ambient),1,11,11,day_11
Plate 12_D1_Inoc_25C,Plate 12,H2-Inoc-25C,H2,Inoc,D1,25C (ambient),1,13,?,day_13
Plate 12_D1_Inoc_25C,Plate 12,H2-Inoc-25C,H2,Inoc,D1,25C (ambient),1,14,na,day_14
Plate 12_D1_Inoc_25C,Plate 12,H2-Inoc-25C,H2,Inoc,D1,25C (ambient),1,21,na,day_21
Plate 12_D2_Inoc_25C,Plate 12,H2-Inoc-25C,H2,Inoc,D2,25C (ambient),1,0,0,day_0
Plate 12_D2_Inoc_25C,Plate 12,H2-Inoc-25C,H2,Inoc,D2,25C (ambient),1,3,0,day_3
Plate 12_D2_Inoc_25C,Plate 12,H2-Inoc-25C,H2,Inoc,D2,25C (ambient),1,4,0,day_4
Plate 12_D2_Inoc_25C,Plate 12,H2-Inoc-25C,H2,Inoc,D2,25C (ambient),1,5,0,day_5
Plate 12_D2_Inoc_25C,Plate 12,H2-Inoc-25C,H2,Inoc,D2,25C (ambient),1,6,0,day_6
Plate 12_D2_Inoc_25C,Plate 12,H2-Inoc-25C,H2,Inoc,D2,25C (ambient),1,7,0,day_7
Plate 12_D2_Inoc_25C,Plate 12,H2-Inoc-25C,H2,Inoc,D2,25C (ambient),1,8,5,day_8
Plate 12_D2_Inoc_25C,Plate 12,H2-Inoc-25C,H2,Inoc,D2,25C (ambient),1,9,?,day_9
Plate 12_D2_Inoc_25C,Plate 12,H2-Inoc-25C,H2,Inoc,D2,25C (ambient),1,10,?,day_10
Plate 12_D2_Inoc_25C,Plate 12,H2-Inoc-25C,H2,Inoc,D2,25C (ambient),1,11,5,day_11
Plate 12_D2_Inoc_25C,Plate 12,H2-Inoc-25C,H2,Inoc,D2,25C (ambient),1,13,?,day_13
Plate 12_D2_Inoc_25C,Plate 12,H2-Inoc-25C,H2,Inoc,D2,25C (ambient),1,14,na,day_14
Plate 12_D2_Inoc_25C,Plate 12,H2-Inoc-25C,H2,Inoc,D2,25C (ambient),1,21,na,day_21
Plate 12_D3_Inoc_25C,Plate 12,H2-Inoc-25C,H2,Inoc,D3,25C (ambient),1,0,0,day_0
Plate 12_D3_Inoc_25C,Plate 12,H2-Inoc-25C,H2,Inoc,D3,25C (ambient),1,3,0,day_3
Plate 12_D3_Inoc_25C,Plate 12,H2-Inoc-25C,H2,Inoc,D3,25C (ambient),1,4,na,day_4
Plate 12_D3_Inoc_25C,Plate 12,H2-Inoc-25C,H2,Inoc,D3,25C (ambient),1,5,na,day_5
Plate 12_D3_Inoc_25C,Plate 12,H2-Inoc-25C,H2,Inoc,D3,25C (ambient),1,6,na,day_6
Plate 12_D3_Inoc_25C,Plate 12,H2-Inoc-25C,H2,Inoc,D3,25C (ambient),1,7,na,day_7
Plate 12_D3_Inoc_25C,Plate 12,H2-Inoc-25C,H2,Inoc,D3,25C (ambient),1,8,na,day_8
Plate 12_D3_Inoc_25C,Plate 12,H2-Inoc-25C,H2,Inoc,D3,25C (ambient),1,9,na,day_9
Plate 12_D3_Inoc_25C,Plate 12,H2-Inoc-25C,H2,Inoc,D3,25C (ambient),1,10,na,day_10
Plate 12_D3_Inoc_25C,Plate 12,H2-Inoc-25C,H2,Inoc,D3,25C (ambient),1,11,na,day_11
Plate 12_D3_Inoc_25C,Plate 12,H2-Inoc-25C,H2,Inoc,D3,25C (ambient),1,13,na,day_13
Plate 12_D3_Inoc_25C,Plate 12,H2-Inoc-25C,H2,Inoc,D3,25C (ambient),1,14,na,day_14
Plate 12_D3_Inoc_25C,Plate 12,H2-Inoc-25C,H2,Inoc,D3,25C (ambient),1,21,na,day_21
Plate 12_D4_Inoc_25C,Plate 12,H2-Inoc-25C,H2,Inoc,D4,25C (ambient),1,0,0,day_0
Plate 12_D4_Inoc_25C,Plate 12,H2-Inoc-25C,H2,Inoc,D4,25C (ambient),1,3,0,day_3
Plate 12_D4_Inoc_25C,Plate 12,H2-Inoc-25C,H2,Inoc,D4,25C (ambient),1,4,na,day_4
Plate 12_D4_Inoc_25C,Plate 12,H2-Inoc-25C,H2,Inoc,D4,25C (ambient),1,5,na,day_5
Plate 12_D4_Inoc_25C,Plate 12,H2-Inoc-25C,H2,Inoc,D4,25C (ambient),1,6,na,day_6
Plate 12_D4_Inoc_25C,Plate 12,H2-Inoc-25C,H2,Inoc,D4,25C (ambient),1,7,na,day_7
Plate 12_D4_Inoc_25C,Plate 12,H2-Inoc-25C,H2,Inoc,D4,25C (ambient),1,8,na,day_8
Plate 12_D4_Inoc_25C,Plate 12,H2-Inoc-25C,H2,Inoc,D4,25C (ambient),1,9,na,day_9
Plate 12_D4_Inoc_25C,Plate 12,H2-Inoc-25C,H2,Inoc,D4,25C (ambient),1,10,na,day_10
Plate 12_D4_Inoc_25C,Plate 12,H2-Inoc-25C,H2,Inoc,D4,25C (ambient),1,11,na,day_11
Plate 12_D4_Inoc_25C,Plate 12,H2-Inoc-25C,H2,Inoc,D4,25C (ambient),1,13,na,day_13
Plate 12_D4_Inoc_25C,Plate 12,H2-Inoc-25C,H2,Inoc,D4,25C (ambient),1,14,na,day_14
Plate 12_D4_Inoc_25C,Plate 12,H2-Inoc-25C,H2,Inoc,D4,25C (ambient),1,21,na,day_21
Plate 12_D5_Inoc_25C,Plate 12,H2-Inoc-25C,H2,Inoc,D5,25C (ambient),1,0,0,day_0
Plate 12_D5_Inoc_25C,Plate 12,H2-Inoc-25C,H2,Inoc,D5,25C (ambient),1,3,0,day_3
Plate 12_D5_Inoc_25C,Plate 12,H2-Inoc-25C,H2,Inoc,D5,25C (ambient),1,4,na,day_4
Plate 12_D5_Inoc_25C,Plate 12,H2-Inoc-25C,H2,Inoc,D5,25C (ambient),1,5,na,day_5
Plate 12_D5_Inoc_25C,Plate 12,H2-Inoc-25C,H2,Inoc,D5,25C (ambient),1,6,na,day_6
Plate 12_D5_Inoc_25C,Plate 12,H2-Inoc-25C,H2,Inoc,D5,25C (ambient),1,7,na,day_7
Plate 12_D5_Inoc_25C,Plate 12,H2-Inoc-25C,H2,Inoc,D5,25C (ambient),1,8,na,day_8
Plate 12_D5_Inoc_25C,Plate 12,H2-Inoc-25C,H2,Inoc,D5,25C (ambient),1,9,na,day_9
Plate 12_D5_Inoc_25C,Plate 12,H2-Inoc-25C,H2,Inoc,D5,25C (ambient),1,10,na,day_10
Plate 12_D5_Inoc_25C,Plate 12,H2-Inoc-25C,H2,Inoc,D5,25C (ambient),1,11,na,day_11
Plate 12_D5_Inoc_25C,Plate 12,H2-Inoc-25C,H2,Inoc,D5,25C (ambient),1,13,na,day_13
Plate 12_D5_Inoc_25C,Plate 12,H2-Inoc-25C,H2,Inoc,D5,25C (ambient),1,14,na,day_14
Plate 12_D5_Inoc_25C,Plate 12,H2-Inoc-25C,H2,Inoc,D5,25C (ambient),1,21,na,day_21
Plate 12_D6_Inoc_25C,Plate 12,H2-Inoc-25C,H2,Inoc,D6,25C (ambient),1,0,0,day_0
Plate 12_D6_Inoc_25C,Plate 12,H2-Inoc-25C,H2,Inoc,D6,25C (ambient),1,3,na,day_3
Plate 12_D6_Inoc_25C,Plate 12,H2-Inoc-25C,H2,Inoc,D6,25C (ambient),1,4,na,day_4
Plate 12_D6_Inoc_25C,Plate 12,H2-Inoc-25C,H2,Inoc,D6,25C (ambient),1,5,na,day_5
Plate 12_D6_Inoc_25C,Plate 12,H2-Inoc-25C,H2,Inoc,D6,25C (ambient),1,6,na,day_6
Plate 12_D6_Inoc_25C,Plate 12,H2-Inoc-25C,H2,Inoc,D6,25C (ambient),1,7,na,day_7
Plate 12_D6_Inoc_25C,Plate 12,H2-Inoc-25C,H2,Inoc,D6,25C (ambient),1,8,na,day_8
Plate 12_D6_Inoc_25C,Plate 12,H2-Inoc-25C,H2,Inoc,D6,25C (ambient),1,9,na,day_9
Plate 12_D6_Inoc_25C,Plate 12,H2-Inoc-25C,H2,Inoc,D6,25C (ambient),1,10,na,day_10
Plate 12_D6_Inoc_25C,Plate 12,H2-Inoc-25C,H2,Inoc,D6,25C (ambient),1,11,na,day_11
Plate 12_D6_Inoc_25C,Plate 12,H2-Inoc-25C,H2,Inoc,D6,25C (ambient),1,13,na,day_13
Plate 12_D6_Inoc_25C,Plate 12,H2-Inoc-25C,H2,Inoc,D6,25C (ambient),1,14,na,day_14
Plate 12_D6_Inoc_25C,Plate 12,H2-Inoc-25C,H2,Inoc,D6,25C (ambient),1,21,na,day_21
Plate 13_A1_Inoc_32C,Plate 13,H2-Inoc-32C,H2,Inoc,A1,32C (heat stress),1,0,0,day_0
Plate 13_A1_Inoc_32C,Plate 13,H2-Inoc-32C,H2,Inoc,A1,32C (heat stress),1,3,0,day_3
Plate 13_A1_Inoc_32C,Plate 13,H2-Inoc-32C,H2,Inoc,A1,32C (heat stress),1,4,0,day_4
Plate 13_A1_Inoc_32C,Plate 13,H2-Inoc-32C,H2,Inoc,A1,32C (heat stress),1,5,0,day_5
Plate 13_A1_Inoc_32C,Plate 13,H2-Inoc-32C,H2,Inoc,A1,32C (heat stress),1,6,0,day_6
Plate 13_A1_Inoc_32C,Plate 13,H2-Inoc-32C,H2,Inoc,A1,32C (heat stress),1,7,0,day_7
Plate 13_A1_Inoc_32C,Plate 13,H2-Inoc-32C,H2,Inoc,A1,32C (heat stress),1,8,3,day_8
Plate 13_A1_Inoc_32C,Plate 13,H2-Inoc-32C,H2,Inoc,A1,32C (heat stress),1,9,5,day_9
Plate 13_A1_Inoc_32C,Plate 13,H2-Inoc-32C,H2,Inoc,A1,32C (heat stress),1,10,5,day_10
Plate 13_A1_Inoc_32C,Plate 13,H2-Inoc-32C,H2,Inoc,A1,32C (heat stress),1,11,5,day_11
Plate 13_A1_Inoc_32C,Plate 13,H2-Inoc-32C,H2,Inoc,A1,32C (heat stress),1,13,5,day_13
Plate 13_A1_Inoc_32C,Plate 13,H2-Inoc-32C,H2,Inoc,A1,32C (heat stress),1,14,5,day_14
Plate 13_A1_Inoc_32C,Plate 13,H2-Inoc-32C,H2,Inoc,A1,32C (heat stress),1,21,?,day_21
Plate 13_A2_Inoc_32C,Plate 13,H2-Inoc-32C,H2,Inoc,A2,32C (heat stress),1,0,0,day_0
Plate 13_A2_Inoc_32C,Plate 13,H2-Inoc-32C,H2,Inoc,A2,32C (heat stress),1,3,0,day_3
Plate 13_A2_Inoc_32C,Plate 13,H2-Inoc-32C,H2,Inoc,A2,32C (heat stress),1,4,0,day_4
Plate 13_A2_Inoc_32C,Plate 13,H2-Inoc-32C,H2,Inoc,A2,32C (heat stress),1,5,7,day_5
Plate 13_A2_Inoc_32C,Plate 13,H2-Inoc-32C,H2,Inoc,A2,32C (heat stress),1,6,14,day_6
Plate 13_A2_Inoc_32C,Plate 13,H2-Inoc-32C,H2,Inoc,A2,32C (heat stress),1,7,14,day_7
Plate 13_A2_Inoc_32C,Plate 13,H2-Inoc-32C,H2,Inoc,A2,32C (heat stress),1,8,14,day_8
Plate 13_A2_Inoc_32C,Plate 13,H2-Inoc-32C,H2,Inoc,A2,32C (heat stress),1,9,14,day_9
Plate 13_A2_Inoc_32C,Plate 13,H2-Inoc-32C,H2,Inoc,A2,32C (heat stress),1,10,14,day_10
Plate 13_A2_Inoc_32C,Plate 13,H2-Inoc-32C,H2,Inoc,A2,32C (heat stress),1,11,14,day_11
Plate 13_A2_Inoc_32C,Plate 13,H2-Inoc-32C,H2,Inoc,A2,32C (heat stress),1,13,na,day_13
Plate 13_A2_Inoc_32C,Plate 13,H2-Inoc-32C,H2,Inoc,A2,32C (heat stress),1,14,na,day_14
Plate 13_A2_Inoc_32C,Plate 13,H2-Inoc-32C,H2,Inoc,A2,32C (heat stress),1,21,na,day_21
Plate 13_A2_Inoc_32C,Plate 13,H2-Inoc-32C,H2,Inoc,A2,32C (heat stress),2,0,na,day_0
Plate 13_A2_Inoc_32C,Plate 13,H2-Inoc-32C,H2,Inoc,A2,32C (heat stress),2,3,na,day_3
Plate 13_A2_Inoc_32C,Plate 13,H2-Inoc-32C,H2,Inoc,A2,32C (heat stress),2,4,na,day_4
Plate 13_A2_Inoc_32C,Plate 13,H2-Inoc-32C,H2,Inoc,A2,32C (heat stress),2,5,na,day_5
Plate 13_A2_Inoc_32C,Plate 13,H2-Inoc-32C,H2,Inoc,A2,32C (heat stress),2,6,na,day_6
Plate 13_A2_Inoc_32C,Plate 13,H2-Inoc-32C,H2,Inoc,A2,32C (heat stress),2,7,na,day_7
Plate 13_A2_Inoc_32C,Plate 13,H2-Inoc-32C,H2,Inoc,A2,32C (heat stress),2,8,na,day_8
Plate 13_A2_Inoc_32C,Plate 13,H2-Inoc-32C,H2,Inoc,A2,32C (heat stress),2,9,na,day_9
Plate 13_A2_Inoc_32C,Plate 13,H2-Inoc-32C,H2,Inoc,A2,32C (heat stress),2,10,na,day_10
Plate 13_A2_Inoc_32C,Plate 13,H2-Inoc-32C,H2,Inoc,A2,32C (heat stress),2,11,na,day_11
Plate 13_A2_Inoc_32C,Plate 13,H2-Inoc-32C,H2,Inoc,A2,32C (heat stress),2,13,na,day_13
Plate 13_A2_Inoc_32C,Plate 13,H2-Inoc-32C,H2,Inoc,A2,32C (heat stress),2,14,na,day_14
Plate 13_A2_Inoc_32C,Plate 13,H2-Inoc-32C,H2,Inoc,A2,32C (heat stress),2,21,na,day_21
Plate 13_A3_Inoc_32C,Plate 13,H2-Inoc-32C,H2,Inoc,A3,32C (heat stress),1,0,0,day_0
Plate 13_A3_Inoc_32C,Plate 13,H2-Inoc-32C,H2,Inoc,A3,32C (heat stress),1,3,0,day_3
Plate 13_A3_Inoc_32C,Plate 13,H2-Inoc-32C,H2,Inoc,A3,32C (heat stress),1,4,7,day_4
Plate 13_A3_Inoc_32C,Plate 13,H2-Inoc-32C,H2,Inoc,A3,32C (heat stress),1,5,8,day_5
Plate 13_A3_Inoc_32C,Plate 13,H2-Inoc-32C,H2,Inoc,A3,32C (heat stress),1,6,12,day_6
Plate 13_A3_Inoc_32C,Plate 13,H2-Inoc-32C,H2,Inoc,A3,32C (heat stress),1,7,12,day_7
Plate 13_A3_Inoc_32C,Plate 13,H2-Inoc-32C,H2,Inoc,A3,32C (heat stress),1,8,13,day_8
Plate 13_A3_Inoc_32C,Plate 13,H2-Inoc-32C,H2,Inoc,A3,32C (heat stress),1,9,13,day_9
Plate 13_A3_Inoc_32C,Plate 13,H2-Inoc-32C,H2,Inoc,A3,32C (heat stress),1,10,13,day_10
Plate 13_A3_Inoc_32C,Plate 13,H2-Inoc-32C,H2,Inoc,A3,32C (heat stress),1,11,na,day_11
Plate 13_A3_Inoc_32C,Plate 13,H2-Inoc-32C,H2,Inoc,A3,32C (heat stress),1,13,na,day_13
Plate 13_A3_Inoc_32C,Plate 13,H2-Inoc-32C,H2,Inoc,A3,32C (heat stress),1,14,na,day_14
Plate 13_A3_Inoc_32C,Plate 13,H2-Inoc-32C,H2,Inoc,A3,32C (heat stress),1,21,na,day_21
Plate 13_A4_Inoc_32C,Plate 13,H2-Inoc-32C,H2,Inoc,A4,32C (heat stress),1,0,0,day_0
Plate 13_A4_Inoc_32C,Plate 13,H2-Inoc-32C,H2,Inoc,A4,32C (heat stress),1,3,0,day_3
Plate 13_A4_Inoc_32C,Plate 13,H2-Inoc-32C,H2,Inoc,A4,32C (heat stress),1,4,0,day_4
Plate 13_A4_Inoc_32C,Plate 13,H2-Inoc-32C,H2,Inoc,A4,32C (heat stress),1,5,0,day_5
Plate 13_A4_Inoc_32C,Plate 13,H2-Inoc-32C,H2,Inoc,A4,32C (heat stress),1,6,0,day_6
Plate 13_A4_Inoc_32C,Plate 13,H2-Inoc-32C,H2,Inoc,A4,32C (heat stress),1,7,0,day_7
Plate 13_A4_Inoc_32C,Plate 13,H2-Inoc-32C,H2,Inoc,A4,32C (heat stress),1,8,0,day_8
Plate 13_A4_Inoc_32C,Plate 13,H2-Inoc-32C,H2,Inoc,A4,32C (heat stress),1,9,0,day_9
Plate 13_A4_Inoc_32C,Plate 13,H2-Inoc-32C,H2,Inoc,A4,32C (heat stress),1,10,0,day_10
Plate 13_A4_Inoc_32C,Plate 13,H2-Inoc-32C,H2,Inoc,A4,32C (heat stress),1,11,0,day_11
Plate 13_A4_Inoc_32C,Plate 13,H2-Inoc-32C,H2,Inoc,A4,32C (heat stress),1,13,0,day_13
Plate 13_A4_Inoc_32C,Plate 13,H2-Inoc-32C,H2,Inoc,A4,32C (heat stress),1,14,0,day_14
Plate 13_A4_Inoc_32C,Plate 13,H2-Inoc-32C,H2,Inoc,A4,32C (heat stress),1,21,0,day_21
Plate 13_A5_Inoc_32C,Plate 13,H2-Inoc-32C,H2,Inoc,A5,32C (heat stress),1,0,0,day_0
Plate 13_A5_Inoc_32C,Plate 13,H2-Inoc-32C,H2,Inoc,A5,32C (heat stress),1,3,0,day_3
Plate 13_A5_Inoc_32C,Plate 13,H2-Inoc-32C,H2,Inoc,A5,32C (heat stress),1,4,0,day_4
Plate 13_A5_Inoc_32C,Plate 13,H2-Inoc-32C,H2,Inoc,A5,32C (heat stress),1,5,2,day_5
Plate 13_A5_Inoc_32C,Plate 13,H2-Inoc-32C,H2,Inoc,A5,32C (heat stress),1,6,0,day_6
Plate 13_A5_Inoc_32C,Plate 13,H2-Inoc-32C,H2,Inoc,A5,32C (heat stress),1,7,6,day_7
Plate 13_A5_Inoc_32C,Plate 13,H2-Inoc-32C,H2,Inoc,A5,32C (heat stress),1,8,6,day_8
Plate 13_A5_Inoc_32C,Plate 13,H2-Inoc-32C,H2,Inoc,A5,32C (heat stress),1,9,6,day_9
Plate 13_A5_Inoc_32C,Plate 13,H2-Inoc-32C,H2,Inoc,A5,32C (heat stress),1,10,6,day_10
Plate 13_A5_Inoc_32C,Plate 13,H2-Inoc-32C,H2,Inoc,A5,32C (heat stress),1,11,6,day_11
Plate 13_A5_Inoc_32C,Plate 13,H2-Inoc-32C,H2,Inoc,A5,32C (heat stress),1,13,6,day_13
Plate 13_A5_Inoc_32C,Plate 13,H2-Inoc-32C,H2,Inoc,A5,32C (heat stress),1,14,na,day_14
Plate 13_A5_Inoc_32C,Plate 13,H2-Inoc-32C,H2,Inoc,A5,32C (heat stress),1,21,na,day_21
Plate 13_A6_Inoc_32C,Plate 13,H2-Inoc-32C,H2,Inoc,A6,32C (heat stress),1,0,0,day_0
Plate 13_A6_Inoc_32C,Plate 13,H2-Inoc-32C,H2,Inoc,A6,32C (heat stress),1,3,0,day_3
Plate 13_A6_Inoc_32C,Plate 13,H2-Inoc-32C,H2,Inoc,A6,32C (heat stress),1,4,0,day_4
Plate 13_A6_Inoc_32C,Plate 13,H2-Inoc-32C,H2,Inoc,A6,32C (heat stress),1,5,0,day_5
Plate 13_A6_Inoc_32C,Plate 13,H2-Inoc-32C,H2,Inoc,A6,32C (heat stress),1,6,0,day_6
Plate 13_A6_Inoc_32C,Plate 13,H2-Inoc-32C,H2,Inoc,A6,32C (heat stress),1,7,0,day_7
Plate 13_A6_Inoc_32C,Plate 13,H2-Inoc-32C,H2,Inoc,A6,32C (heat stress),1,8,0,day_8
Plate 13_A6_Inoc_32C,Plate 13,H2-Inoc-32C,H2,Inoc,A6,32C (heat stress),1,9,2,day_9
Plate 13_A6_Inoc_32C,Plate 13,H2-Inoc-32C,H2,Inoc,A6,32C (heat stress),1,10,2,day_10
Plate 13_A6_Inoc_32C,Plate 13,H2-Inoc-32C,H2,Inoc,A6,32C (heat stress),1,11,2,day_11
Plate 13_A6_Inoc_32C,Plate 13,H2-Inoc-32C,H2,Inoc,A6,32C (heat stress),1,13,na,day_13
Plate 13_A6_Inoc_32C,Plate 13,H2-Inoc-32C,H2,Inoc,A6,32C (heat stress),1,14,na,day_14
Plate 13_A6_Inoc_32C,Plate 13,H2-Inoc-32C,H2,Inoc,A6,32C (heat stress),1,21,na,day_21
Plate 13_B1_Inoc_32C,Plate 13,H2-Inoc-32C,H2,Inoc,B1,32C (heat stress),1,0,0,day_0
Plate 13_B1_Inoc_32C,Plate 13,H2-Inoc-32C,H2,Inoc,B1,32C (heat stress),1,3,0,day_3
Plate 13_B1_Inoc_32C,Plate 13,H2-Inoc-32C,H2,Inoc,B1,32C (heat stress),1,4,0,day_4
Plate 13_B1_Inoc_32C,Plate 13,H2-Inoc-32C,H2,Inoc,B1,32C (heat stress),1,5,5,day_5
Plate 13_B1_Inoc_32C,Plate 13,H2-Inoc-32C,H2,Inoc,B1,32C (heat stress),1,6,0,day_6
Plate 13_B1_Inoc_32C,Plate 13,H2-Inoc-32C,H2,Inoc,B1,32C (heat stress),1,7,10,day_7
Plate 13_B1_Inoc_32C,Plate 13,H2-Inoc-32C,H2,Inoc,B1,32C (heat stress),1,8,10,day_8
Plate 13_B1_Inoc_32C,Plate 13,H2-Inoc-32C,H2,Inoc,B1,32C (heat stress),1,9,10,day_9
Plate 13_B1_Inoc_32C,Plate 13,H2-Inoc-32C,H2,Inoc,B1,32C (heat stress),1,10,10,day_10
Plate 13_B1_Inoc_32C,Plate 13,H2-Inoc-32C,H2,Inoc,B1,32C (heat stress),1,11,10,day_11
Plate 13_B1_Inoc_32C,Plate 13,H2-Inoc-32C,H2,Inoc,B1,32C (heat stress),1,13,na,day_13
Plate 13_B1_Inoc_32C,Plate 13,H2-Inoc-32C,H2,Inoc,B1,32C (heat stress),1,14,na,day_14
Plate 13_B1_Inoc_32C,Plate 13,H2-Inoc-32C,H2,Inoc,B1,32C (heat stress),1,21,na,day_21
Plate 13_B2_Inoc_32C,Plate 13,H2-Inoc-32C,H2,Inoc,B2,32C (heat stress),1,0,0,day_0
Plate 13_B2_Inoc_32C,Plate 13,H2-Inoc-32C,H2,Inoc,B2,32C (heat stress),1,3,0,day_3
Plate 13_B2_Inoc_32C,Plate 13,H2-Inoc-32C,H2,Inoc,B2,32C (heat stress),1,4,0,day_4
Plate 13_B2_Inoc_32C,Plate 13,H2-Inoc-32C,H2,Inoc,B2,32C (heat stress),1,5,0,day_5
Plate 13_B2_Inoc_32C,Plate 13,H2-Inoc-32C,H2,Inoc,B2,32C (heat stress),1,6,0,day_6
Plate 13_B2_Inoc_32C,Plate 13,H2-Inoc-32C,H2,Inoc,B2,32C (heat stress),1,7,0,day_7
Plate 13_B2_Inoc_32C,Plate 13,H2-Inoc-32C,H2,Inoc,B2,32C (heat stress),1,8,11,day_8
Plate 13_B2_Inoc_32C,Plate 13,H2-Inoc-32C,H2,Inoc,B2,32C (heat stress),1,9,11,day_9
Plate 13_B2_Inoc_32C,Plate 13,H2-Inoc-32C,H2,Inoc,B2,32C (heat stress),1,10,11,day_10
Plate 13_B2_Inoc_32C,Plate 13,H2-Inoc-32C,H2,Inoc,B2,32C (heat stress),1,11,11,day_11
Plate 13_B2_Inoc_32C,Plate 13,H2-Inoc-32C,H2,Inoc,B2,32C (heat stress),1,13,11,day_13
Plate 13_B2_Inoc_32C,Plate 13,H2-Inoc-32C,H2,Inoc,B2,32C (heat stress),1,14,11,day_14
Plate 13_B2_Inoc_32C,Plate 13,H2-Inoc-32C,H2,Inoc,B2,32C (heat stress),1,21,11,day_21
Plate 13_B3_Inoc_32C,Plate 13,H2-Inoc-32C,H2,Inoc,B3,32C (heat stress),1,0,0,day_0
Plate 13_B3_Inoc_32C,Plate 13,H2-Inoc-32C,H2,Inoc,B3,32C (heat stress),1,3,0,day_3
Plate 13_B3_Inoc_32C,Plate 13,H2-Inoc-32C,H2,Inoc,B3,32C (heat stress),1,4,0,day_4
Plate 13_B3_Inoc_32C,Plate 13,H2-Inoc-32C,H2,Inoc,B3,32C (heat stress),1,5,5,day_5
Plate 13_B3_Inoc_32C,Plate 13,H2-Inoc-32C,H2,Inoc,B3,32C (heat stress),1,6,12,day_6
Plate 13_B3_Inoc_32C,Plate 13,H2-Inoc-32C,H2,Inoc,B3,32C (heat stress),1,7,12,day_7
Plate 13_B3_Inoc_32C,Plate 13,H2-Inoc-32C,H2,Inoc,B3,32C (heat stress),1,8,12,day_8
Plate 13_B3_Inoc_32C,Plate 13,H2-Inoc-32C,H2,Inoc,B3,32C (heat stress),1,9,12,day_9
Plate 13_B3_Inoc_32C,Plate 13,H2-Inoc-32C,H2,Inoc,B3,32C (heat stress),1,10,12,day_10
Plate 13_B3_Inoc_32C,Plate 13,H2-Inoc-32C,H2,Inoc,B3,32C (heat stress),1,11,12,day_11
Plate 13_B3_Inoc_32C,Plate 13,H2-Inoc-32C,H2,Inoc,B3,32C (heat stress),1,13,12,day_13
Plate 13_B3_Inoc_32C,Plate 13,H2-Inoc-32C,H2,Inoc,B3,32C (heat stress),1,14,12,day_14
Plate 13_B3_Inoc_32C,Plate 13,H2-Inoc-32C,H2,Inoc,B3,32C (heat stress),1,21,12,day_21
Plate 13_B4_Inoc_32C,Plate 13,H2-Inoc-32C,H2,Inoc,B4,32C (heat stress),1,0,0,day_0
Plate 13_B4_Inoc_32C,Plate 13,H2-Inoc-32C,H2,Inoc,B4,32C (heat stress),1,3,0,day_3
Plate 13_B4_Inoc_32C,Plate 13,H2-Inoc-32C,H2,Inoc,B4,32C (heat stress),1,4,0,day_4
Plate 13_B4_Inoc_32C,Plate 13,H2-Inoc-32C,H2,Inoc,B4,32C (heat stress),1,5,0,day_5
Plate 13_B4_Inoc_32C,Plate 13,H2-Inoc-32C,H2,Inoc,B4,32C (heat stress),1,6,11,day_6
Plate 13_B4_Inoc_32C,Plate 13,H2-Inoc-32C,H2,Inoc,B4,32C (heat stress),1,7,13,day_7
Plate 13_B4_Inoc_32C,Plate 13,H2-Inoc-32C,H2,Inoc,B4,32C (heat stress),1,8,13,day_8
Plate 13_B4_Inoc_32C,Plate 13,H2-Inoc-32C,H2,Inoc,B4,32C (heat stress),1,9,13,day_9
Plate 13_B4_Inoc_32C,Plate 13,H2-Inoc-32C,H2,Inoc,B4,32C (heat stress),1,10,15,day_10
Plate 13_B4_Inoc_32C,Plate 13,H2-Inoc-32C,H2,Inoc,B4,32C (heat stress),1,11,15,day_11
Plate 13_B4_Inoc_32C,Plate 13,H2-Inoc-32C,H2,Inoc,B4,32C (heat stress),1,13,15,day_13
Plate 13_B4_Inoc_32C,Plate 13,H2-Inoc-32C,H2,Inoc,B4,32C (heat stress),1,14,15,day_14
Plate 13_B4_Inoc_32C,Plate 13,H2-Inoc-32C,H2,Inoc,B4,32C (heat stress),1,21,?,day_21
Plate 13_B5_Inoc_32C,Plate 13,H2-Inoc-32C,H2,Inoc,B5,32C (heat stress),1,0,0,day_0
Plate 13_B5_Inoc_32C,Plate 13,H2-Inoc-32C,H2,Inoc,B5,32C (heat stress),1,3,0,day_3
Plate 13_B5_Inoc_32C,Plate 13,H2-Inoc-32C,H2,Inoc,B5,32C (heat stress),1,4,0,day_4
Plate 13_B5_Inoc_32C,Plate 13,H2-Inoc-32C,H2,Inoc,B5,32C (heat stress),1,5,0,day_5
Plate 13_B5_Inoc_32C,Plate 13,H2-Inoc-32C,H2,Inoc,B5,32C (heat stress),1,6,0,day_6
Plate 13_B5_Inoc_32C,Plate 13,H2-Inoc-32C,H2,Inoc,B5,32C (heat stress),1,7,0,day_7
Plate 13_B5_Inoc_32C,Plate 13,H2-Inoc-32C,H2,Inoc,B5,32C (heat stress),1,8,0,day_8
Plate 13_B5_Inoc_32C,Plate 13,H2-Inoc-32C,H2,Inoc,B5,32C (heat stress),1,9,1,day_9
Plate 13_B5_Inoc_32C,Plate 13,H2-Inoc-32C,H2,Inoc,B5,32C (heat stress),1,10,1,day_10
Plate 13_B5_Inoc_32C,Plate 13,H2-Inoc-32C,H2,Inoc,B5,32C (heat stress),1,11,1,day_11
Plate 13_B5_Inoc_32C,Plate 13,H2-Inoc-32C,H2,Inoc,B5,32C (heat stress),1,13,na,day_13
Plate 13_B5_Inoc_32C,Plate 13,H2-Inoc-32C,H2,Inoc,B5,32C (heat stress),1,14,na,day_14
Plate 13_B5_Inoc_32C,Plate 13,H2-Inoc-32C,H2,Inoc,B5,32C (heat stress),1,21,na,day_21
Plate 13_B6_Inoc_32C,Plate 13,H2-Inoc-32C,H2,Inoc,B6,32C (heat stress),1,0,0,day_0
Plate 13_B6_Inoc_32C,Plate 13,H2-Inoc-32C,H2,Inoc,B6,32C (heat stress),1,3,0,day_3
Plate 13_B6_Inoc_32C,Plate 13,H2-Inoc-32C,H2,Inoc,B6,32C (heat stress),1,4,0,day_4
Plate 13_B6_Inoc_32C,Plate 13,H2-Inoc-32C,H2,Inoc,B6,32C (heat stress),1,5,0,day_5
Plate 13_B6_Inoc_32C,Plate 13,H2-Inoc-32C,H2,Inoc,B6,32C (heat stress),1,6,0,day_6
Plate 13_B6_Inoc_32C,Plate 13,H2-Inoc-32C,H2,Inoc,B6,32C (heat stress),1,7,0,day_7
Plate 13_B6_Inoc_32C,Plate 13,H2-Inoc-32C,H2,Inoc,B6,32C (heat stress),1,8,0,day_8
Plate 13_B6_Inoc_32C,Plate 13,H2-Inoc-32C,H2,Inoc,B6,32C (heat stress),1,9,7,day_9
Plate 13_B6_Inoc_32C,Plate 13,H2-Inoc-32C,H2,Inoc,B6,32C (heat stress),1,10,10,day_10
Plate 13_B6_Inoc_32C,Plate 13,H2-Inoc-32C,H2,Inoc,B6,32C (heat stress),1,11,10,day_11
Plate 13_B6_Inoc_32C,Plate 13,H2-Inoc-32C,H2,Inoc,B6,32C (heat stress),1,13,10,day_13
Plate 13_B6_Inoc_32C,Plate 13,H2-Inoc-32C,H2,Inoc,B6,32C (heat stress),1,14,10,day_14
Plate 13_B6_Inoc_32C,Plate 13,H2-Inoc-32C,H2,Inoc,B6,32C (heat stress),1,21,?,day_21
Plate 13_C1_Inoc_32C,Plate 13,H2-Inoc-32C,H2,Inoc,C1,32C (heat stress),1,0,0,day_0
Plate 13_C1_Inoc_32C,Plate 13,H2-Inoc-32C,H2,Inoc,C1,32C (heat stress),1,3,na,day_3
Plate 13_C1_Inoc_32C,Plate 13,H2-Inoc-32C,H2,Inoc,C1,32C (heat stress),1,4,na,day_4
Plate 13_C1_Inoc_32C,Plate 13,H2-Inoc-32C,H2,Inoc,C1,32C (heat stress),1,5,na,day_5
Plate 13_C1_Inoc_32C,Plate 13,H2-Inoc-32C,H2,Inoc,C1,32C (heat stress),1,6,na,day_6
Plate 13_C1_Inoc_32C,Plate 13,H2-Inoc-32C,H2,Inoc,C1,32C (heat stress),1,7,na,day_7
Plate 13_C1_Inoc_32C,Plate 13,H2-Inoc-32C,H2,Inoc,C1,32C (heat stress),1,8,na,day_8
Plate 13_C1_Inoc_32C,Plate 13,H2-Inoc-32C,H2,Inoc,C1,32C (heat stress),1,9,na,day_9
Plate 13_C1_Inoc_32C,Plate 13,H2-Inoc-32C,H2,Inoc,C1,32C (heat stress),1,10,na,day_10
Plate 13_C1_Inoc_32C,Plate 13,H2-Inoc-32C,H2,Inoc,C1,32C (heat stress),1,11,na,day_11
Plate 13_C1_Inoc_32C,Plate 13,H2-Inoc-32C,H2,Inoc,C1,32C (heat stress),1,13,na,day_13
Plate 13_C1_Inoc_32C,Plate 13,H2-Inoc-32C,H2,Inoc,C1,32C (heat stress),1,14,na,day_14
Plate 13_C1_Inoc_32C,Plate 13,H2-Inoc-32C,H2,Inoc,C1,32C (heat stress),1,21,na,day_21
Plate 13_C2_Inoc_32C,Plate 13,H2-Inoc-32C,H2,Inoc,C2,32C (heat stress),1,0,0,day_0
Plate 13_C2_Inoc_32C,Plate 13,H2-Inoc-32C,H2,Inoc,C2,32C (heat stress),1,3,0,day_3
Plate 13_C2_Inoc_32C,Plate 13,H2-Inoc-32C,H2,Inoc,C2,32C (heat stress),1,4,na,day_4
Plate 13_C2_Inoc_32C,Plate 13,H2-Inoc-32C,H2,Inoc,C2,32C (heat stress),1,5,na,day_5
Plate 13_C2_Inoc_32C,Plate 13,H2-Inoc-32C,H2,Inoc,C2,32C (heat stress),1,6,na,day_6
Plate 13_C2_Inoc_32C,Plate 13,H2-Inoc-32C,H2,Inoc,C2,32C (heat stress),1,7,na,day_7
Plate 13_C2_Inoc_32C,Plate 13,H2-Inoc-32C,H2,Inoc,C2,32C (heat stress),1,8,na,day_8
Plate 13_C2_Inoc_32C,Plate 13,H2-Inoc-32C,H2,Inoc,C2,32C (heat stress),1,9,na,day_9
Plate 13_C2_Inoc_32C,Plate 13,H2-Inoc-32C,H2,Inoc,C2,32C (heat stress),1,10,na,day_10
Plate 13_C2_Inoc_32C,Plate 13,H2-Inoc-32C,H2,Inoc,C2,32C (heat stress),1,11,na,day_11
Plate 13_C2_Inoc_32C,Plate 13,H2-Inoc-32C,H2,Inoc,C2,32C (heat stress),1,13,na,day_13
Plate 13_C2_Inoc_32C,Plate 13,H2-Inoc-32C,H2,Inoc,C2,32C (heat stress),1,14,na,day_14
Plate 13_C2_Inoc_32C,Plate 13,H2-Inoc-32C,H2,Inoc,C2,32C (heat stress),1,21,na,day_21
Plate 13_C3_Inoc_32C,Plate 13,H2-Inoc-32C,H2,Inoc,C3,32C (heat stress),1,0,0,day_0
Plate 13_C3_Inoc_32C,Plate 13,H2-Inoc-32C,H2,Inoc,C3,32C (heat stress),1,3,0,day_3
Plate 13_C3_Inoc_32C,Plate 13,H2-Inoc-32C,H2,Inoc,C3,32C (heat stress),1,4,0,day_4
Plate 13_C3_Inoc_32C,Plate 13,H2-Inoc-32C,H2,Inoc,C3,32C (heat stress),1,5,0,day_5
Plate 13_C3_Inoc_32C,Plate 13,H2-Inoc-32C,H2,Inoc,C3,32C (heat stress),1,6,0,day_6
Plate 13_C3_Inoc_32C,Plate 13,H2-Inoc-32C,H2,Inoc,C3,32C (heat stress),1,7,0,day_7
Plate 13_C3_Inoc_32C,Plate 13,H2-Inoc-32C,H2,Inoc,C3,32C (heat stress),1,8,2,day_8
Plate 13_C3_Inoc_32C,Plate 13,H2-Inoc-32C,H2,Inoc,C3,32C (heat stress),1,9,2,day_9
Plate 13_C3_Inoc_32C,Plate 13,H2-Inoc-32C,H2,Inoc,C3,32C (heat stress),1,10,2,day_10
Plate 13_C3_Inoc_32C,Plate 13,H2-Inoc-32C,H2,Inoc,C3,32C (heat stress),1,11,2,day_11
Plate 13_C3_Inoc_32C,Plate 13,H2-Inoc-32C,H2,Inoc,C3,32C (heat stress),1,13,2,day_13
Plate 13_C3_Inoc_32C,Plate 13,H2-Inoc-32C,H2,Inoc,C3,32C (heat stress),1,14,2,day_14
Plate 13_C3_Inoc_32C,Plate 13,H2-Inoc-32C,H2,Inoc,C3,32C (heat stress),1,21,2,day_21
Plate 13_C4_Inoc_32C,Plate 13,H2-Inoc-32C,H2,Inoc,C4,32C (heat stress),1,0,0,day_0
Plate 13_C4_Inoc_32C,Plate 13,H2-Inoc-32C,H2,Inoc,C4,32C (heat stress),1,3,0,day_3
Plate 13_C4_Inoc_32C,Plate 13,H2-Inoc-32C,H2,Inoc,C4,32C (heat stress),1,4,0,day_4
Plate 13_C4_Inoc_32C,Plate 13,H2-Inoc-32C,H2,Inoc,C4,32C (heat stress),1,5,0,day_5
Plate 13_C4_Inoc_32C,Plate 13,H2-Inoc-32C,H2,Inoc,C4,32C (heat stress),1,6,0,day_6
Plate 13_C4_Inoc_32C,Plate 13,H2-Inoc-32C,H2,Inoc,C4,32C (heat stress),1,7,0,day_7
Plate 13_C4_Inoc_32C,Plate 13,H2-Inoc-32C,H2,Inoc,C4,32C (heat stress),1,8,0,day_8
Plate 13_C4_Inoc_32C,Plate 13,H2-Inoc-32C,H2,Inoc,C4,32C (heat stress),1,9,?,day_9
Plate 13_C4_Inoc_32C,Plate 13,H2-Inoc-32C,H2,Inoc,C4,32C (heat stress),1,10,na,day_10
Plate 13_C4_Inoc_32C,Plate 13,H2-Inoc-32C,H2,Inoc,C4,32C (heat stress),1,11,na,day_11
Plate 13_C4_Inoc_32C,Plate 13,H2-Inoc-32C,H2,Inoc,C4,32C (heat stress),1,13,na,day_13
Plate 13_C4_Inoc_32C,Plate 13,H2-Inoc-32C,H2,Inoc,C4,32C (heat stress),1,14,na,day_14
Plate 13_C4_Inoc_32C,Plate 13,H2-Inoc-32C,H2,Inoc,C4,32C (heat stress),1,21,na,day_21
Plate 13_C5_Inoc_32C,Plate 13,H2-Inoc-32C,H2,Inoc,C5,32C (heat stress),1,0,0,day_0
Plate 13_C5_Inoc_32C,Plate 13,H2-Inoc-32C,H2,Inoc,C5,32C (heat stress),1,3,0,day_3
Plate 13_C5_Inoc_32C,Plate 13,H2-Inoc-32C,H2,Inoc,C5,32C (heat stress),1,4,0,day_4
Plate 13_C5_Inoc_32C,Plate 13,H2-Inoc-32C,H2,Inoc,C5,32C (heat stress),1,5,0,day_5
Plate 13_C5_Inoc_32C,Plate 13,H2-Inoc-32C,H2,Inoc,C5,32C (heat stress),1,6,0,day_6
Plate 13_C5_Inoc_32C,Plate 13,H2-Inoc-32C,H2,Inoc,C5,32C (heat stress),1,7,0,day_7
Plate 13_C5_Inoc_32C,Plate 13,H2-Inoc-32C,H2,Inoc,C5,32C (heat stress),1,8,8,day_8
Plate 13_C5_Inoc_32C,Plate 13,H2-Inoc-32C,H2,Inoc,C5,32C (heat stress),1,9,8,day_9
Plate 13_C5_Inoc_32C,Plate 13,H2-Inoc-32C,H2,Inoc,C5,32C (heat stress),1,10,11,day_10
Plate 13_C5_Inoc_32C,Plate 13,H2-Inoc-32C,H2,Inoc,C5,32C (heat stress),1,11,11,day_11
Plate 13_C5_Inoc_32C,Plate 13,H2-Inoc-32C,H2,Inoc,C5,32C (heat stress),1,13,11,day_13
Plate 13_C5_Inoc_32C,Plate 13,H2-Inoc-32C,H2,Inoc,C5,32C (heat stress),1,14,11,day_14
Plate 13_C5_Inoc_32C,Plate 13,H2-Inoc-32C,H2,Inoc,C5,32C (heat stress),1,21,na,day_21
Plate 13_C6_Inoc_32C,Plate 13,H2-Inoc-32C,H2,Inoc,C6,32C (heat stress),1,0,0,day_0
Plate 13_C6_Inoc_32C,Plate 13,H2-Inoc-32C,H2,Inoc,C6,32C (heat stress),1,3,0,day_3
Plate 13_C6_Inoc_32C,Plate 13,H2-Inoc-32C,H2,Inoc,C6,32C (heat stress),1,4,0,day_4
Plate 13_C6_Inoc_32C,Plate 13,H2-Inoc-32C,H2,Inoc,C6,32C (heat stress),1,5,0,day_5
Plate 13_C6_Inoc_32C,Plate 13,H2-Inoc-32C,H2,Inoc,C6,32C (heat stress),1,6,0,day_6
Plate 13_C6_Inoc_32C,Plate 13,H2-Inoc-32C,H2,Inoc,C6,32C (heat stress),1,7,0,day_7
Plate 13_C6_Inoc_32C,Plate 13,H2-Inoc-32C,H2,Inoc,C6,32C (heat stress),1,8,0,day_8
Plate 13_C6_Inoc_32C,Plate 13,H2-Inoc-32C,H2,Inoc,C6,32C (heat stress),1,9,0,day_9
Plate 13_C6_Inoc_32C,Plate 13,H2-Inoc-32C,H2,Inoc,C6,32C (heat stress),1,10,0,day_10
Plate 13_C6_Inoc_32C,Plate 13,H2-Inoc-32C,H2,Inoc,C6,32C (heat stress),1,11,7,day_11
Plate 13_C6_Inoc_32C,Plate 13,H2-Inoc-32C,H2,Inoc,C6,32C (heat stress),1,13,7,day_13
Plate 13_C6_Inoc_32C,Plate 13,H2-Inoc-32C,H2,Inoc,C6,32C (heat stress),1,14,7,day_14
Plate 13_C6_Inoc_32C,Plate 13,H2-Inoc-32C,H2,Inoc,C6,32C (heat stress),1,21,7,day_21
Plate 13_D1_Inoc_32C,Plate 13,H2-Inoc-32C,H2,Inoc,D1,32C (heat stress),1,0,0,day_0
Plate 13_D1_Inoc_32C,Plate 13,H2-Inoc-32C,H2,Inoc,D1,32C (heat stress),1,3,0,day_3
Plate 13_D1_Inoc_32C,Plate 13,H2-Inoc-32C,H2,Inoc,D1,32C (heat stress),1,4,0,day_4
Plate 13_D1_Inoc_32C,Plate 13,H2-Inoc-32C,H2,Inoc,D1,32C (heat stress),1,5,0,day_5
Plate 13_D1_Inoc_32C,Plate 13,H2-Inoc-32C,H2,Inoc,D1,32C (heat stress),1,6,0,day_6
Plate 13_D1_Inoc_32C,Plate 13,H2-Inoc-32C,H2,Inoc,D1,32C (heat stress),1,7,0,day_7
Plate 13_D1_Inoc_32C,Plate 13,H2-Inoc-32C,H2,Inoc,D1,32C (heat stress),1,8,0,day_8
Plate 13_D1_Inoc_32C,Plate 13,H2-Inoc-32C,H2,Inoc,D1,32C (heat stress),1,9,5,day_9
Plate 13_D1_Inoc_32C,Plate 13,H2-Inoc-32C,H2,Inoc,D1,32C (heat stress),1,10,5,day_10
Plate 13_D1_Inoc_32C,Plate 13,H2-Inoc-32C,H2,Inoc,D1,32C (heat stress),1,11,5,day_11
Plate 13_D1_Inoc_32C,Plate 13,H2-Inoc-32C,H2,Inoc,D1,32C (heat stress),1,13,5,day_13
Plate 13_D1_Inoc_32C,Plate 13,H2-Inoc-32C,H2,Inoc,D1,32C (heat stress),1,14,5,day_14
Plate 13_D1_Inoc_32C,Plate 13,H2-Inoc-32C,H2,Inoc,D1,32C (heat stress),1,21,5,day_21
Plate 13_D2_Inoc_32C,Plate 13,H2-Inoc-32C,H2,Inoc,D2,32C (heat stress),1,0,0,day_0
Plate 13_D2_Inoc_32C,Plate 13,H2-Inoc-32C,H2,Inoc,D2,32C (heat stress),1,3,0,day_3
Plate 13_D2_Inoc_32C,Plate 13,H2-Inoc-32C,H2,Inoc,D2,32C (heat stress),1,4,3,day_4
Plate 13_D2_Inoc_32C,Plate 13,H2-Inoc-32C,H2,Inoc,D2,32C (heat stress),1,5,3,day_5
Plate 13_D2_Inoc_32C,Plate 13,H2-Inoc-32C,H2,Inoc,D2,32C (heat stress),1,6,4,day_6
Plate 13_D2_Inoc_32C,Plate 13,H2-Inoc-32C,H2,Inoc,D2,32C (heat stress),1,7,4,day_7
Plate 13_D2_Inoc_32C,Plate 13,H2-Inoc-32C,H2,Inoc,D2,32C (heat stress),1,8,5,day_8
Plate 13_D2_Inoc_32C,Plate 13,H2-Inoc-32C,H2,Inoc,D2,32C (heat stress),1,9,5,day_9
Plate 13_D2_Inoc_32C,Plate 13,H2-Inoc-32C,H2,Inoc,D2,32C (heat stress),1,10,5,day_10
Plate 13_D2_Inoc_32C,Plate 13,H2-Inoc-32C,H2,Inoc,D2,32C (heat stress),1,11,na,day_11
Plate 13_D2_Inoc_32C,Plate 13,H2-Inoc-32C,H2,Inoc,D2,32C (heat stress),1,13,na,day_13
Plate 13_D2_Inoc_32C,Plate 13,H2-Inoc-32C,H2,Inoc,D2,32C (heat stress),1,14,na,day_14
Plate 13_D2_Inoc_32C,Plate 13,H2-Inoc-32C,H2,Inoc,D2,32C (heat stress),1,21,na,day_21
Plate 13_D3_Inoc_32C,Plate 13,H2-Inoc-32C,H2,Inoc,D3,32C (heat stress),1,0,0,day_0
Plate 13_D3_Inoc_32C,Plate 13,H2-Inoc-32C,H2,Inoc,D3,32C (heat stress),1,3,0,day_3
Plate 13_D3_Inoc_32C,Plate 13,H2-Inoc-32C,H2,Inoc,D3,32C (heat stress),1,4,0,day_4
Plate 13_D3_Inoc_32C,Plate 13,H2-Inoc-32C,H2,Inoc,D3,32C (heat stress),1,5,0,day_5
Plate 13_D3_Inoc_32C,Plate 13,H2-Inoc-32C,H2,Inoc,D3,32C (heat stress),1,6,0,day_6
Plate 13_D3_Inoc_32C,Plate 13,H2-Inoc-32C,H2,Inoc,D3,32C (heat stress),1,7,0,day_7
Plate 13_D3_Inoc_32C,Plate 13,H2-Inoc-32C,H2,Inoc,D3,32C (heat stress),1,8,0,day_8
Plate 13_D3_Inoc_32C,Plate 13,H2-Inoc-32C,H2,Inoc,D3,32C (heat stress),1,9,0,day_9
Plate 13_D3_Inoc_32C,Plate 13,H2-Inoc-32C,H2,Inoc,D3,32C (heat stress),1,10,0,day_10
Plate 13_D3_Inoc_32C,Plate 13,H2-Inoc-32C,H2,Inoc,D3,32C (heat stress),1,11,0,day_11
Plate 13_D3_Inoc_32C,Plate 13,H2-Inoc-32C,H2,Inoc,D3,32C (heat stress),1,13,0,day_13
Plate 13_D3_Inoc_32C,Plate 13,H2-Inoc-32C,H2,Inoc,D3,32C (heat stress),1,14,4,day_14
Plate 13_D3_Inoc_32C,Plate 13,H2-Inoc-32C,H2,Inoc,D3,32C (heat stress),1,21,?,day_21
Plate 13_D4_Inoc_32C,Plate 13,H2-Inoc-32C,H2,Inoc,D4,32C (heat stress),1,0,0,day_0
Plate 13_D4_Inoc_32C,Plate 13,H2-Inoc-32C,H2,Inoc,D4,32C (heat stress),1,3,0,day_3
Plate 13_D4_Inoc_32C,Plate 13,H2-Inoc-32C,H2,Inoc,D4,32C (heat stress),1,4,0,day_4
Plate 13_D4_Inoc_32C,Plate 13,H2-Inoc-32C,H2,Inoc,D4,32C (heat stress),1,5,0,day_5
Plate 13_D4_Inoc_32C,Plate 13,H2-Inoc-32C,H2,Inoc,D4,32C (heat stress),1,6,0,day_6
Plate 13_D4_Inoc_32C,Plate 13,H2-Inoc-32C,H2,Inoc,D4,32C (heat stress),1,7,0,day_7
Plate 13_D4_Inoc_32C,Plate 13,H2-Inoc-32C,H2,Inoc,D4,32C (heat stress),1,8,0,day_8
Plate 13_D4_Inoc_32C,Plate 13,H2-Inoc-32C,H2,Inoc,D4,32C (heat stress),1,9,0,day_9
Plate 13_D4_Inoc_32C,Plate 13,H2-Inoc-32C,H2,Inoc,D4,32C (heat stress),1,10,0,day_10
Plate 13_D4_Inoc_32C,Plate 13,H2-Inoc-32C,H2,Inoc,D4,32C (heat stress),1,11,na,day_11
Plate 13_D4_Inoc_32C,Plate 13,H2-Inoc-32C,H2,Inoc,D4,32C (heat stress),1,13,na,day_13
Plate 13_D4_Inoc_32C,Plate 13,H2-Inoc-32C,H2,Inoc,D4,32C (heat stress),1,14,na,day_14
Plate 13_D4_Inoc_32C,Plate 13,H2-Inoc-32C,H2,Inoc,D4,32C (heat stress),1,21,na,day_21
Plate 13_D5_Inoc_32C,Plate 13,H2-Inoc-32C,H2,Inoc,D5,32C (heat stress),1,0,0,day_0
Plate 13_D5_Inoc_32C,Plate 13,H2-Inoc-32C,H2,Inoc,D5,32C (heat stress),1,3,na,day_3
Plate 13_D5_Inoc_32C,Plate 13,H2-Inoc-32C,H2,Inoc,D5,32C (heat stress),1,4,na,day_4
Plate 13_D5_Inoc_32C,Plate 13,H2-Inoc-32C,H2,Inoc,D5,32C (heat stress),1,5,na,day_5
Plate 13_D5_Inoc_32C,Plate 13,H2-Inoc-32C,H2,Inoc,D5,32C (heat stress),1,6,na,day_6
Plate 13_D5_Inoc_32C,Plate 13,H2-Inoc-32C,H2,Inoc,D5,32C (heat stress),1,7,na,day_7
Plate 13_D5_Inoc_32C,Plate 13,H2-Inoc-32C,H2,Inoc,D5,32C (heat stress),1,8,na,day_8
Plate 13_D5_Inoc_32C,Plate 13,H2-Inoc-32C,H2,Inoc,D5,32C (heat stress),1,9,na,day_9
Plate 13_D5_Inoc_32C,Plate 13,H2-Inoc-32C,H2,Inoc,D5,32C (heat stress),1,10,na,day_10
Plate 13_D5_Inoc_32C,Plate 13,H2-Inoc-32C,H2,Inoc,D5,32C (heat stress),1,11,na,day_11
Plate 13_D5_Inoc_32C,Plate 13,H2-Inoc-32C,H2,Inoc,D5,32C (heat stress),1,13,na,day_13
Plate 13_D5_Inoc_32C,Plate 13,H2-Inoc-32C,H2,Inoc,D5,32C (heat stress),1,14,na,day_14
Plate 13_D5_Inoc_32C,Plate 13,H2-Inoc-32C,H2,Inoc,D5,32C (heat stress),1,21,na,day_21
Plate 13_D6_Inoc_32C,Plate 13,H2-Inoc-32C,H2,Inoc,D6,32C (heat stress),1,0,0,day_0
Plate 13_D6_Inoc_32C,Plate 13,H2-Inoc-32C,H2,Inoc,D6,32C (heat stress),1,3,0,day_3
Plate 13_D6_Inoc_32C,Plate 13,H2-Inoc-32C,H2,Inoc,D6,32C (heat stress),1,4,na,day_4
Plate 13_D6_Inoc_32C,Plate 13,H2-Inoc-32C,H2,Inoc,D6,32C (heat stress),1,5,na,day_5
Plate 13_D6_Inoc_32C,Plate 13,H2-Inoc-32C,H2,Inoc,D6,32C (heat stress),1,6,na,day_6
Plate 13_D6_Inoc_32C,Plate 13,H2-Inoc-32C,H2,Inoc,D6,32C (heat stress),1,7,na,day_7
Plate 13_D6_Inoc_32C,Plate 13,H2-Inoc-32C,H2,Inoc,D6,32C (heat stress),1,8,na,day_8
Plate 13_D6_Inoc_32C,Plate 13,H2-Inoc-32C,H2,Inoc,D6,32C (heat stress),1,9,na,day_9
Plate 13_D6_Inoc_32C,Plate 13,H2-Inoc-32C,H2,Inoc,D6,32C (heat stress),1,10,na,day_10
Plate 13_D6_Inoc_32C,Plate 13,H2-Inoc-32C,H2,Inoc,D6,32C (heat stress),1,11,na,day_11
Plate 13_D6_Inoc_32C,Plate 13,H2-Inoc-32C,H2,Inoc,D6,32C (heat stress),1,13,na,day_13
Plate 13_D6_Inoc_32C,Plate 13,H2-Inoc-32C,H2,Inoc,D6,32C (heat stress),1,14,na,day_14
Plate 13_D6_Inoc_32C,Plate 13,H2-Inoc-32C,H2,Inoc,D6,32C (heat stress),1,21,na,day_21
Plate 14_A1_Inoc_32C,Plate 14,H2-Inoc-32C,H2,Inoc,A1,32C (heat stress),1,0,0,day_0
Plate 14_A1_Inoc_32C,Plate 14,H2-Inoc-32C,H2,Inoc,A1,32C (heat stress),1,3,edu,day_3
Plate 14_A1_Inoc_32C,Plate 14,H2-Inoc-32C,H2,Inoc,A1,32C (heat stress),1,4,edu,day_4
Plate 14_A1_Inoc_32C,Plate 14,H2-Inoc-32C,H2,Inoc,A1,32C (heat stress),1,5,edu,day_5
Plate 14_A1_Inoc_32C,Plate 14,H2-Inoc-32C,H2,Inoc,A1,32C (heat stress),1,6,edu,day_6
Plate 14_A1_Inoc_32C,Plate 14,H2-Inoc-32C,H2,Inoc,A1,32C (heat stress),1,7,edu,day_7
Plate 14_A1_Inoc_32C,Plate 14,H2-Inoc-32C,H2,Inoc,A1,32C (heat stress),1,8,edu,day_8
Plate 14_A1_Inoc_32C,Plate 14,H2-Inoc-32C,H2,Inoc,A1,32C (heat stress),1,9,edu,day_9
Plate 14_A1_Inoc_32C,Plate 14,H2-Inoc-32C,H2,Inoc,A1,32C (heat stress),1,10,edu,day_10
Plate 14_A1_Inoc_32C,Plate 14,H2-Inoc-32C,H2,Inoc,A1,32C (heat stress),1,11,edu,day_11
Plate 14_A1_Inoc_32C,Plate 14,H2-Inoc-32C,H2,Inoc,A1,32C (heat stress),1,13,edu,day_13
Plate 14_A1_Inoc_32C,Plate 14,H2-Inoc-32C,H2,Inoc,A1,32C (heat stress),1,14,edu,day_14
Plate 14_A1_Inoc_32C,Plate 14,H2-Inoc-32C,H2,Inoc,A1,32C (heat stress),1,21,edu,day_21
Plate 14_A2_Inoc_32C,Plate 14,H2-Inoc-32C,H2,Inoc,A2,32C (heat stress),1,0,0,day_0
Plate 14_A2_Inoc_32C,Plate 14,H2-Inoc-32C,H2,Inoc,A2,32C (heat stress),1,3,edu,day_3
Plate 14_A2_Inoc_32C,Plate 14,H2-Inoc-32C,H2,Inoc,A2,32C (heat stress),1,4,edu,day_4
Plate 14_A2_Inoc_32C,Plate 14,H2-Inoc-32C,H2,Inoc,A2,32C (heat stress),1,5,edu,day_5
Plate 14_A2_Inoc_32C,Plate 14,H2-Inoc-32C,H2,Inoc,A2,32C (heat stress),1,6,edu,day_6
Plate 14_A2_Inoc_32C,Plate 14,H2-Inoc-32C,H2,Inoc,A2,32C (heat stress),1,7,edu,day_7
Plate 14_A2_Inoc_32C,Plate 14,H2-Inoc-32C,H2,Inoc,A2,32C (heat stress),1,8,edu,day_8
Plate 14_A2_Inoc_32C,Plate 14,H2-Inoc-32C,H2,Inoc,A2,32C (heat stress),1,9,edu,day_9
Plate 14_A2_Inoc_32C,Plate 14,H2-Inoc-32C,H2,Inoc,A2,32C (heat stress),1,10,edu,day_10
Plate 14_A2_Inoc_32C,Plate 14,H2-Inoc-32C,H2,Inoc,A2,32C (heat stress),1,11,edu,day_11
Plate 14_A2_Inoc_32C,Plate 14,H2-Inoc-32C,H2,Inoc,A2,32C (heat stress),1,13,edu,day_13
Plate 14_A2_Inoc_32C,Plate 14,H2-Inoc-32C,H2,Inoc,A2,32C (heat stress),1,14,edu,day_14
Plate 14_A2_Inoc_32C,Plate 14,H2-Inoc-32C,H2,Inoc,A2,32C (heat stress),1,21,edu,day_21
Plate 14_A3_Inoc_32C,Plate 14,H2-Inoc-32C,H2,Inoc,A3,32C (heat stress),1,0,0,day_0
Plate 14_A3_Inoc_32C,Plate 14,H2-Inoc-32C,H2,Inoc,A3,32C (heat stress),1,3,edu,day_3
Plate 14_A3_Inoc_32C,Plate 14,H2-Inoc-32C,H2,Inoc,A3,32C (heat stress),1,4,edu,day_4
Plate 14_A3_Inoc_32C,Plate 14,H2-Inoc-32C,H2,Inoc,A3,32C (heat stress),1,5,edu,day_5
Plate 14_A3_Inoc_32C,Plate 14,H2-Inoc-32C,H2,Inoc,A3,32C (heat stress),1,6,edu,day_6
Plate 14_A3_Inoc_32C,Plate 14,H2-Inoc-32C,H2,Inoc,A3,32C (heat stress),1,7,edu,day_7
Plate 14_A3_Inoc_32C,Plate 14,H2-Inoc-32C,H2,Inoc,A3,32C (heat stress),1,8,edu,day_8
Plate 14_A3_Inoc_32C,Plate 14,H2-Inoc-32C,H2,Inoc,A3,32C (heat stress),1,9,edu,day_9
Plate 14_A3_Inoc_32C,Plate 14,H2-Inoc-32C,H2,Inoc,A3,32C (heat stress),1,10,edu,day_10
Plate 14_A3_Inoc_32C,Plate 14,H2-Inoc-32C,H2,Inoc,A3,32C (heat stress),1,11,edu,day_11
Plate 14_A3_Inoc_32C,Plate 14,H2-Inoc-32C,H2,Inoc,A3,32C (heat stress),1,13,edu,day_13
Plate 14_A3_Inoc_32C,Plate 14,H2-Inoc-32C,H2,Inoc,A3,32C (heat stress),1,14,edu,day_14
Plate 14_A3_Inoc_32C,Plate 14,H2-Inoc-32C,H2,Inoc,A3,32C (heat stress),1,21,edu,day_21
Plate 14_A4_Inoc_32C,Plate 14,H2-Inoc-32C,H2,Inoc,A4,32C (heat stress),1,0,0,day_0
Plate 14_A4_Inoc_32C,Plate 14,H2-Inoc-32C,H2,Inoc,A4,32C (heat stress),1,3,0,day_3
Plate 14_A4_Inoc_32C,Plate 14,H2-Inoc-32C,H2,Inoc,A4,32C (heat stress),1,4,0,day_4
Plate 14_A4_Inoc_32C,Plate 14,H2-Inoc-32C,H2,Inoc,A4,32C (heat stress),1,5,edu,day_5
Plate 14_A4_Inoc_32C,Plate 14,H2-Inoc-32C,H2,Inoc,A4,32C (heat stress),1,6,edu,day_6
Plate 14_A4_Inoc_32C,Plate 14,H2-Inoc-32C,H2,Inoc,A4,32C (heat stress),1,7,edu,day_7
Plate 14_A4_Inoc_32C,Plate 14,H2-Inoc-32C,H2,Inoc,A4,32C (heat stress),1,8,edu,day_8
Plate 14_A4_Inoc_32C,Plate 14,H2-Inoc-32C,H2,Inoc,A4,32C (heat stress),1,9,edu,day_9
Plate 14_A4_Inoc_32C,Plate 14,H2-Inoc-32C,H2,Inoc,A4,32C (heat stress),1,10,edu,day_10
Plate 14_A4_Inoc_32C,Plate 14,H2-Inoc-32C,H2,Inoc,A4,32C (heat stress),1,11,edu,day_11
Plate 14_A4_Inoc_32C,Plate 14,H2-Inoc-32C,H2,Inoc,A4,32C (heat stress),1,13,edu,day_13
Plate 14_A4_Inoc_32C,Plate 14,H2-Inoc-32C,H2,Inoc,A4,32C (heat stress),1,14,edu,day_14
Plate 14_A4_Inoc_32C,Plate 14,H2-Inoc-32C,H2,Inoc,A4,32C (heat stress),1,21,edu,day_21
Plate 14_A5_Inoc_32C,Plate 14,H2-Inoc-32C,H2,Inoc,A5,32C (heat stress),1,0,0,day_0
Plate 14_A5_Inoc_32C,Plate 14,H2-Inoc-32C,H2,Inoc,A5,32C (heat stress),1,3,0,day_3
Plate 14_A5_Inoc_32C,Plate 14,H2-Inoc-32C,H2,Inoc,A5,32C (heat stress),1,4,0,day_4
Plate 14_A5_Inoc_32C,Plate 14,H2-Inoc-32C,H2,Inoc,A5,32C (heat stress),1,5,edu,day_5
Plate 14_A5_Inoc_32C,Plate 14,H2-Inoc-32C,H2,Inoc,A5,32C (heat stress),1,6,edu,day_6
Plate 14_A5_Inoc_32C,Plate 14,H2-Inoc-32C,H2,Inoc,A5,32C (heat stress),1,7,edu,day_7
Plate 14_A5_Inoc_32C,Plate 14,H2-Inoc-32C,H2,Inoc,A5,32C (heat stress),1,8,edu,day_8
Plate 14_A5_Inoc_32C,Plate 14,H2-Inoc-32C,H2,Inoc,A5,32C (heat stress),1,9,edu,day_9
Plate 14_A5_Inoc_32C,Plate 14,H2-Inoc-32C,H2,Inoc,A5,32C (heat stress),1,10,edu,day_10
Plate 14_A5_Inoc_32C,Plate 14,H2-Inoc-32C,H2,Inoc,A5,32C (heat stress),1,11,edu,day_11
Plate 14_A5_Inoc_32C,Plate 14,H2-Inoc-32C,H2,Inoc,A5,32C (heat stress),1,13,edu,day_13
Plate 14_A5_Inoc_32C,Plate 14,H2-Inoc-32C,H2,Inoc,A5,32C (heat stress),1,14,edu,day_14
Plate 14_A5_Inoc_32C,Plate 14,H2-Inoc-32C,H2,Inoc,A5,32C (heat stress),1,21,edu,day_21
Plate 14_A6_Inoc_32C,Plate 14,H2-Inoc-32C,H2,Inoc,A6,32C (heat stress),1,0,0,day_0
Plate 14_A6_Inoc_32C,Plate 14,H2-Inoc-32C,H2,Inoc,A6,32C (heat stress),1,3,3,day_3
Plate 14_A6_Inoc_32C,Plate 14,H2-Inoc-32C,H2,Inoc,A6,32C (heat stress),1,4,0,day_4
Plate 14_A6_Inoc_32C,Plate 14,H2-Inoc-32C,H2,Inoc,A6,32C (heat stress),1,5,edu,day_5
Plate 14_A6_Inoc_32C,Plate 14,H2-Inoc-32C,H2,Inoc,A6,32C (heat stress),1,6,edu,day_6
Plate 14_A6_Inoc_32C,Plate 14,H2-Inoc-32C,H2,Inoc,A6,32C (heat stress),1,7,edu,day_7
Plate 14_A6_Inoc_32C,Plate 14,H2-Inoc-32C,H2,Inoc,A6,32C (heat stress),1,8,edu,day_8
Plate 14_A6_Inoc_32C,Plate 14,H2-Inoc-32C,H2,Inoc,A6,32C (heat stress),1,9,edu,day_9
Plate 14_A6_Inoc_32C,Plate 14,H2-Inoc-32C,H2,Inoc,A6,32C (heat stress),1,10,edu,day_10
Plate 14_A6_Inoc_32C,Plate 14,H2-Inoc-32C,H2,Inoc,A6,32C (heat stress),1,11,edu,day_11
Plate 14_A6_Inoc_32C,Plate 14,H2-Inoc-32C,H2,Inoc,A6,32C (heat stress),1,13,edu,day_13
Plate 14_A6_Inoc_32C,Plate 14,H2-Inoc-32C,H2,Inoc,A6,32C (heat stress),1,14,edu,day_14
Plate 14_A6_Inoc_32C,Plate 14,H2-Inoc-32C,H2,Inoc,A6,32C (heat stress),1,21,edu,day_21
Plate 14_B1_Inoc_32C,Plate 14,H2-Inoc-32C,H2,Inoc,B1,32C (heat stress),1,0,0,day_0
Plate 14_B1_Inoc_32C,Plate 14,H2-Inoc-32C,H2,Inoc,B1,32C (heat stress),1,3,0,day_3
Plate 14_B1_Inoc_32C,Plate 14,H2-Inoc-32C,H2,Inoc,B1,32C (heat stress),1,4,0,day_4
Plate 14_B1_Inoc_32C,Plate 14,H2-Inoc-32C,H2,Inoc,B1,32C (heat stress),1,5,edu,day_5
Plate 14_B1_Inoc_32C,Plate 14,H2-Inoc-32C,H2,Inoc,B1,32C (heat stress),1,6,edu,day_6
Plate 14_B1_Inoc_32C,Plate 14,H2-Inoc-32C,H2,Inoc,B1,32C (heat stress),1,7,edu,day_7
Plate 14_B1_Inoc_32C,Plate 14,H2-Inoc-32C,H2,Inoc,B1,32C (heat stress),1,8,edu,day_8
Plate 14_B1_Inoc_32C,Plate 14,H2-Inoc-32C,H2,Inoc,B1,32C (heat stress),1,9,edu,day_9
Plate 14_B1_Inoc_32C,Plate 14,H2-Inoc-32C,H2,Inoc,B1,32C (heat stress),1,10,edu,day_10
Plate 14_B1_Inoc_32C,Plate 14,H2-Inoc-32C,H2,Inoc,B1,32C (heat stress),1,11,edu,day_11
Plate 14_B1_Inoc_32C,Plate 14,H2-Inoc-32C,H2,Inoc,B1,32C (heat stress),1,13,edu,day_13
Plate 14_B1_Inoc_32C,Plate 14,H2-Inoc-32C,H2,Inoc,B1,32C (heat stress),1,14,edu,day_14
Plate 14_B1_Inoc_32C,Plate 14,H2-Inoc-32C,H2,Inoc,B1,32C (heat stress),1,21,edu,day_21
Plate 14_B2_Inoc_32C,Plate 14,H2-Inoc-32C,H2,Inoc,B2,32C (heat stress),1,0,0,day_0
Plate 14_B2_Inoc_32C,Plate 14,H2-Inoc-32C,H2,Inoc,B2,32C (heat stress),1,3,0,day_3
Plate 14_B2_Inoc_32C,Plate 14,H2-Inoc-32C,H2,Inoc,B2,32C (heat stress),1,4,0,day_4
Plate 14_B2_Inoc_32C,Plate 14,H2-Inoc-32C,H2,Inoc,B2,32C (heat stress),1,5,0,day_5
Plate 14_B2_Inoc_32C,Plate 14,H2-Inoc-32C,H2,Inoc,B2,32C (heat stress),1,6,0,day_6
Plate 14_B2_Inoc_32C,Plate 14,H2-Inoc-32C,H2,Inoc,B2,32C (heat stress),1,7,0,day_7
Plate 14_B2_Inoc_32C,Plate 14,H2-Inoc-32C,H2,Inoc,B2,32C (heat stress),1,8,4,day_8
Plate 14_B2_Inoc_32C,Plate 14,H2-Inoc-32C,H2,Inoc,B2,32C (heat stress),1,9,4,day_9
Plate 14_B2_Inoc_32C,Plate 14,H2-Inoc-32C,H2,Inoc,B2,32C (heat stress),1,10,4,day_10
Plate 14_B2_Inoc_32C,Plate 14,H2-Inoc-32C,H2,Inoc,B2,32C (heat stress),1,11,4,day_11
Plate 14_B2_Inoc_32C,Plate 14,H2-Inoc-32C,H2,Inoc,B2,32C (heat stress),1,13,na,day_13
Plate 14_B2_Inoc_32C,Plate 14,H2-Inoc-32C,H2,Inoc,B2,32C (heat stress),1,14,na,day_14
Plate 14_B2_Inoc_32C,Plate 14,H2-Inoc-32C,H2,Inoc,B2,32C (heat stress),1,21,na,day_21
Plate 14_B3_Inoc_32C,Plate 14,H2-Inoc-32C,H2,Inoc,B3,32C (heat stress),1,0,0,day_0
Plate 14_B3_Inoc_32C,Plate 14,H2-Inoc-32C,H2,Inoc,B3,32C (heat stress),1,3,0,day_3
Plate 14_B3_Inoc_32C,Plate 14,H2-Inoc-32C,H2,Inoc,B3,32C (heat stress),1,4,0,day_4
Plate 14_B3_Inoc_32C,Plate 14,H2-Inoc-32C,H2,Inoc,B3,32C (heat stress),1,5,0,day_5
Plate 14_B3_Inoc_32C,Plate 14,H2-Inoc-32C,H2,Inoc,B3,32C (heat stress),1,6,0,day_6
Plate 14_B3_Inoc_32C,Plate 14,H2-Inoc-32C,H2,Inoc,B3,32C (heat stress),1,7,na,day_7
Plate 14_B3_Inoc_32C,Plate 14,H2-Inoc-32C,H2,Inoc,B3,32C (heat stress),1,8,na,day_8
Plate 14_B3_Inoc_32C,Plate 14,H2-Inoc-32C,H2,Inoc,B3,32C (heat stress),1,9,na,day_9
Plate 14_B3_Inoc_32C,Plate 14,H2-Inoc-32C,H2,Inoc,B3,32C (heat stress),1,10,na,day_10
Plate 14_B3_Inoc_32C,Plate 14,H2-Inoc-32C,H2,Inoc,B3,32C (heat stress),1,11,na,day_11
Plate 14_B3_Inoc_32C,Plate 14,H2-Inoc-32C,H2,Inoc,B3,32C (heat stress),1,13,na,day_13
Plate 14_B3_Inoc_32C,Plate 14,H2-Inoc-32C,H2,Inoc,B3,32C (heat stress),1,14,na,day_14
Plate 14_B3_Inoc_32C,Plate 14,H2-Inoc-32C,H2,Inoc,B3,32C (heat stress),1,21,na,day_21
Plate 14_B4_Inoc_32C,Plate 14,H2-Inoc-32C,H2,Inoc,B4,32C (heat stress),1,0,0,day_0
Plate 14_B4_Inoc_32C,Plate 14,H2-Inoc-32C,H2,Inoc,B4,32C (heat stress),1,3,na,day_3
Plate 14_B4_Inoc_32C,Plate 14,H2-Inoc-32C,H2,Inoc,B4,32C (heat stress),1,4,na,day_4
Plate 14_B4_Inoc_32C,Plate 14,H2-Inoc-32C,H2,Inoc,B4,32C (heat stress),1,5,na,day_5
Plate 14_B4_Inoc_32C,Plate 14,H2-Inoc-32C,H2,Inoc,B4,32C (heat stress),1,6,na,day_6
Plate 14_B4_Inoc_32C,Plate 14,H2-Inoc-32C,H2,Inoc,B4,32C (heat stress),1,7,na,day_7
Plate 14_B4_Inoc_32C,Plate 14,H2-Inoc-32C,H2,Inoc,B4,32C (heat stress),1,8,na,day_8
Plate 14_B4_Inoc_32C,Plate 14,H2-Inoc-32C,H2,Inoc,B4,32C (heat stress),1,9,na,day_9
Plate 14_B4_Inoc_32C,Plate 14,H2-Inoc-32C,H2,Inoc,B4,32C (heat stress),1,10,na,day_10
Plate 14_B4_Inoc_32C,Plate 14,H2-Inoc-32C,H2,Inoc,B4,32C (heat stress),1,11,na,day_11
Plate 14_B4_Inoc_32C,Plate 14,H2-Inoc-32C,H2,Inoc,B4,32C (heat stress),1,13,na,day_13
Plate 14_B4_Inoc_32C,Plate 14,H2-Inoc-32C,H2,Inoc,B4,32C (heat stress),1,14,na,day_14
Plate 14_B4_Inoc_32C,Plate 14,H2-Inoc-32C,H2,Inoc,B4,32C (heat stress),1,21,na,day_21
Plate 14_B5_Inoc_32C,Plate 14,H2-Inoc-32C,H2,Inoc,B5,32C (heat stress),1,0,0,day_0
Plate 14_B5_Inoc_32C,Plate 14,H2-Inoc-32C,H2,Inoc,B5,32C (heat stress),1,3,0,day_3
Plate 14_B5_Inoc_32C,Plate 14,H2-Inoc-32C,H2,Inoc,B5,32C (heat stress),1,4,0,day_4
Plate 14_B5_Inoc_32C,Plate 14,H2-Inoc-32C,H2,Inoc,B5,32C (heat stress),1,5,6,day_5
Plate 14_B5_Inoc_32C,Plate 14,H2-Inoc-32C,H2,Inoc,B5,32C (heat stress),1,6,6,day_6
Plate 14_B5_Inoc_32C,Plate 14,H2-Inoc-32C,H2,Inoc,B5,32C (heat stress),1,7,6,day_7
Plate 14_B5_Inoc_32C,Plate 14,H2-Inoc-32C,H2,Inoc,B5,32C (heat stress),1,8,7,day_8
Plate 14_B5_Inoc_32C,Plate 14,H2-Inoc-32C,H2,Inoc,B5,32C (heat stress),1,9,7,day_9
Plate 14_B5_Inoc_32C,Plate 14,H2-Inoc-32C,H2,Inoc,B5,32C (heat stress),1,10,7,day_10
Plate 14_B5_Inoc_32C,Plate 14,H2-Inoc-32C,H2,Inoc,B5,32C (heat stress),1,11,7,day_11
Plate 14_B5_Inoc_32C,Plate 14,H2-Inoc-32C,H2,Inoc,B5,32C (heat stress),1,13,na,day_13
Plate 14_B5_Inoc_32C,Plate 14,H2-Inoc-32C,H2,Inoc,B5,32C (heat stress),1,14,na,day_14
Plate 14_B5_Inoc_32C,Plate 14,H2-Inoc-32C,H2,Inoc,B5,32C (heat stress),1,21,na,day_21
Plate 14_B6_Inoc_32C,Plate 14,H2-Inoc-32C,H2,Inoc,B6,32C (heat stress),1,0,0,day_0
Plate 14_B6_Inoc_32C,Plate 14,H2-Inoc-32C,H2,Inoc,B6,32C (heat stress),1,3,0,day_3
Plate 14_B6_Inoc_32C,Plate 14,H2-Inoc-32C,H2,Inoc,B6,32C (heat stress),1,4,0,day_4
Plate 14_B6_Inoc_32C,Plate 14,H2-Inoc-32C,H2,Inoc,B6,32C (heat stress),1,5,0,day_5
Plate 14_B6_Inoc_32C,Plate 14,H2-Inoc-32C,H2,Inoc,B6,32C (heat stress),1,6,0,day_6
Plate 14_B6_Inoc_32C,Plate 14,H2-Inoc-32C,H2,Inoc,B6,32C (heat stress),1,7,0,day_7
Plate 14_B6_Inoc_32C,Plate 14,H2-Inoc-32C,H2,Inoc,B6,32C (heat stress),1,8,0,day_8
Plate 14_B6_Inoc_32C,Plate 14,H2-Inoc-32C,H2,Inoc,B6,32C (heat stress),1,9,0,day_9
Plate 14_B6_Inoc_32C,Plate 14,H2-Inoc-32C,H2,Inoc,B6,32C (heat stress),1,10,0,day_10
Plate 14_B6_Inoc_32C,Plate 14,H2-Inoc-32C,H2,Inoc,B6,32C (heat stress),1,11,0,day_11
Plate 14_B6_Inoc_32C,Plate 14,H2-Inoc-32C,H2,Inoc,B6,32C (heat stress),1,13,0,day_13
Plate 14_B6_Inoc_32C,Plate 14,H2-Inoc-32C,H2,Inoc,B6,32C (heat stress),1,14,0,day_14
Plate 14_B6_Inoc_32C,Plate 14,H2-Inoc-32C,H2,Inoc,B6,32C (heat stress),1,21,0,day_21
Plate 14_C1_Inoc_32C,Plate 14,H2-Inoc-32C,H2,Inoc,C1,32C (heat stress),1,0,0,day_0
Plate 14_C1_Inoc_32C,Plate 14,H2-Inoc-32C,H2,Inoc,C1,32C (heat stress),1,3,0,day_3
Plate 14_C1_Inoc_32C,Plate 14,H2-Inoc-32C,H2,Inoc,C1,32C (heat stress),1,4,0,day_4
Plate 14_C1_Inoc_32C,Plate 14,H2-Inoc-32C,H2,Inoc,C1,32C (heat stress),1,5,0,day_5
Plate 14_C1_Inoc_32C,Plate 14,H2-Inoc-32C,H2,Inoc,C1,32C (heat stress),1,6,0,day_6
Plate 14_C1_Inoc_32C,Plate 14,H2-Inoc-32C,H2,Inoc,C1,32C (heat stress),1,7,na,day_7
Plate 14_C1_Inoc_32C,Plate 14,H2-Inoc-32C,H2,Inoc,C1,32C (heat stress),1,8,na,day_8
Plate 14_C1_Inoc_32C,Plate 14,H2-Inoc-32C,H2,Inoc,C1,32C (heat stress),1,9,na,day_9
Plate 14_C1_Inoc_32C,Plate 14,H2-Inoc-32C,H2,Inoc,C1,32C (heat stress),1,10,na,day_10
Plate 14_C1_Inoc_32C,Plate 14,H2-Inoc-32C,H2,Inoc,C1,32C (heat stress),1,11,na,day_11
Plate 14_C1_Inoc_32C,Plate 14,H2-Inoc-32C,H2,Inoc,C1,32C (heat stress),1,13,na,day_13
Plate 14_C1_Inoc_32C,Plate 14,H2-Inoc-32C,H2,Inoc,C1,32C (heat stress),1,14,na,day_14
Plate 14_C1_Inoc_32C,Plate 14,H2-Inoc-32C,H2,Inoc,C1,32C (heat stress),1,21,na,day_21
Plate 14_C2_Inoc_32C,Plate 14,H2-Inoc-32C,H2,Inoc,C2,32C (heat stress),1,0,0,day_0
Plate 14_C2_Inoc_32C,Plate 14,H2-Inoc-32C,H2,Inoc,C2,32C (heat stress),1,3,0,day_3
Plate 14_C2_Inoc_32C,Plate 14,H2-Inoc-32C,H2,Inoc,C2,32C (heat stress),1,4,0,day_4
Plate 14_C2_Inoc_32C,Plate 14,H2-Inoc-32C,H2,Inoc,C2,32C (heat stress),1,5,0,day_5
Plate 14_C2_Inoc_32C,Plate 14,H2-Inoc-32C,H2,Inoc,C2,32C (heat stress),1,6,0,day_6
Plate 14_C2_Inoc_32C,Plate 14,H2-Inoc-32C,H2,Inoc,C2,32C (heat stress),1,7,0,day_7
Plate 14_C2_Inoc_32C,Plate 14,H2-Inoc-32C,H2,Inoc,C2,32C (heat stress),1,8,edu,day_8
Plate 14_C2_Inoc_32C,Plate 14,H2-Inoc-32C,H2,Inoc,C2,32C (heat stress),1,9,edu,day_9
Plate 14_C2_Inoc_32C,Plate 14,H2-Inoc-32C,H2,Inoc,C2,32C (heat stress),1,10,edu,day_10
Plate 14_C2_Inoc_32C,Plate 14,H2-Inoc-32C,H2,Inoc,C2,32C (heat stress),1,11,edu,day_11
Plate 14_C2_Inoc_32C,Plate 14,H2-Inoc-32C,H2,Inoc,C2,32C (heat stress),1,13,edu,day_13
Plate 14_C2_Inoc_32C,Plate 14,H2-Inoc-32C,H2,Inoc,C2,32C (heat stress),1,14,edu,day_14
Plate 14_C2_Inoc_32C,Plate 14,H2-Inoc-32C,H2,Inoc,C2,32C (heat stress),1,21,edu,day_21
Plate 14_C3_Inoc_32C,Plate 14,H2-Inoc-32C,H2,Inoc,C3,32C (heat stress),1,0,0,day_0
Plate 14_C3_Inoc_32C,Plate 14,H2-Inoc-32C,H2,Inoc,C3,32C (heat stress),1,3,0,day_3
Plate 14_C3_Inoc_32C,Plate 14,H2-Inoc-32C,H2,Inoc,C3,32C (heat stress),1,4,0,day_4
Plate 14_C3_Inoc_32C,Plate 14,H2-Inoc-32C,H2,Inoc,C3,32C (heat stress),1,5,0,day_5
Plate 14_C3_Inoc_32C,Plate 14,H2-Inoc-32C,H2,Inoc,C3,32C (heat stress),1,6,0,day_6
Plate 14_C3_Inoc_32C,Plate 14,H2-Inoc-32C,H2,Inoc,C3,32C (heat stress),1,7,0,day_7
Plate 14_C3_Inoc_32C,Plate 14,H2-Inoc-32C,H2,Inoc,C3,32C (heat stress),1,8,edu,day_8
Plate 14_C3_Inoc_32C,Plate 14,H2-Inoc-32C,H2,Inoc,C3,32C (heat stress),1,9,edu,day_9
Plate 14_C3_Inoc_32C,Plate 14,H2-Inoc-32C,H2,Inoc,C3,32C (heat stress),1,10,edu,day_10
Plate 14_C3_Inoc_32C,Plate 14,H2-Inoc-32C,H2,Inoc,C3,32C (heat stress),1,11,edu,day_11
Plate 14_C3_Inoc_32C,Plate 14,H2-Inoc-32C,H2,Inoc,C3,32C (heat stress),1,13,edu,day_13
Plate 14_C3_Inoc_32C,Plate 14,H2-Inoc-32C,H2,Inoc,C3,32C (heat stress),1,14,edu,day_14
Plate 14_C3_Inoc_32C,Plate 14,H2-Inoc-32C,H2,Inoc,C3,32C (heat stress),1,21,edu,day_21
Plate 14_C4_Inoc_32C,Plate 14,H2-Inoc-32C,H2,Inoc,C4,32C (heat stress),1,0,0,day_0
Plate 14_C4_Inoc_32C,Plate 14,H2-Inoc-32C,H2,Inoc,C4,32C (heat stress),1,3,0,day_3
Plate 14_C4_Inoc_32C,Plate 14,H2-Inoc-32C,H2,Inoc,C4,32C (heat stress),1,4,0,day_4
Plate 14_C4_Inoc_32C,Plate 14,H2-Inoc-32C,H2,Inoc,C4,32C (heat stress),1,5,5,day_5
Plate 14_C4_Inoc_32C,Plate 14,H2-Inoc-32C,H2,Inoc,C4,32C (heat stress),1,6,5,day_6
Plate 14_C4_Inoc_32C,Plate 14,H2-Inoc-32C,H2,Inoc,C4,32C (heat stress),1,7,5,day_7
Plate 14_C4_Inoc_32C,Plate 14,H2-Inoc-32C,H2,Inoc,C4,32C (heat stress),1,8,edu,day_8
Plate 14_C4_Inoc_32C,Plate 14,H2-Inoc-32C,H2,Inoc,C4,32C (heat stress),1,9,edu,day_9
Plate 14_C4_Inoc_32C,Plate 14,H2-Inoc-32C,H2,Inoc,C4,32C (heat stress),1,10,edu,day_10
Plate 14_C4_Inoc_32C,Plate 14,H2-Inoc-32C,H2,Inoc,C4,32C (heat stress),1,11,edu,day_11
Plate 14_C4_Inoc_32C,Plate 14,H2-Inoc-32C,H2,Inoc,C4,32C (heat stress),1,13,edu,day_13
Plate 14_C4_Inoc_32C,Plate 14,H2-Inoc-32C,H2,Inoc,C4,32C (heat stress),1,14,edu,day_14
Plate 14_C4_Inoc_32C,Plate 14,H2-Inoc-32C,H2,Inoc,C4,32C (heat stress),1,21,edu,day_21
Plate 14_C5_Inoc_32C,Plate 14,H2-Inoc-32C,H2,Inoc,C5,32C (heat stress),1,0,0,day_0
Plate 14_C5_Inoc_32C,Plate 14,H2-Inoc-32C,H2,Inoc,C5,32C (heat stress),1,3,0,day_3
Plate 14_C5_Inoc_32C,Plate 14,H2-Inoc-32C,H2,Inoc,C5,32C (heat stress),1,4,0,day_4
Plate 14_C5_Inoc_32C,Plate 14,H2-Inoc-32C,H2,Inoc,C5,32C (heat stress),1,5,4,day_5
Plate 14_C5_Inoc_32C,Plate 14,H2-Inoc-32C,H2,Inoc,C5,32C (heat stress),1,6,4,day_6
Plate 14_C5_Inoc_32C,Plate 14,H2-Inoc-32C,H2,Inoc,C5,32C (heat stress),1,7,4,day_7
Plate 14_C5_Inoc_32C,Plate 14,H2-Inoc-32C,H2,Inoc,C5,32C (heat stress),1,8,edu,day_8
Plate 14_C5_Inoc_32C,Plate 14,H2-Inoc-32C,H2,Inoc,C5,32C (heat stress),1,9,edu,day_9
Plate 14_C5_Inoc_32C,Plate 14,H2-Inoc-32C,H2,Inoc,C5,32C (heat stress),1,10,edu,day_10
Plate 14_C5_Inoc_32C,Plate 14,H2-Inoc-32C,H2,Inoc,C5,32C (heat stress),1,11,edu,day_11
Plate 14_C5_Inoc_32C,Plate 14,H2-Inoc-32C,H2,Inoc,C5,32C (heat stress),1,13,edu,day_13
Plate 14_C5_Inoc_32C,Plate 14,H2-Inoc-32C,H2,Inoc,C5,32C (heat stress),1,14,edu,day_14
Plate 14_C5_Inoc_32C,Plate 14,H2-Inoc-32C,H2,Inoc,C5,32C (heat stress),1,21,edu,day_21
Plate 14_C6_Inoc_32C,Plate 14,H2-Inoc-32C,H2,Inoc,C6,32C (heat stress),1,0,0,day_0
Plate 14_C6_Inoc_32C,Plate 14,H2-Inoc-32C,H2,Inoc,C6,32C (heat stress),1,3,na,day_3
Plate 14_C6_Inoc_32C,Plate 14,H2-Inoc-32C,H2,Inoc,C6,32C (heat stress),1,4,na,day_4
Plate 14_C6_Inoc_32C,Plate 14,H2-Inoc-32C,H2,Inoc,C6,32C (heat stress),1,5,na,day_5
Plate 14_C6_Inoc_32C,Plate 14,H2-Inoc-32C,H2,Inoc,C6,32C (heat stress),1,6,na,day_6
Plate 14_C6_Inoc_32C,Plate 14,H2-Inoc-32C,H2,Inoc,C6,32C (heat stress),1,7,na,day_7
Plate 14_C6_Inoc_32C,Plate 14,H2-Inoc-32C,H2,Inoc,C6,32C (heat stress),1,8,na,day_8
Plate 14_C6_Inoc_32C,Plate 14,H2-Inoc-32C,H2,Inoc,C6,32C (heat stress),1,9,na,day_9
Plate 14_C6_Inoc_32C,Plate 14,H2-Inoc-32C,H2,Inoc,C6,32C (heat stress),1,10,na,day_10
Plate 14_C6_Inoc_32C,Plate 14,H2-Inoc-32C,H2,Inoc,C6,32C (heat stress),1,11,na,day_11
Plate 14_C6_Inoc_32C,Plate 14,H2-Inoc-32C,H2,Inoc,C6,32C (heat stress),1,13,na,day_13
Plate 14_C6_Inoc_32C,Plate 14,H2-Inoc-32C,H2,Inoc,C6,32C (heat stress),1,14,na,day_14
Plate 14_C6_Inoc_32C,Plate 14,H2-Inoc-32C,H2,Inoc,C6,32C (heat stress),1,21,na,day_21
Plate 14_D1_Inoc_32C,Plate 14,H2-Inoc-32C,H2,Inoc,D1,32C (heat stress),1,0,0,day_0
Plate 14_D1_Inoc_32C,Plate 14,H2-Inoc-32C,H2,Inoc,D1,32C (heat stress),1,3,0,day_3
Plate 14_D1_Inoc_32C,Plate 14,H2-Inoc-32C,H2,Inoc,D1,32C (heat stress),1,4,0,day_4
Plate 14_D1_Inoc_32C,Plate 14,H2-Inoc-32C,H2,Inoc,D1,32C (heat stress),1,5,0,day_5
Plate 14_D1_Inoc_32C,Plate 14,H2-Inoc-32C,H2,Inoc,D1,32C (heat stress),1,6,0,day_6
Plate 14_D1_Inoc_32C,Plate 14,H2-Inoc-32C,H2,Inoc,D1,32C (heat stress),1,7,0,day_7
Plate 14_D1_Inoc_32C,Plate 14,H2-Inoc-32C,H2,Inoc,D1,32C (heat stress),1,8,0,day_8
Plate 14_D1_Inoc_32C,Plate 14,H2-Inoc-32C,H2,Inoc,D1,32C (heat stress),1,9,5,day_9
Plate 14_D1_Inoc_32C,Plate 14,H2-Inoc-32C,H2,Inoc,D1,32C (heat stress),1,10,5,day_10
Plate 14_D1_Inoc_32C,Plate 14,H2-Inoc-32C,H2,Inoc,D1,32C (heat stress),1,11,5,day_11
Plate 14_D1_Inoc_32C,Plate 14,H2-Inoc-32C,H2,Inoc,D1,32C (heat stress),1,13,5,day_13
Plate 14_D1_Inoc_32C,Plate 14,H2-Inoc-32C,H2,Inoc,D1,32C (heat stress),1,14,na,day_14
Plate 14_D1_Inoc_32C,Plate 14,H2-Inoc-32C,H2,Inoc,D1,32C (heat stress),1,21,na,day_21
Plate 14_D2_Inoc_32C,Plate 14,H2-Inoc-32C,H2,Inoc,D2,32C (heat stress),1,0,0,day_0
Plate 14_D2_Inoc_32C,Plate 14,H2-Inoc-32C,H2,Inoc,D2,32C (heat stress),1,3,0,day_3
Plate 14_D2_Inoc_32C,Plate 14,H2-Inoc-32C,H2,Inoc,D2,32C (heat stress),1,4,0,day_4
Plate 14_D2_Inoc_32C,Plate 14,H2-Inoc-32C,H2,Inoc,D2,32C (heat stress),1,5,0,day_5
Plate 14_D2_Inoc_32C,Plate 14,H2-Inoc-32C,H2,Inoc,D2,32C (heat stress),1,6,0,day_6
Plate 14_D2_Inoc_32C,Plate 14,H2-Inoc-32C,H2,Inoc,D2,32C (heat stress),1,7,0,day_7
Plate 14_D2_Inoc_32C,Plate 14,H2-Inoc-32C,H2,Inoc,D2,32C (heat stress),1,8,0,day_8
Plate 14_D2_Inoc_32C,Plate 14,H2-Inoc-32C,H2,Inoc,D2,32C (heat stress),1,9,0,day_9
Plate 14_D2_Inoc_32C,Plate 14,H2-Inoc-32C,H2,Inoc,D2,32C (heat stress),1,10,0,day_10
Plate 14_D2_Inoc_32C,Plate 14,H2-Inoc-32C,H2,Inoc,D2,32C (heat stress),1,11,0,day_11
Plate 14_D2_Inoc_32C,Plate 14,H2-Inoc-32C,H2,Inoc,D2,32C (heat stress),1,13,na,day_13
Plate 14_D2_Inoc_32C,Plate 14,H2-Inoc-32C,H2,Inoc,D2,32C (heat stress),1,14,na,day_14
Plate 14_D2_Inoc_32C,Plate 14,H2-Inoc-32C,H2,Inoc,D2,32C (heat stress),1,21,na,day_21
Plate 14_D3_Inoc_32C,Plate 14,H2-Inoc-32C,H2,Inoc,D3,32C (heat stress),1,0,0,day_0
Plate 14_D3_Inoc_32C,Plate 14,H2-Inoc-32C,H2,Inoc,D3,32C (heat stress),1,3,na,day_3
Plate 14_D3_Inoc_32C,Plate 14,H2-Inoc-32C,H2,Inoc,D3,32C (heat stress),1,4,na,day_4
Plate 14_D3_Inoc_32C,Plate 14,H2-Inoc-32C,H2,Inoc,D3,32C (heat stress),1,5,na,day_5
Plate 14_D3_Inoc_32C,Plate 14,H2-Inoc-32C,H2,Inoc,D3,32C (heat stress),1,6,na,day_6
Plate 14_D3_Inoc_32C,Plate 14,H2-Inoc-32C,H2,Inoc,D3,32C (heat stress),1,7,na,day_7
Plate 14_D3_Inoc_32C,Plate 14,H2-Inoc-32C,H2,Inoc,D3,32C (heat stress),1,8,na,day_8
Plate 14_D3_Inoc_32C,Plate 14,H2-Inoc-32C,H2,Inoc,D3,32C (heat stress),1,9,na,day_9
Plate 14_D3_Inoc_32C,Plate 14,H2-Inoc-32C,H2,Inoc,D3,32C (heat stress),1,10,na,day_10
Plate 14_D3_Inoc_32C,Plate 14,H2-Inoc-32C,H2,Inoc,D3,32C (heat stress),1,11,na,day_11
Plate 14_D3_Inoc_32C,Plate 14,H2-Inoc-32C,H2,Inoc,D3,32C (heat stress),1,13,na,day_13
Plate 14_D3_Inoc_32C,Plate 14,H2-Inoc-32C,H2,Inoc,D3,32C (heat stress),1,14,na,day_14
Plate 14_D3_Inoc_32C,Plate 14,H2-Inoc-32C,H2,Inoc,D3,32C (heat stress),1,21,na,day_21
Plate 14_D4_Inoc_32C,Plate 14,H2-Inoc-32C,H2,Inoc,D4,32C (heat stress),1,0,0,day_0
Plate 14_D4_Inoc_32C,Plate 14,H2-Inoc-32C,H2,Inoc,D4,32C (heat stress),1,3,0,day_3
Plate 14_D4_Inoc_32C,Plate 14,H2-Inoc-32C,H2,Inoc,D4,32C (heat stress),1,4,0,day_4
Plate 14_D4_Inoc_32C,Plate 14,H2-Inoc-32C,H2,Inoc,D4,32C (heat stress),1,5,0,day_5
Plate 14_D4_Inoc_32C,Plate 14,H2-Inoc-32C,H2,Inoc,D4,32C (heat stress),1,6,0,day_6
Plate 14_D4_Inoc_32C,Plate 14,H2-Inoc-32C,H2,Inoc,D4,32C (heat stress),1,7,0,day_7
Plate 14_D4_Inoc_32C,Plate 14,H2-Inoc-32C,H2,Inoc,D4,32C (heat stress),1,8,0,day_8
Plate 14_D4_Inoc_32C,Plate 14,H2-Inoc-32C,H2,Inoc,D4,32C (heat stress),1,9,0,day_9
Plate 14_D4_Inoc_32C,Plate 14,H2-Inoc-32C,H2,Inoc,D4,32C (heat stress),1,10,0,day_10
Plate 14_D4_Inoc_32C,Plate 14,H2-Inoc-32C,H2,Inoc,D4,32C (heat stress),1,11,0,day_11
Plate 14_D4_Inoc_32C,Plate 14,H2-Inoc-32C,H2,Inoc,D4,32C (heat stress),1,13,0,day_13
Plate 14_D4_Inoc_32C,Plate 14,H2-Inoc-32C,H2,Inoc,D4,32C (heat stress),1,14,na,day_14
Plate 14_D4_Inoc_32C,Plate 14,H2-Inoc-32C,H2,Inoc,D4,32C (heat stress),1,21,na,day_21
Plate 14_D4_Inoc_32C,Plate 14,H2-Inoc-32C,H2,Inoc,D4,32C (heat stress),2,0,0,day_0
Plate 14_D4_Inoc_32C,Plate 14,H2-Inoc-32C,H2,Inoc,D4,32C (heat stress),2,3,na,day_3
Plate 14_D4_Inoc_32C,Plate 14,H2-Inoc-32C,H2,Inoc,D4,32C (heat stress),2,4,na,day_4
Plate 14_D4_Inoc_32C,Plate 14,H2-Inoc-32C,H2,Inoc,D4,32C (heat stress),2,5,na,day_5
Plate 14_D4_Inoc_32C,Plate 14,H2-Inoc-32C,H2,Inoc,D4,32C (heat stress),2,6,na,day_6
Plate 14_D4_Inoc_32C,Plate 14,H2-Inoc-32C,H2,Inoc,D4,32C (heat stress),2,7,na,day_7
Plate 14_D4_Inoc_32C,Plate 14,H2-Inoc-32C,H2,Inoc,D4,32C (heat stress),2,8,na,day_8
Plate 14_D4_Inoc_32C,Plate 14,H2-Inoc-32C,H2,Inoc,D4,32C (heat stress),2,9,na,day_9
Plate 14_D4_Inoc_32C,Plate 14,H2-Inoc-32C,H2,Inoc,D4,32C (heat stress),2,10,na,day_10
Plate 14_D4_Inoc_32C,Plate 14,H2-Inoc-32C,H2,Inoc,D4,32C (heat stress),2,11,na,day_11
Plate 14_D4_Inoc_32C,Plate 14,H2-Inoc-32C,H2,Inoc,D4,32C (heat stress),2,13,na,day_13
Plate 14_D4_Inoc_32C,Plate 14,H2-Inoc-32C,H2,Inoc,D4,32C (heat stress),2,14,na,day_14
Plate 14_D4_Inoc_32C,Plate 14,H2-Inoc-32C,H2,Inoc,D4,32C (heat stress),2,21,na,day_21
Plate 14_D5_Inoc_32C,Plate 14,H2-Inoc-32C,H2,Inoc,D5,32C (heat stress),1,0,0,day_0
Plate 14_D5_Inoc_32C,Plate 14,H2-Inoc-32C,H2,Inoc,D5,32C (heat stress),1,3,0,day_3
Plate 14_D5_Inoc_32C,Plate 14,H2-Inoc-32C,H2,Inoc,D5,32C (heat stress),1,4,0,day_4
Plate 14_D5_Inoc_32C,Plate 14,H2-Inoc-32C,H2,Inoc,D5,32C (heat stress),1,5,0,day_5
Plate 14_D5_Inoc_32C,Plate 14,H2-Inoc-32C,H2,Inoc,D5,32C (heat stress),1,6,5,day_6
Plate 14_D5_Inoc_32C,Plate 14,H2-Inoc-32C,H2,Inoc,D5,32C (heat stress),1,7,5,day_7
Plate 14_D5_Inoc_32C,Plate 14,H2-Inoc-32C,H2,Inoc,D5,32C (heat stress),1,8,7,day_8
Plate 14_D5_Inoc_32C,Plate 14,H2-Inoc-32C,H2,Inoc,D5,32C (heat stress),1,9,7,day_9
Plate 14_D5_Inoc_32C,Plate 14,H2-Inoc-32C,H2,Inoc,D5,32C (heat stress),1,10,7,day_10
Plate 14_D5_Inoc_32C,Plate 14,H2-Inoc-32C,H2,Inoc,D5,32C (heat stress),1,11,7,day_11
Plate 14_D5_Inoc_32C,Plate 14,H2-Inoc-32C,H2,Inoc,D5,32C (heat stress),1,13,7,day_13
Plate 14_D5_Inoc_32C,Plate 14,H2-Inoc-32C,H2,Inoc,D5,32C (heat stress),1,14,na,day_14
Plate 14_D5_Inoc_32C,Plate 14,H2-Inoc-32C,H2,Inoc,D5,32C (heat stress),1,21,na,day_21
Plate 14_D6_Inoc_32C,Plate 14,H2-Inoc-32C,H2,Inoc,D6,32C (heat stress),1,0,0,day_0
Plate 14_D6_Inoc_32C,Plate 14,H2-Inoc-32C,H2,Inoc,D6,32C (heat stress),1,3,na,day_3
Plate 14_D6_Inoc_32C,Plate 14,H2-Inoc-32C,H2,Inoc,D6,32C (heat stress),1,4,na,day_4
Plate 14_D6_Inoc_32C,Plate 14,H2-Inoc-32C,H2,Inoc,D6,32C (heat stress),1,5,na,day_5
Plate 14_D6_Inoc_32C,Plate 14,H2-Inoc-32C,H2,Inoc,D6,32C (heat stress),1,6,na,day_6
Plate 14_D6_Inoc_32C,Plate 14,H2-Inoc-32C,H2,Inoc,D6,32C (heat stress),1,7,na,day_7
Plate 14_D6_Inoc_32C,Plate 14,H2-Inoc-32C,H2,Inoc,D6,32C (heat stress),1,8,na,day_8
Plate 14_D6_Inoc_32C,Plate 14,H2-Inoc-32C,H2,Inoc,D6,32C (heat stress),1,9,na,day_9
Plate 14_D6_Inoc_32C,Plate 14,H2-Inoc-32C,H2,Inoc,D6,32C (heat stress),1,10,na,day_10
Plate 14_D6_Inoc_32C,Plate 14,H2-Inoc-32C,H2,Inoc,D6,32C (heat stress),1,11,na,day_11
Plate 14_D6_Inoc_32C,Plate 14,H2-Inoc-32C,H2,Inoc,D6,32C (heat stress),1,13,na,day_13
Plate 14_D6_Inoc_32C,Plate 14,H2-Inoc-32C,H2,Inoc,D6,32C (heat stress),1,14,na,day_14
Plate 14_D6_Inoc_32C,Plate 14,H2-Inoc-32C,H2,Inoc,D6,32C (heat stress),1,21,na,day_21